epoch,split,loss
0,train,1.2914650440216064
0,train,1.579638957977295
0,train,0.6987054944038391
0,train,1.194190502166748
0,train,0.6740732789039612
0,train,0.6051733493804932
0,train,0.6594709753990173
0,train,0.4428730010986328
0,train,0.8393973708152771
0,train,0.6819032430648804
0,train,0.45855191349983215
0,train,0.5533717274665833
0,train,0.40625715255737305
0,train,0.4225030541419983
0,train,0.31629228591918945
0,train,0.580436110496521
0,train,0.7192843556404114
0,train,0.4573574364185333
0,train,0.5802015066146851
0,train,0.8155234456062317
1,train,0.7820934653282166
1,train,0.7828402519226074
1,train,0.36002659797668457
1,train,0.5676373243331909
1,train,0.5329907536506653
1,train,0.475441575050354
1,train,0.45719456672668457
1,train,0.3843674063682556
1,train,0.5269850492477417
1,train,0.7997324466705322
1,train,0.7141618132591248
1,train,0.8842557668685913
1,train,0.8394741415977478
1,train,0.6341449022293091
1,train,0.4419713318347931
1,train,0.7478109002113342
1,train,0.5215033292770386
1,train,0.7190312743186951
1,train,0.4013434648513794
1,train,0.5814225077629089
2,train,0.5873151421546936
2,train,0.6850320100784302
2,train,0.5714439749717712
2,train,0.42704007029533386
2,train,0.6832560300827026
2,train,0.4434047341346741
2,train,0.4653427302837372
2,train,0.7139120101928711
2,train,0.5347742438316345
2,train,0.6788724660873413
2,train,0.43712255358695984
2,train,0.5897870659828186
2,train,0.2983977496623993
2,train,0.5747036933898926
2,train,0.2661204934120178
2,train,0.5786730051040649
2,train,0.3269353210926056
2,train,0.5637986063957214
2,train,0.5307811498641968
2,train,0.32999783754348755
3,train,0.5043858289718628
3,train,0.5144217610359192
3,train,0.22861294448375702
3,train,0.448184072971344
3,train,0.4261757731437683
3,train,0.4427928328514099
3,train,0.4674793481826782
3,train,0.3495851755142212
3,train,0.20824262499809265
3,train,0.4612411856651306
3,train,0.5927285552024841
3,train,0.3885018527507782
3,train,0.59562748670578
3,train,0.39891719818115234
3,train,0.3565155267715454
3,train,0.31976497173309326
3,train,0.4375322759151459
3,train,0.3488065302371979
3,train,0.2071419507265091
3,train,0.3864814043045044
4,train,0.3074412941932678
4,train,0.4109427332878113
4,train,0.45327770709991455
4,train,0.2845228314399719
4,train,0.49386778473854065
4,train,0.39530378580093384
4,train,0.3968275487422943
4,train,0.34952250123023987
4,train,0.44303473830223083
4,train,0.42374923825263977
4,train,0.2885081171989441
4,train,0.2920064926147461
4,train,0.3306048810482025
4,train,0.2818134129047394
4,train,0.4867246150970459
4,train,0.2861636281013489
4,train,0.36940300464630127
4,train,0.37503790855407715
4,train,0.4069407284259796
4,train,0.3165016174316406
5,train,0.39867091178894043
5,train,0.4090466797351837
5,train,0.3576112389564514
5,train,0.23561382293701172
5,train,0.2997060716152191
5,train,0.26099976897239685
5,train,0.26118791103363037
5,train,0.3717326819896698
5,train,0.3036450445652008
5,train,0.33595168590545654
5,train,0.290668785572052
5,train,0.30472129583358765
5,train,0.21269391477108002
5,train,0.26021048426628113
5,train,0.5697234272956848
5,train,0.4045131802558899
5,train,0.33110129833221436
5,train,0.24157115817070007
5,train,0.37453988194465637
5,train,0.24987882375717163
6,train,0.27491551637649536
6,train,0.3388308584690094
6,train,0.30079805850982666
6,train,0.35614120960235596
6,train,0.2226947546005249
6,train,0.2751568853855133
6,train,0.48799198865890503
6,train,0.34255844354629517
6,train,0.2341356724500656
6,train,0.25041884183883667
6,train,0.27947092056274414
6,train,0.22833892703056335
6,train,0.2841045558452606
6,train,0.3674715459346771
6,train,0.37979739904403687
6,train,0.21055808663368225
6,train,0.30786558985710144
6,train,0.2614678740501404
6,train,0.28060996532440186
6,train,0.2708359658718109
7,train,0.2567388415336609
7,train,0.3599361479282379
7,train,0.2274041622877121
7,train,0.22713583707809448
7,train,0.4199928939342499
7,train,0.354680597782135
7,train,0.3416216969490051
7,train,0.28071773052215576
7,train,0.329633891582489
7,train,0.48772937059402466
7,train,0.3226191997528076
7,train,0.24763619899749756
7,train,0.22848917543888092
7,train,0.21331250667572021
7,train,0.4066688120365143
7,train,0.27011358737945557
7,train,0.24043980240821838
7,train,0.2311432957649231
7,train,0.22648604214191437
7,train,0.3322679102420807
8,train,0.22327612340450287
8,train,0.4403691589832306
8,train,0.40832972526550293
8,train,0.20446276664733887
8,train,0.33239442110061646
8,train,0.2886356711387634
8,train,0.2768247127532959
8,train,0.20961061120033264
8,train,0.3347848057746887
8,train,0.20496386289596558
8,train,0.24651795625686646
8,train,0.3236986994743347
8,train,0.20229926705360413
8,train,0.28569960594177246
8,train,0.4614616930484772
8,train,0.2521713078022003
8,train,0.2192818820476532
8,train,0.2920747399330139
8,train,0.18725143373012543
8,train,0.24295076727867126
9,train,0.2149575650691986
9,train,0.2556222081184387
9,train,0.2540627121925354
9,train,0.23447942733764648
9,train,0.2122669517993927
9,train,0.22091639041900635
9,train,0.2048693746328354
9,train,0.2981608211994171
9,train,0.3361843526363373
9,train,0.21516525745391846
9,train,0.2680434584617615
9,train,0.24736300110816956
9,train,0.27930665016174316
9,train,0.2136719822883606
9,train,0.26876652240753174
9,train,0.2533946633338928
9,train,0.2921936810016632
9,train,0.4207565188407898
9,train,0.2802625000476837
9,train,0.3686426281929016
10,train,0.30409830808639526
10,train,0.2357099950313568
10,train,0.25293493270874023
10,train,0.2951611876487732
10,train,0.19877907633781433
10,train,0.18511629104614258
10,train,0.2569875717163086
10,train,0.18945543467998505
10,train,0.29406851530075073
10,train,0.25352373719215393
10,train,0.2998190224170685
10,train,0.21057607233524323
10,train,0.2513173818588257
10,train,0.20796453952789307
10,train,0.3243020176887512
10,train,0.2595866620540619
10,train,0.21481598913669586
10,train,0.214127779006958
10,train,0.20233659446239471
10,train,0.20309656858444214
11,train,0.26737186312675476
11,train,0.20380866527557373
11,train,0.24908456206321716
11,train,0.24511559307575226
11,train,0.23785972595214844
11,train,0.18384040892124176
11,train,0.2001866102218628
11,train,0.20558291673660278
11,train,0.31967854499816895
11,train,0.22069920599460602
11,train,0.30513444542884827
11,train,0.25138774514198303
11,train,0.2001391500234604
11,train,0.2049374133348465
11,train,0.20697104930877686
11,train,0.26486334204673767
11,train,0.32675132155418396
11,train,0.23056617379188538
11,train,0.22609014809131622
11,train,0.24634897708892822
12,train,0.250105082988739
12,train,0.2083207666873932
12,train,0.2509183883666992
12,train,0.18531671166419983
12,train,0.3123820126056671
12,train,0.25134027004241943
12,train,0.1828283667564392
12,train,0.31618058681488037
12,train,0.3934117257595062
12,train,0.3217954933643341
12,train,0.25335055589675903
12,train,0.2890784442424774
12,train,0.3071131706237793
12,train,0.18401771783828735
12,train,0.20396874845027924
12,train,0.18768273293972015
12,train,0.2827552258968353
12,train,0.20325246453285217
12,train,0.29313188791275024
12,train,0.30996009707450867
13,train,0.2333306223154068
13,train,0.19853773713111877
13,train,0.1698942631483078
13,train,0.17936740815639496
13,train,0.2526581883430481
13,train,0.2212187498807907
13,train,0.19612739980220795
13,train,0.38444364070892334
13,train,0.22782091796398163
13,train,0.22594593465328217
13,train,0.23288607597351074
13,train,0.2312406748533249
13,train,0.31541821360588074
13,train,0.3431316018104553
13,train,0.21300123631954193
13,train,0.29341357946395874
13,train,0.358903706073761
13,train,0.23617960512638092
13,train,0.2083919197320938
13,train,0.19793078303337097
14,train,0.3429824709892273
14,train,0.19767825305461884
14,train,0.2245895266532898
14,train,0.1887647807598114
14,train,0.27420371770858765
14,train,0.22053155303001404
14,train,0.2614448666572571
14,train,0.2581256628036499
14,train,0.23116643726825714
14,train,0.35048559308052063
14,train,0.28416067361831665
14,train,0.24429933726787567
14,train,0.207707941532135
14,train,0.19679774343967438
14,train,0.18721620738506317
14,train,0.2802993059158325
14,train,0.2136525958776474
14,train,0.24186503887176514
14,train,0.19497083127498627
14,train,0.28038448095321655
15,train,0.21059563755989075
15,train,0.17563863098621368
15,train,0.20629113912582397
15,train,0.2805587947368622
15,train,0.16744066774845123
15,train,0.22146828472614288
15,train,0.23804515600204468
15,train,0.17397601902484894
15,train,0.2874307334423065
15,train,0.21805399656295776
15,train,0.26075783371925354
15,train,0.3934427499771118
15,train,0.27278321981430054
15,train,0.221157968044281
15,train,0.2142568826675415
15,train,0.3783619999885559
15,train,0.20019499957561493
15,train,0.2591099739074707
15,train,0.23972532153129578
15,train,0.1906345784664154
16,train,0.24320568144321442
16,train,0.22348617017269135
16,train,0.2187272310256958
16,train,0.19943971931934357
16,train,0.17329742014408112
16,train,0.23641014099121094
16,train,0.3007008731365204
16,train,0.21595700085163116
16,train,0.27048614621162415
16,train,0.23556412756443024
16,train,0.26396316289901733
16,train,0.2014034539461136
16,train,0.26183733344078064
16,train,0.17999261617660522
16,train,0.1699834018945694
16,train,0.24070991575717926
16,train,0.19804896414279938
16,train,0.2571161985397339
16,train,0.27204594016075134
16,train,0.20429150760173798
17,train,0.20272687077522278
17,train,0.1718418449163437
17,train,0.20393767952919006
17,train,0.2500939667224884
17,train,0.20428290963172913
17,train,0.2775503993034363
17,train,0.27706843614578247
17,train,0.23110747337341309
17,train,0.18802320957183838
17,train,0.19584262371063232
17,train,0.2960393726825714
17,train,0.22820407152175903
17,train,0.40656769275665283
17,train,0.24031947553157806
17,train,0.3428802192211151
17,train,0.24790900945663452
17,train,0.18243029713630676
17,train,0.1746823638677597
17,train,0.21082304418087006
17,train,0.18633322417736053
18,train,0.2528911828994751
18,train,0.16768302023410797
18,train,0.18083982169628143
18,train,0.19684363901615143
18,train,0.24328097701072693
18,train,0.18030180037021637
18,train,0.19274236261844635
18,train,0.221302330493927
18,train,0.253940612077713
18,train,0.385256290435791
18,train,0.38320547342300415
18,train,0.25225698947906494
18,train,0.25977009534835815
18,train,0.15057361125946045
18,train,0.2199956774711609
18,train,0.2713017761707306
18,train,0.1838802695274353
18,train,0.20457400381565094
18,train,0.22462870180606842
18,train,0.24694539606571198
19,train,0.22219720482826233
19,train,0.26099756360054016
19,train,0.2768045663833618
19,train,0.25220805406570435
19,train,0.24123267829418182
19,train,0.20786583423614502
19,train,0.2279970496892929
19,train,0.24840465188026428
19,train,0.3063158690929413
19,train,0.1771206557750702
19,train,0.2078484147787094
19,train,0.1707123965024948
19,train,0.1798451691865921
19,train,0.23449252545833588
19,train,0.16531112790107727
19,train,0.2841392457485199
19,train,0.2095843255519867
19,train,0.17211788892745972
19,train,0.17863070964813232
19,train,0.24812118709087372
20,train,0.3153051733970642
20,train,0.2006053626537323
20,train,0.3054455518722534
20,train,0.1658574640750885
20,train,0.24701227247714996
20,train,0.2818846106529236
20,train,0.22916656732559204
20,train,0.24487240612506866
20,train,0.2450140416622162
20,train,0.19501516222953796
20,train,0.19904202222824097
20,train,0.2987031638622284
20,train,0.31400004029273987
20,train,0.169334277510643
20,train,0.18357513844966888
20,train,0.3066735863685608
20,train,0.20391878485679626
20,train,0.22724097967147827
20,train,0.292942076921463
20,train,0.27344509959220886
21,train,0.18448026478290558
21,train,0.23409323394298553
21,train,0.3297979533672333
21,train,0.16033582389354706
21,train,0.18440258502960205
21,train,0.23032251000404358
21,train,0.18428848683834076
21,train,0.2559244930744171
21,train,0.2553229331970215
21,train,0.27695634961128235
21,train,0.27781397104263306
21,train,0.21186746656894684
21,train,0.1785918027162552
21,train,0.20827750861644745
21,train,0.28550657629966736
21,train,0.2609142065048218
21,train,0.1863972246646881
21,train,0.2622752785682678
21,train,0.1916695237159729
21,train,0.22891460359096527
22,train,0.15479223430156708
22,train,0.20721270143985748
22,train,0.29423314332962036
22,train,0.2616179585456848
22,train,0.21043992042541504
22,train,0.25692281126976013
22,train,0.2648649215698242
22,train,0.2644880712032318
22,train,0.16824379563331604
22,train,0.17689090967178345
22,train,0.17371505498886108
22,train,0.3239811360836029
22,train,0.2637822926044464
22,train,0.21002402901649475
22,train,0.17156504094600677
22,train,0.3536142110824585
22,train,0.20405837893486023
22,train,0.2219739854335785
22,train,0.18351496756076813
22,train,0.18532465398311615
23,train,0.27861011028289795
23,train,0.21415096521377563
23,train,0.15335780382156372
23,train,0.24646684527397156
23,train,0.1816178858280182
23,train,0.22463156282901764
23,train,0.1649693101644516
23,train,0.2091740518808365
23,train,0.1647128164768219
23,train,0.269248366355896
23,train,0.23454596102237701
23,train,0.24149201810359955
23,train,0.21512357890605927
23,train,0.2953973412513733
23,train,0.26509591937065125
23,train,0.15506498515605927
23,train,0.21585774421691895
23,train,0.24631920456886292
23,train,0.24077385663986206
23,train,0.30662551522254944
24,train,0.21103809773921967
24,train,0.15657901763916016
24,train,0.18964456021785736
24,train,0.22073403000831604
24,train,0.19594869017601013
24,train,0.2080853432416916
24,train,0.21761725842952728
24,train,0.23881849646568298
24,train,0.1982254981994629
24,train,0.26061180233955383
24,train,0.227930948138237
24,train,0.16756531596183777
24,train,0.28515565395355225
24,train,0.19066400825977325
24,train,0.1554245501756668
24,train,0.21593570709228516
24,train,0.16124123334884644
24,train,0.1854962706565857
24,train,0.23093341290950775
24,train,0.24452675879001617
25,train,0.2662108838558197
25,train,0.20292548835277557
25,train,0.17364338040351868
25,train,0.20313113927841187
25,train,0.17647984623908997
25,train,0.22924259305000305
25,train,0.16293546557426453
25,train,0.2803861200809479
25,train,0.23629134893417358
25,train,0.20873267948627472
25,train,0.17286460101604462
25,train,0.23746871948242188
25,train,0.18857237696647644
25,train,0.23597723245620728
25,train,0.220463827252388
25,train,0.22594793140888214
25,train,0.230953648686409
25,train,0.18392090499401093
25,train,0.16445781290531158
25,train,0.19139257073402405
26,train,0.1650596559047699
26,train,0.18949906527996063
26,train,0.19276554882526398
26,train,0.20776031911373138
26,train,0.24266426265239716
26,train,0.2066078931093216
26,train,0.23561185598373413
26,train,0.21411830186843872
26,train,0.3286310136318207
26,train,0.1589355766773224
26,train,0.15414412319660187
26,train,0.18464182317256927
26,train,0.17652744054794312
26,train,0.2457687109708786
26,train,0.13039930164813995
26,train,0.2108936607837677
26,train,0.19885142147541046
26,train,0.24085432291030884
26,train,0.2963979244232178
26,train,0.2890271842479706
27,train,0.16131724417209625
27,train,0.17735041677951813
27,train,0.3356334865093231
27,train,0.20750151574611664
27,train,0.2909054756164551
27,train,0.2967950701713562
27,train,0.21281631290912628
27,train,0.21740762889385223
27,train,0.21106237173080444
27,train,0.2019377201795578
27,train,0.17242740094661713
27,train,0.19481134414672852
27,train,0.20172825455665588
27,train,0.18522416055202484
27,train,0.24813374876976013
27,train,0.17512807250022888
27,train,0.18632687628269196
27,train,0.18054302036762238
27,train,0.19843065738677979
27,train,0.2772071957588196
28,train,0.13607683777809143
28,train,0.2531477212905884
28,train,0.1931408941745758
28,train,0.18373939394950867
28,train,0.22991476953029633
28,train,0.15768858790397644
28,train,0.22259192168712616
28,train,0.15172740817070007
28,train,0.27248647809028625
28,train,0.26091116666793823
28,train,0.22448424994945526
28,train,0.1895454078912735
28,train,0.2770095765590668
28,train,0.2239075005054474
28,train,0.20002137124538422
28,train,0.19712725281715393
28,train,0.15480299293994904
28,train,0.22786635160446167
28,train,0.19997531175613403
28,train,0.3010576367378235
29,train,0.21489177644252777
29,train,0.3279910683631897
29,train,0.17850078642368317
29,train,0.17035965621471405
29,train,0.19608734548091888
29,train,0.17521832883358002
29,train,0.14769038558006287
29,train,0.14463414251804352
29,train,0.19522367417812347
29,train,0.170181542634964
29,train,0.28699058294296265
29,train,0.174369215965271
29,train,0.28614404797554016
29,train,0.16032925248146057
29,train,0.2514447569847107
29,train,0.2493564933538437
29,train,0.15847836434841156
29,train,0.16746121644973755
29,train,0.16302795708179474
29,train,0.15621504187583923
30,train,0.24820458889007568
30,train,0.1760295033454895
30,train,0.3334828317165375
30,train,0.24943606555461884
30,train,0.30327048897743225
30,train,0.1822083443403244
30,train,0.2705017030239105
30,train,0.18074527382850647
30,train,0.22779613733291626
30,train,0.17542482912540436
30,train,0.18419256806373596
30,train,0.13706539571285248
30,train,0.19718901813030243
30,train,0.2864464819431305
30,train,0.2847265303134918
30,train,0.16193249821662903
30,train,0.1739659309387207
30,train,0.21189013123512268
30,train,0.18082384765148163
30,train,0.15744605660438538
31,train,0.18399517238140106
31,train,0.1811523288488388
31,train,0.17986445128917694
31,train,0.17565268278121948
31,train,0.19650770723819733
31,train,0.17845742404460907
31,train,0.16641180217266083
31,train,0.16518869996070862
31,train,0.26486921310424805
31,train,0.20439763367176056
31,train,0.2654556930065155
31,train,0.1736791878938675
31,train,0.19922152161598206
31,train,0.24943837523460388
31,train,0.2846356928348541
31,train,0.22655735909938812
31,train,0.21811847388744354
31,train,0.19051311910152435
31,train,0.19034552574157715
31,train,0.29638999700546265
32,train,0.1909247785806656
32,train,0.23979133367538452
32,train,0.27778321504592896
32,train,0.22839514911174774
32,train,0.18808534741401672
32,train,0.1563187837600708
32,train,0.1734757274389267
32,train,0.1753436028957367
32,train,0.1508861780166626
32,train,0.19922548532485962
32,train,0.16971328854560852
32,train,0.187167227268219
32,train,0.18396338820457458
32,train,0.18929831683635712
32,train,0.19577226042747498
32,train,0.16202373802661896
32,train,0.15123772621154785
32,train,0.294098436832428
32,train,0.17592068016529083
32,train,0.2078394889831543
33,train,0.2591639459133148
33,train,0.3123273253440857
33,train,0.2620449364185333
33,train,0.25810015201568604
33,train,0.16920584440231323
33,train,0.15283967554569244
33,train,0.20414239168167114
33,train,0.23060379922389984
33,train,0.18335947394371033
33,train,0.21648265421390533
33,train,0.15499147772789001
33,train,0.1676359474658966
33,train,0.1614617109298706
33,train,0.16302834451198578
33,train,0.15907570719718933
33,train,0.1799786537885666
33,train,0.1738917976617813
33,train,0.28009524941444397
33,train,0.15016935765743256
33,train,0.17595374584197998
34,train,0.2678050696849823
34,train,0.1881127506494522
34,train,0.19815322756767273
34,train,0.2204800397157669
34,train,0.16098886728286743
34,train,0.28724566102027893
34,train,0.2566436231136322
34,train,0.15259315073490143
34,train,0.2334337830543518
34,train,0.21711575984954834
34,train,0.20670239627361298
34,train,0.18659503757953644
34,train,0.23098285496234894
34,train,0.2279159426689148
34,train,0.21476684510707855
34,train,0.21191608905792236
34,train,0.17637227475643158
34,train,0.2029324471950531
34,train,0.2066420018672943
34,train,0.21807587146759033
35,train,0.2546060383319855
35,train,0.16607436537742615
35,train,0.19126944243907928
35,train,0.1791800558567047
35,train,0.15231084823608398
35,train,0.1885949671268463
35,train,0.20977897942066193
35,train,0.17504610121250153
35,train,0.1593274623155594
35,train,0.20125500857830048
35,train,0.26885464787483215
35,train,0.16884806752204895
35,train,0.18303565680980682
35,train,0.1998715102672577
35,train,0.24184568226337433
35,train,0.2493712157011032
35,train,0.196466863155365
35,train,0.23033006489276886
35,train,0.29422932863235474
35,train,0.24179445207118988
36,train,0.22019705176353455
36,train,0.25295865535736084
36,train,0.16401444375514984
36,train,0.2608337700366974
36,train,0.24529850482940674
36,train,0.1868189573287964
36,train,0.1399126648902893
36,train,0.19507119059562683
36,train,0.2290787696838379
36,train,0.16760709881782532
36,train,0.1444128155708313
36,train,0.1790468990802765
36,train,0.20841145515441895
36,train,0.24935629963874817
36,train,0.21315060555934906
36,train,0.18442095816135406
36,train,0.1690237671136856
36,train,0.163516104221344
36,train,0.21331636607646942
36,train,0.20569103956222534
37,train,0.2913610339164734
37,train,0.15896598994731903
37,train,0.24225002527236938
37,train,0.15349410474300385
37,train,0.18043996393680573
37,train,0.17588676512241364
37,train,0.22406001389026642
37,train,0.17517539858818054
37,train,0.19445405900478363
37,train,0.19580228626728058
37,train,0.2336590439081192
37,train,0.21574364602565765
37,train,0.2822089195251465
37,train,0.20579522848129272
37,train,0.22159552574157715
37,train,0.14928819239139557
37,train,0.15326383709907532
37,train,0.1709907352924347
37,train,0.1655934751033783
37,train,0.25740882754325867
38,train,0.15267878770828247
38,train,0.2271408885717392
38,train,0.18564923107624054
38,train,0.16216686367988586
38,train,0.1525682955980301
38,train,0.2979523241519928
38,train,0.15825067460536957
38,train,0.16141554713249207
38,train,0.17872357368469238
38,train,0.17710743844509125
38,train,0.1627425104379654
38,train,0.15244601666927338
38,train,0.16834446787834167
38,train,0.1940617859363556
38,train,0.16285432875156403
38,train,0.2242734134197235
38,train,0.18864509463310242
38,train,0.15939395129680634
38,train,0.15401914715766907
38,train,0.2496054321527481
39,train,0.1603432595729828
39,train,0.20966550707817078
39,train,0.1978583186864853
39,train,0.1544508934020996
39,train,0.1952376514673233
39,train,0.20207512378692627
39,train,0.21823756396770477
39,train,0.18253646790981293
39,train,0.21762968599796295
39,train,0.23476572334766388
39,train,0.15927322208881378
39,train,0.18270614743232727
39,train,0.16350887715816498
39,train,0.1775743067264557
39,train,0.2548401951789856
39,train,0.16101209819316864
39,train,0.263923704624176
39,train,0.14343588054180145
39,train,0.28192436695098877
39,train,0.2430645227432251
40,train,0.20689734816551208
40,train,0.22803066670894623
40,train,0.1765470951795578
40,train,0.14932678639888763
40,train,0.24798503518104553
40,train,0.24999241530895233
40,train,0.23125383257865906
40,train,0.37229102849960327
40,train,0.16279268264770508
40,train,0.24351012706756592
40,train,0.18185356259346008
40,train,0.18075968325138092
40,train,0.2396720051765442
40,train,0.1902540773153305
40,train,0.15892919898033142
40,train,0.1815481334924698
40,train,0.17713364958763123
40,train,0.22787031531333923
40,train,0.20654460787773132
40,train,0.18344950675964355
41,train,0.1954847127199173
41,train,0.18485894799232483
41,train,0.15715186297893524
41,train,0.2305421531200409
41,train,0.22096428275108337
41,train,0.1834844946861267
41,train,0.21689797937870026
41,train,0.21907153725624084
41,train,0.28042685985565186
41,train,0.29184842109680176
41,train,0.1364232450723648
41,train,0.2697336673736572
41,train,0.24212971329689026
41,train,0.15031370520591736
41,train,0.246253103017807
41,train,0.18014341592788696
41,train,0.26819756627082825
41,train,0.24933312833309174
41,train,0.17242944240570068
41,train,0.1950293928384781
42,train,0.1501278132200241
42,train,0.18482276797294617
42,train,0.16481716930866241
42,train,0.2668134868144989
42,train,0.20507384836673737
42,train,0.14958281815052032
42,train,0.19270546734333038
42,train,0.2730645537376404
42,train,0.269024133682251
42,train,0.19871613383293152
42,train,0.19971439242362976
42,train,0.20359639823436737
42,train,0.21185924112796783
42,train,0.24762016534805298
42,train,0.20384982228279114
42,train,0.16070900857448578
42,train,0.2691330909729004
42,train,0.18473874032497406
42,train,0.2813586890697479
42,train,0.21876050531864166
43,train,0.25668972730636597
43,train,0.19422225654125214
43,train,0.14304883778095245
43,train,0.25784832239151
43,train,0.2211691439151764
43,train,0.19110387563705444
43,train,0.18868379294872284
43,train,0.19557900726795197
43,train,0.1871047168970108
43,train,0.2563159167766571
43,train,0.20766301453113556
43,train,0.1437838226556778
43,train,0.17912764847278595
43,train,0.16558602452278137
43,train,0.14199715852737427
43,train,0.18741394579410553
43,train,0.24988892674446106
43,train,0.22102585434913635
43,train,0.240417018532753
43,train,0.18320776522159576
44,train,0.27584514021873474
44,train,0.24060331284999847
44,train,0.23600409924983978
44,train,0.19110500812530518
44,train,0.1764315962791443
44,train,0.13772021234035492
44,train,0.19485090672969818
44,train,0.2077878713607788
44,train,0.2851368188858032
44,train,0.1466595083475113
44,train,0.17214970290660858
44,train,0.15547659993171692
44,train,0.24364513158798218
44,train,0.20491598546504974
44,train,0.2857414484024048
44,train,0.17796602845191956
44,train,0.22380073368549347
44,train,0.18332217633724213
44,train,0.2411971092224121
44,train,0.25369182229042053
45,train,0.2775445282459259
45,train,0.16375122964382172
45,train,0.17669011652469635
45,train,0.18158769607543945
45,train,0.17736835777759552
45,train,0.15860459208488464
45,train,0.19166997075080872
45,train,0.15555918216705322
45,train,0.1615234613418579
45,train,0.17889851331710815
45,train,0.19992698729038239
45,train,0.1482638567686081
45,train,0.15308934450149536
45,train,0.19940853118896484
45,train,0.16281576454639435
45,train,0.20478412508964539
45,train,0.21399511396884918
45,train,0.18681995570659637
45,train,0.15882527828216553
45,train,0.24456682801246643
46,train,0.16146807372570038
46,train,0.18349306285381317
46,train,0.24159307777881622
46,train,0.2079387903213501
46,train,0.1427871137857437
46,train,0.24258598685264587
46,train,0.19974933564662933
46,train,0.2759525179862976
46,train,0.18980219960212708
46,train,0.15328700840473175
46,train,0.21293610334396362
46,train,0.1789630800485611
46,train,0.29673710465431213
46,train,0.23217730224132538
46,train,0.19688387215137482
46,train,0.17998698353767395
46,train,0.2351963073015213
46,train,0.16778668761253357
46,train,0.26483669877052307
46,train,0.2139565795660019
47,train,0.1743553876876831
47,train,0.21771550178527832
47,train,0.23871788382530212
47,train,0.1689278781414032
47,train,0.2813311219215393
47,train,0.22515803575515747
47,train,0.19364027678966522
47,train,0.19142991304397583
47,train,0.14889033138751984
47,train,0.18351030349731445
47,train,0.22716422379016876
47,train,0.1938101053237915
47,train,0.20305302739143372
47,train,0.217518612742424
47,train,0.23495648801326752
47,train,0.18013951182365417
47,train,0.23698657751083374
47,train,0.19085705280303955
47,train,0.1903240829706192
47,train,0.13708244264125824
48,train,0.16583667695522308
48,train,0.20512114465236664
48,train,0.16525012254714966
48,train,0.16312146186828613
48,train,0.15747852623462677
48,train,0.23876506090164185
48,train,0.2063276618719101
48,train,0.16015061736106873
48,train,0.18447375297546387
48,train,0.18546906113624573
48,train,0.16534104943275452
48,train,0.1725086271762848
48,train,0.2572122812271118
48,train,0.17681007087230682
48,train,0.19560015201568604
48,train,0.1550944298505783
48,train,0.15192468464374542
48,train,0.3059709370136261
48,train,0.16274333000183105
48,train,0.21809253096580505
49,train,0.2233750969171524
49,train,0.2412620335817337
49,train,0.23289719223976135
49,train,0.18921323120594025
49,train,0.16779457032680511
49,train,0.19845996797084808
49,train,0.1597951501607895
49,train,0.15654106438159943
49,train,0.2037442922592163
49,train,0.1729758232831955
49,train,0.14279457926750183
49,train,0.16846083104610443
49,train,0.18006253242492676
49,train,0.16139449179172516
49,train,0.2489805966615677
49,train,0.1604173481464386
49,train,0.2296924889087677
49,train,0.2561607360839844
49,train,0.194474458694458
49,train,0.22427409887313843
50,train,0.2781184911727905
50,train,0.16043762862682343
50,train,0.16532506048679352
50,train,0.16471798717975616
50,train,0.15115052461624146
50,train,0.28796330094337463
50,train,0.19620586931705475
50,train,0.180530846118927
50,train,0.22698259353637695
50,train,0.15809446573257446
50,train,0.18799269199371338
50,train,0.16016770899295807
50,train,0.18668816983699799
50,train,0.19748541712760925
50,train,0.2601979374885559
50,train,0.20617477595806122
50,train,0.15989302098751068
50,train,0.21303023397922516
50,train,0.18708966672420502
50,train,0.2609148919582367
51,train,0.21444369852542877
51,train,0.2507599890232086
51,train,0.14278440177440643
51,train,0.16668333113193512
51,train,0.20723146200180054
51,train,0.21082502603530884
51,train,0.1497276872396469
51,train,0.1754913330078125
51,train,0.2381836622953415
51,train,0.21913103759288788
51,train,0.24959543347358704
51,train,0.21003228425979614
51,train,0.1557655930519104
51,train,0.21089129149913788
51,train,0.23511648178100586
51,train,0.1746448129415512
51,train,0.17466232180595398
51,train,0.1765052229166031
51,train,0.1886277049779892
51,train,0.16540637612342834
52,train,0.22817659378051758
52,train,0.22037260234355927
52,train,0.15519678592681885
52,train,0.17440353333950043
52,train,0.18098941445350647
52,train,0.1924012005329132
52,train,0.16257165372371674
52,train,0.22181126475334167
52,train,0.2618533968925476
52,train,0.22751811146736145
52,train,0.17919939756393433
52,train,0.16814854741096497
52,train,0.14989545941352844
52,train,0.2281428426504135
52,train,0.1613643765449524
52,train,0.17799675464630127
52,train,0.15541714429855347
52,train,0.15240910649299622
52,train,0.25926223397254944
52,train,0.21062861382961273
53,train,0.18626616895198822
53,train,0.19917793571949005
53,train,0.16705679893493652
53,train,0.14410282671451569
53,train,0.15003439784049988
53,train,0.19713419675827026
53,train,0.17189298570156097
53,train,0.15590959787368774
53,train,0.14482878148555756
53,train,0.1510213315486908
53,train,0.14421014487743378
53,train,0.2193528115749359
53,train,0.21579362452030182
53,train,0.2157396525144577
53,train,0.17355431616306305
53,train,0.21596893668174744
53,train,0.13017483055591583
53,train,0.20134416222572327
53,train,0.1638287603855133
53,train,0.17975836992263794
54,train,0.152481347322464
54,train,0.19874447584152222
54,train,0.16442787647247314
54,train,0.17065995931625366
54,train,0.16537857055664062
54,train,0.20065152645111084
54,train,0.15917721390724182
54,train,0.16169968247413635
54,train,0.22205477952957153
54,train,0.16604027152061462
54,train,0.1619606763124466
54,train,0.24213673174381256
54,train,0.2035837024450302
54,train,0.20007836818695068
54,train,0.1706051230430603
54,train,0.1731245219707489
54,train,0.15964502096176147
54,train,0.18657337129116058
54,train,0.12778916954994202
54,train,0.1751234531402588
55,train,0.23249363899230957
55,train,0.1438276469707489
55,train,0.2671246826648712
55,train,0.2034800946712494
55,train,0.2027999609708786
55,train,0.2500227093696594
55,train,0.24226263165473938
55,train,0.1795245260000229
55,train,0.1562931090593338
55,train,0.25454068183898926
55,train,0.2809009850025177
55,train,0.23559896647930145
55,train,0.17442940175533295
55,train,0.17678771913051605
55,train,0.1595185399055481
55,train,0.2457232028245926
55,train,0.1933089643716812
55,train,0.18799880146980286
55,train,0.21436826884746552
55,train,0.2884872853755951
56,train,0.15846256911754608
56,train,0.14596162736415863
56,train,0.16974321007728577
56,train,0.16216333210468292
56,train,0.15837988257408142
56,train,0.1766204982995987
56,train,0.1817493438720703
56,train,0.2178635597229004
56,train,0.14419476687908173
56,train,0.2988486588001251
56,train,0.2032199501991272
56,train,0.2370474487543106
56,train,0.1751680225133896
56,train,0.16975180804729462
56,train,0.15341854095458984
56,train,0.16277241706848145
56,train,0.19987130165100098
56,train,0.20221789181232452
56,train,0.1389496773481369
56,train,0.17915214598178864
57,train,0.2087915539741516
57,train,0.23134347796440125
57,train,0.16208986937999725
57,train,0.14286170899868011
57,train,0.1726413071155548
57,train,0.1693372279405594
57,train,0.17775070667266846
57,train,0.1619560718536377
57,train,0.15425463020801544
57,train,0.14572465419769287
57,train,0.2116725891828537
57,train,0.141726553440094
57,train,0.21145135164260864
57,train,0.13143831491470337
57,train,0.19681860506534576
57,train,0.2313040941953659
57,train,0.24810029566287994
57,train,0.14857065677642822
57,train,0.23994538187980652
57,train,0.19832593202590942
58,train,0.16884800791740417
58,train,0.2400473803281784
58,train,0.17149269580841064
58,train,0.15581268072128296
58,train,0.25082188844680786
58,train,0.23384669423103333
58,train,0.17217229306697845
58,train,0.14840056002140045
58,train,0.1713200956583023
58,train,0.1971379518508911
58,train,0.2515195906162262
58,train,0.18568232655525208
58,train,0.14557301998138428
58,train,0.24271030724048615
58,train,0.27086955308914185
58,train,0.19088317453861237
58,train,0.20844221115112305
58,train,0.22642077505588531
58,train,0.21394218504428864
58,train,0.2831974923610687
59,train,0.17234618961811066
59,train,0.16742926836013794
59,train,0.20072871446609497
59,train,0.15151306986808777
59,train,0.14084124565124512
59,train,0.24039828777313232
59,train,0.2548699975013733
59,train,0.1730928272008896
59,train,0.20914117991924286
59,train,0.24364103376865387
59,train,0.20288042724132538
59,train,0.20983444154262543
59,train,0.18618452548980713
59,train,0.21376654505729675
59,train,0.1705249696969986
59,train,0.27868303656578064
59,train,0.18533407151699066
59,train,0.21518662571907043
59,train,0.20197118818759918
59,train,0.174335315823555
60,train,0.17474471032619476
60,train,0.1365334540605545
60,train,0.2035311609506607
60,train,0.26368552446365356
60,train,0.253471702337265
60,train,0.1561460942029953
60,train,0.18174715340137482
60,train,0.21087220311164856
60,train,0.23679983615875244
60,train,0.15511713922023773
60,train,0.21869292855262756
60,train,0.15931779146194458
60,train,0.17385977506637573
60,train,0.18475942313671112
60,train,0.15087537467479706
60,train,0.20625868439674377
60,train,0.1917770504951477
60,train,0.2413487732410431
60,train,0.19224686920642853
60,train,0.18192392587661743
61,train,0.18829546868801117
61,train,0.26921260356903076
61,train,0.16854149103164673
61,train,0.19546474516391754
61,train,0.18499289453029633
61,train,0.16461199522018433
61,train,0.15796679258346558
61,train,0.14591513574123383
61,train,0.1701604574918747
61,train,0.1859637349843979
61,train,0.18779179453849792
61,train,0.23148047924041748
61,train,0.14971742033958435
61,train,0.16054660081863403
61,train,0.23120878636837006
61,train,0.14457157254219055
61,train,0.21137627959251404
61,train,0.14930908381938934
61,train,0.15022234618663788
61,train,0.15224780142307281
62,train,0.19637642800807953
62,train,0.17243756353855133
62,train,0.2206633985042572
62,train,0.22534117102622986
62,train,0.17088574171066284
62,train,0.22829410433769226
62,train,0.1926274597644806
62,train,0.14990897476673126
62,train,0.22314797341823578
62,train,0.2080865353345871
62,train,0.21713297069072723
62,train,0.20535820722579956
62,train,0.13972169160842896
62,train,0.14511336386203766
62,train,0.15338316559791565
62,train,0.1987919956445694
62,train,0.223041370511055
62,train,0.15990319848060608
62,train,0.14244455099105835
62,train,0.14889447391033173
63,train,0.18321314454078674
63,train,0.16734497249126434
63,train,0.20911835134029388
63,train,0.1493343561887741
63,train,0.1850871592760086
63,train,0.15475782752037048
63,train,0.19832466542720795
63,train,0.18349146842956543
63,train,0.1992049217224121
63,train,0.14979690313339233
63,train,0.1699543446302414
63,train,0.2649065852165222
63,train,0.2381834089756012
63,train,0.18982689082622528
63,train,0.14612460136413574
63,train,0.24144510924816132
63,train,0.2095494121313095
63,train,0.17776739597320557
63,train,0.14530737698078156
63,train,0.21180497109889984
64,train,0.1795593798160553
64,train,0.1571211814880371
64,train,0.13104170560836792
64,train,0.16016897559165955
64,train,0.16005633771419525
64,train,0.18518675863742828
64,train,0.1870196908712387
64,train,0.1333821415901184
64,train,0.17205387353897095
64,train,0.22213025391101837
64,train,0.15406429767608643
64,train,0.2034442126750946
64,train,0.25244513154029846
64,train,0.26369673013687134
64,train,0.13535794615745544
64,train,0.1461278349161148
64,train,0.2252633273601532
64,train,0.2730582654476166
64,train,0.14189116656780243
64,train,0.1459716111421585
65,train,0.12424881011247635
65,train,0.1799236238002777
65,train,0.18000756204128265
65,train,0.1606162190437317
65,train,0.23553183674812317
65,train,0.13416042923927307
65,train,0.12816214561462402
65,train,0.24078327417373657
65,train,0.18921464681625366
65,train,0.17560222744941711
65,train,0.22163887321949005
65,train,0.2628806233406067
65,train,0.1943684220314026
65,train,0.1869824081659317
65,train,0.22951439023017883
65,train,0.2163591980934143
65,train,0.2479732632637024
65,train,0.19933944940567017
65,train,0.15464045107364655
65,train,0.16402238607406616
66,train,0.18816614151000977
66,train,0.2930561602115631
66,train,0.25667887926101685
66,train,0.15687859058380127
66,train,0.16178961098194122
66,train,0.2655494213104248
66,train,0.1554088443517685
66,train,0.19818595051765442
66,train,0.16662591695785522
66,train,0.1477908343076706
66,train,0.1678796112537384
66,train,0.20898929238319397
66,train,0.21433638036251068
66,train,0.15652094781398773
66,train,0.16159601509571075
66,train,0.2536628246307373
66,train,0.2486352026462555
66,train,0.17051193118095398
66,train,0.21624913811683655
66,train,0.25631478428840637
67,train,0.14020153880119324
67,train,0.2088756114244461
67,train,0.1804383248090744
67,train,0.24249544739723206
67,train,0.17768844962120056
67,train,0.2096651792526245
67,train,0.3172338604927063
67,train,0.14507171511650085
67,train,0.1547861248254776
67,train,0.15245108306407928
67,train,0.14486931264400482
67,train,0.199910968542099
67,train,0.18345043063163757
67,train,0.25097543001174927
67,train,0.1409679651260376
67,train,0.1432681381702423
67,train,0.24137118458747864
67,train,0.21644556522369385
67,train,0.1413823664188385
67,train,0.1407901495695114
68,train,0.1879306584596634
68,train,0.28592532873153687
68,train,0.17481957376003265
68,train,0.2687474489212036
68,train,0.15028807520866394
68,train,0.1590961068868637
68,train,0.1568475216627121
68,train,0.1620163917541504
68,train,0.14434489607810974
68,train,0.24426038563251495
68,train,0.210475355386734
68,train,0.21250896155834198
68,train,0.1535642445087433
68,train,0.25469809770584106
68,train,0.181936576962471
68,train,0.1848801076412201
68,train,0.14882580935955048
68,train,0.17774337530136108
68,train,0.18519610166549683
68,train,0.1663610190153122
69,train,0.2529522776603699
69,train,0.14067189395427704
69,train,0.2045789510011673
69,train,0.1829044073820114
69,train,0.21809779107570648
69,train,0.19463525712490082
69,train,0.14051343500614166
69,train,0.15699876844882965
69,train,0.15933403372764587
69,train,0.24998854100704193
69,train,0.13341763615608215
69,train,0.24569693207740784
69,train,0.18984565138816833
69,train,0.21678149700164795
69,train,0.14217080175876617
69,train,0.1879495233297348
69,train,0.18069769442081451
69,train,0.2732444703578949
69,train,0.24276919662952423
69,train,0.17436523735523224
70,train,0.15697908401489258
70,train,0.16212941706180573
70,train,0.2341652512550354
70,train,0.23417648673057556
70,train,0.2500726282596588
70,train,0.13682711124420166
70,train,0.2482636570930481
70,train,0.1565510332584381
70,train,0.18995831906795502
70,train,0.24270328879356384
70,train,0.2729187607765198
70,train,0.20138566195964813
70,train,0.20085926353931427
70,train,0.16446371376514435
70,train,0.14424404501914978
70,train,0.172941192984581
70,train,0.12177852541208267
70,train,0.27667897939682007
70,train,0.19825975596904755
70,train,0.1879202127456665
71,train,0.17899879813194275
71,train,0.1475171595811844
71,train,0.1616414338350296
71,train,0.26007068157196045
71,train,0.16298305988311768
71,train,0.15843552350997925
71,train,0.17757408320903778
71,train,0.21682162582874298
71,train,0.19029420614242554
71,train,0.23657715320587158
71,train,0.19028151035308838
71,train,0.20805880427360535
71,train,0.1952725499868393
71,train,0.17230373620986938
71,train,0.14785586297512054
71,train,0.240727961063385
71,train,0.15425948798656464
71,train,0.16230234503746033
71,train,0.13909539580345154
71,train,0.17668236792087555
72,train,0.19932852685451508
72,train,0.1912454068660736
72,train,0.14272844791412354
72,train,0.25411900877952576
72,train,0.29213839769363403
72,train,0.2843034565448761
72,train,0.17328138649463654
72,train,0.24198614060878754
72,train,0.17083235085010529
72,train,0.1628277748823166
72,train,0.24371948838233948
72,train,0.19477346539497375
72,train,0.14020845293998718
72,train,0.1739601045846939
72,train,0.1381683200597763
72,train,0.15386652946472168
72,train,0.17341642081737518
72,train,0.19667284190654755
72,train,0.16396673023700714
72,train,0.25887593626976013
73,train,0.19062140583992004
73,train,0.1791066974401474
73,train,0.17990875244140625
73,train,0.2235574573278427
73,train,0.1843569278717041
73,train,0.19777756929397583
73,train,0.16317954659461975
73,train,0.16308251023292542
73,train,0.30328354239463806
73,train,0.20098859071731567
73,train,0.22783499956130981
73,train,0.21532905101776123
73,train,0.13907741010189056
73,train,0.16078992187976837
73,train,0.1798933446407318
73,train,0.1537216305732727
73,train,0.21566253900527954
73,train,0.14682433009147644
73,train,0.20714765787124634
73,train,0.134619802236557
74,train,0.15015028417110443
74,train,0.17517563700675964
74,train,0.17988060414791107
74,train,0.15225505828857422
74,train,0.14856013655662537
74,train,0.14779217541217804
74,train,0.1512833833694458
74,train,0.24257542192935944
74,train,0.17289763689041138
74,train,0.13111141324043274
74,train,0.17014846205711365
74,train,0.18882036209106445
74,train,0.20368559658527374
74,train,0.18508726358413696
74,train,0.17473560571670532
74,train,0.21432191133499146
74,train,0.21674410998821259
74,train,0.17087242007255554
74,train,0.1861901730298996
74,train,0.24046815931797028
75,train,0.28128519654273987
75,train,0.15308062732219696
75,train,0.21621066331863403
75,train,0.18561838567256927
75,train,0.16617518663406372
75,train,0.14485050737857819
75,train,0.1342235654592514
75,train,0.22728751599788666
75,train,0.22060754895210266
75,train,0.17184993624687195
75,train,0.19486913084983826
75,train,0.1666618138551712
75,train,0.25349104404449463
75,train,0.14832769334316254
75,train,0.26701855659484863
75,train,0.17563101649284363
75,train,0.18874035775661469
75,train,0.16360729932785034
75,train,0.14151068031787872
75,train,0.19157674908638
76,train,0.15389928221702576
76,train,0.18735924363136292
76,train,0.25461551547050476
76,train,0.16429664194583893
76,train,0.15094822645187378
76,train,0.20249022543430328
76,train,0.14236190915107727
76,train,0.12848611176013947
76,train,0.3043990433216095
76,train,0.18019497394561768
76,train,0.19889365136623383
76,train,0.17309869825839996
76,train,0.14566759765148163
76,train,0.2075178325176239
76,train,0.1386602520942688
76,train,0.13399314880371094
76,train,0.15574507415294647
76,train,0.1886417716741562
76,train,0.16993148624897003
76,train,0.15662002563476562
77,train,0.19258834421634674
77,train,0.16906292736530304
77,train,0.16819164156913757
77,train,0.1409117579460144
77,train,0.13044939935207367
77,train,0.1914903074502945
77,train,0.1447243094444275
77,train,0.20481091737747192
77,train,0.14632762968540192
77,train,0.1529058814048767
77,train,0.16145916283130646
77,train,0.19553814828395844
77,train,0.13558538258075714
77,train,0.19070012867450714
77,train,0.23358683288097382
77,train,0.20722201466560364
77,train,0.22976577281951904
77,train,0.17040833830833435
77,train,0.1456364244222641
77,train,0.1467084288597107
78,train,0.12104568630456924
78,train,0.16013848781585693
78,train,0.1725747436285019
78,train,0.19851422309875488
78,train,0.24266822636127472
78,train,0.1670471429824829
78,train,0.14378945529460907
78,train,0.1488969624042511
78,train,0.22439813613891602
78,train,0.1657237857580185
78,train,0.18406444787979126
78,train,0.17181570827960968
78,train,0.13047264516353607
78,train,0.2219107449054718
78,train,0.1820254772901535
78,train,0.15452724695205688
78,train,0.25287333130836487
78,train,0.15919706225395203
78,train,0.19725635647773743
78,train,0.15406927466392517
79,train,0.13515549898147583
79,train,0.14644457399845123
79,train,0.13989992439746857
79,train,0.16238750517368317
79,train,0.18624247610569
79,train,0.23320603370666504
79,train,0.1467893272638321
79,train,0.17226560413837433
79,train,0.1499287188053131
79,train,0.2201462984085083
79,train,0.20891030132770538
79,train,0.21207059919834137
79,train,0.13414248824119568
79,train,0.1978245973587036
79,train,0.2036638706922531
79,train,0.14011140167713165
79,train,0.19706358015537262
79,train,0.19079670310020447
79,train,0.14620231091976166
79,train,0.20377589762210846
80,train,0.15135258436203003
80,train,0.1574918031692505
80,train,0.1577768176794052
80,train,0.13504928350448608
80,train,0.21244096755981445
80,train,0.1814272403717041
80,train,0.17304584383964539
80,train,0.22218619287014008
80,train,0.15784667432308197
80,train,0.20326738059520721
80,train,0.1841057687997818
80,train,0.23621559143066406
80,train,0.1992066502571106
80,train,0.2280169576406479
80,train,0.1267833709716797
80,train,0.12707951664924622
80,train,0.1868400275707245
80,train,0.16502828896045685
80,train,0.1273367702960968
80,train,0.15369117259979248
81,train,0.23751159012317657
81,train,0.17712634801864624
81,train,0.17265254259109497
81,train,0.14272578060626984
81,train,0.16768606007099152
81,train,0.2143511176109314
81,train,0.1379455029964447
81,train,0.17160668969154358
81,train,0.24273082613945007
81,train,0.16181086003780365
81,train,0.21756982803344727
81,train,0.19895610213279724
81,train,0.15327157080173492
81,train,0.13901600241661072
81,train,0.16404606401920319
81,train,0.1829819232225418
81,train,0.17352332174777985
81,train,0.1963038146495819
81,train,0.1873052567243576
81,train,0.13419698178768158
82,train,0.19968177378177643
82,train,0.15623977780342102
82,train,0.18674054741859436
82,train,0.13723009824752808
82,train,0.1917867660522461
82,train,0.2192109227180481
82,train,0.17744280397891998
82,train,0.25064074993133545
82,train,0.20755304396152496
82,train,0.1841243952512741
82,train,0.13498671352863312
82,train,0.16817331314086914
82,train,0.2243209332227707
82,train,0.21642538905143738
82,train,0.15721723437309265
82,train,0.16411028802394867
82,train,0.14723190665245056
82,train,0.2152038961648941
82,train,0.1499602049589157
82,train,0.2192377895116806
83,train,0.18248507380485535
83,train,0.2350526750087738
83,train,0.28886574506759644
83,train,0.19496352970600128
83,train,0.2587786018848419
83,train,0.3313617706298828
83,train,0.17004182934761047
83,train,0.13361819088459015
83,train,0.21283838152885437
83,train,0.24554967880249023
83,train,0.20388279855251312
83,train,0.19837117195129395
83,train,0.21928322315216064
83,train,0.1489066481590271
83,train,0.20549941062927246
83,train,0.22086890041828156
83,train,0.1582966148853302
83,train,0.13485097885131836
83,train,0.1477041095495224
83,train,0.12606637179851532
84,train,0.16328391432762146
84,train,0.1520589292049408
84,train,0.1827826350927353
84,train,0.16496321558952332
84,train,0.20031198859214783
84,train,0.2090403437614441
84,train,0.14163072407245636
84,train,0.15698184072971344
84,train,0.20507870614528656
84,train,0.14139831066131592
84,train,0.2672688364982605
84,train,0.16050954163074493
84,train,0.2038591355085373
84,train,0.1435956507921219
84,train,0.15396901965141296
84,train,0.19819147884845734
84,train,0.17549261450767517
84,train,0.13170458376407623
84,train,0.22497527301311493
84,train,0.23252063989639282
85,train,0.1352236419916153
85,train,0.1933571994304657
85,train,0.2163356989622116
85,train,0.17919625341892242
85,train,0.1436069905757904
85,train,0.20002253353595734
85,train,0.2868029773235321
85,train,0.19820182025432587
85,train,0.18792742490768433
85,train,0.18851526081562042
85,train,0.13030870258808136
85,train,0.19106857478618622
85,train,0.15883219242095947
85,train,0.23847666382789612
85,train,0.16276921331882477
85,train,0.1686723381280899
85,train,0.19153141975402832
85,train,0.16383740305900574
85,train,0.11747387796640396
85,train,0.1657796949148178
86,train,0.16264814138412476
86,train,0.1599453240633011
86,train,0.24200120568275452
86,train,0.20413419604301453
86,train,0.24771112203598022
86,train,0.1324402093887329
86,train,0.1408197432756424
86,train,0.1763274371623993
86,train,0.2007530927658081
86,train,0.15040923655033112
86,train,0.18585333228111267
86,train,0.15050096809864044
86,train,0.1542627364397049
86,train,0.16194309294223785
86,train,0.23628808557987213
86,train,0.15425041317939758
86,train,0.1260298490524292
86,train,0.1978645771741867
86,train,0.19860513508319855
86,train,0.22999155521392822
87,train,0.16031397879123688
87,train,0.20564302802085876
87,train,0.1530456244945526
87,train,0.18614330887794495
87,train,0.13544407486915588
87,train,0.16632720828056335
87,train,0.15374024212360382
87,train,0.20075954496860504
87,train,0.18715383112430573
87,train,0.2070947289466858
87,train,0.13626393675804138
87,train,0.15627604722976685
87,train,0.17126649618148804
87,train,0.1476544737815857
87,train,0.18931369483470917
87,train,0.14472052454948425
87,train,0.14146637916564941
87,train,0.1897658109664917
87,train,0.23801273107528687
87,train,0.1270216852426529
88,train,0.26846861839294434
88,train,0.25320231914520264
88,train,0.1799178123474121
88,train,0.24887686967849731
88,train,0.18692049384117126
88,train,0.24393686652183533
88,train,0.20397020876407623
88,train,0.24517227709293365
88,train,0.23110762238502502
88,train,0.1538596898317337
88,train,0.18388110399246216
88,train,0.16831421852111816
88,train,0.23567689955234528
88,train,0.2276047170162201
88,train,0.22370728850364685
88,train,0.14008420705795288
88,train,0.22041644155979156
88,train,0.14480537176132202
88,train,0.2808799743652344
88,train,0.14897477626800537
89,train,0.2196616530418396
89,train,0.14834599196910858
89,train,0.17339757084846497
89,train,0.22334949672222137
89,train,0.16827404499053955
89,train,0.13779491186141968
89,train,0.1649700105190277
89,train,0.1306122988462448
89,train,0.1481345295906067
89,train,0.21445223689079285
89,train,0.20288851857185364
89,train,0.14934714138507843
89,train,0.142058864235878
89,train,0.18445239961147308
89,train,0.21472500264644623
89,train,0.18514952063560486
89,train,0.14451661705970764
89,train,0.19349484145641327
89,train,0.1522248536348343
89,train,0.21125531196594238
90,train,0.19123347103595734
90,train,0.19943709671497345
90,train,0.15455219149589539
90,train,0.14480771124362946
90,train,0.18010485172271729
90,train,0.1671898066997528
90,train,0.14509154856204987
90,train,0.1368529200553894
90,train,0.18407118320465088
90,train,0.1500484049320221
90,train,0.15285193920135498
90,train,0.16143262386322021
90,train,0.19946469366550446
90,train,0.20577338337898254
90,train,0.16919100284576416
90,train,0.15886634588241577
90,train,0.19174927473068237
90,train,0.1539379358291626
90,train,0.2240067422389984
90,train,0.15134379267692566
91,train,0.19415593147277832
91,train,0.20087039470672607
91,train,0.13929980993270874
91,train,0.22099493443965912
91,train,0.22018960118293762
91,train,0.1552501767873764
91,train,0.15835855901241302
91,train,0.15871497988700867
91,train,0.15218593180179596
91,train,0.1819555014371872
91,train,0.22710776329040527
91,train,0.23014456033706665
91,train,0.18435081839561462
91,train,0.19397184252738953
91,train,0.14304977655410767
91,train,0.158379927277565
91,train,0.15381769835948944
91,train,0.14322026073932648
91,train,0.15794116258621216
91,train,0.23606976866722107
92,train,0.22515031695365906
92,train,0.158916175365448
92,train,0.17492429912090302
92,train,0.18838071823120117
92,train,0.20082198083400726
92,train,0.17099051177501678
92,train,0.13473045825958252
92,train,0.18717989325523376
92,train,0.13386130332946777
92,train,0.20700693130493164
92,train,0.2308071255683899
92,train,0.1846764236688614
92,train,0.1669444590806961
92,train,0.12165287882089615
92,train,0.29204028844833374
92,train,0.1324751377105713
92,train,0.20482343435287476
92,train,0.14239703118801117
92,train,0.3198881149291992
92,train,0.14052246510982513
93,train,0.139412522315979
93,train,0.141195610165596
93,train,0.17832155525684357
93,train,0.12394829094409943
93,train,0.2285529524087906
93,train,0.20226845145225525
93,train,0.15013670921325684
93,train,0.21607494354248047
93,train,0.13741278648376465
93,train,0.14551909267902374
93,train,0.1585218608379364
93,train,0.17238175868988037
93,train,0.13480758666992188
93,train,0.2041643261909485
93,train,0.20682819187641144
93,train,0.201240673661232
93,train,0.18187639117240906
93,train,0.2123280018568039
93,train,0.1865486204624176
93,train,0.29621320962905884
94,train,0.1635560840368271
94,train,0.14522027969360352
94,train,0.1677829474210739
94,train,0.13774913549423218
94,train,0.17783108353614807
94,train,0.21036027371883392
94,train,0.28168007731437683
94,train,0.2641432583332062
94,train,0.23799100518226624
94,train,0.13180048763751984
94,train,0.15142694115638733
94,train,0.20377373695373535
94,train,0.2119104266166687
94,train,0.15255318582057953
94,train,0.18228191137313843
94,train,0.23749133944511414
94,train,0.17276595532894135
94,train,0.1958603858947754
94,train,0.15934817492961884
94,train,0.16624444723129272
95,train,0.21156135201454163
95,train,0.16981063783168793
95,train,0.22479180991649628
95,train,0.21216648817062378
95,train,0.19689860939979553
95,train,0.18836598098278046
95,train,0.22378979623317719
95,train,0.15434271097183228
95,train,0.16305780410766602
95,train,0.18000701069831848
95,train,0.15137721598148346
95,train,0.1617128998041153
95,train,0.24577882885932922
95,train,0.14246506989002228
95,train,0.1355491727590561
95,train,0.1978454738855362
95,train,0.2326602190732956
95,train,0.16522251069545746
95,train,0.14159175753593445
95,train,0.15351824462413788
96,train,0.22347977757453918
96,train,0.13204921782016754
96,train,0.18669873476028442
96,train,0.15001191198825836
96,train,0.18185827136039734
96,train,0.16722337901592255
96,train,0.13766951858997345
96,train,0.18170075118541718
96,train,0.17991146445274353
96,train,0.18366198241710663
96,train,0.18732452392578125
96,train,0.15637660026550293
96,train,0.2000744640827179
96,train,0.19632142782211304
96,train,0.15802119672298431
96,train,0.20580630004405975
96,train,0.15842317044734955
96,train,0.20311158895492554
96,train,0.20495586097240448
96,train,0.17526105046272278
97,train,0.15951868891716003
97,train,0.15184113383293152
97,train,0.14148448407649994
97,train,0.14501509070396423
97,train,0.1344965398311615
97,train,0.1862262785434723
97,train,0.20955203473567963
97,train,0.17345452308654785
97,train,0.22768042981624603
97,train,0.21800599992275238
97,train,0.13817910850048065
97,train,0.1297701895236969
97,train,0.17092843353748322
97,train,0.2066560536623001
97,train,0.17182426154613495
97,train,0.2077973186969757
97,train,0.23728232085704803
97,train,0.14021584391593933
97,train,0.15857309103012085
97,train,0.16148629784584045
98,train,0.18069811165332794
98,train,0.19744999706745148
98,train,0.17007669806480408
98,train,0.2287915050983429
98,train,0.13237397372722626
98,train,0.22248336672782898
98,train,0.15192359685897827
98,train,0.1290404498577118
98,train,0.15777577459812164
98,train,0.19331571459770203
98,train,0.13985423743724823
98,train,0.23947268724441528
98,train,0.1720443218946457
98,train,0.30383798480033875
98,train,0.1484738290309906
98,train,0.21692748367786407
98,train,0.1689479649066925
98,train,0.1692855805158615
98,train,0.16993963718414307
98,train,0.16961170732975006
99,train,0.15724363923072815
99,train,0.1387462317943573
99,train,0.15707340836524963
99,train,0.22727856040000916
99,train,0.132044717669487
99,train,0.24629798531532288
99,train,0.2114131599664688
99,train,0.1474737972021103
99,train,0.15691277384757996
99,train,0.15031838417053223
99,train,0.23695889115333557
99,train,0.21173638105392456
99,train,0.1462533175945282
99,train,0.17545746266841888
99,train,0.14451690018177032
99,train,0.19702957570552826
99,train,0.18213382363319397
99,train,0.14769354462623596
99,train,0.15179802477359772
99,train,0.17680634558200836
100,train,0.16595643758773804
100,train,0.1831875592470169
100,train,0.1426696628332138
100,train,0.14358611404895782
100,train,0.3064824640750885
100,train,0.19788210093975067
100,train,0.1266217827796936
100,train,0.19137319922447205
100,train,0.20327503979206085
100,train,0.19085060060024261
100,train,0.20930416882038116
100,train,0.23602262139320374
100,train,0.19853156805038452
100,train,0.2041872888803482
100,train,0.21443228423595428
100,train,0.14482571184635162
100,train,0.14985927939414978
100,train,0.16967591643333435
100,train,0.1572265475988388
100,train,0.15901581943035126
101,train,0.14620588719844818
101,train,0.1971122771501541
101,train,0.1355970948934555
101,train,0.24699732661247253
101,train,0.13840101659297943
101,train,0.14163663983345032
101,train,0.1734015941619873
101,train,0.17879155278205872
101,train,0.21390463411808014
101,train,0.2248646318912506
101,train,0.1991634964942932
101,train,0.14371012151241302
101,train,0.13301260769367218
101,train,0.1887965202331543
101,train,0.21787454187870026
101,train,0.18448126316070557
101,train,0.13405737280845642
101,train,0.16381055116653442
101,train,0.2257915884256363
101,train,0.14536789059638977
102,train,0.146255224943161
102,train,0.1397440880537033
102,train,0.15412110090255737
102,train,0.15264928340911865
102,train,0.1502476930618286
102,train,0.1376778483390808
102,train,0.1297236680984497
102,train,0.19407543540000916
102,train,0.18419475853443146
102,train,0.13661406934261322
102,train,0.25131329894065857
102,train,0.21350039541721344
102,train,0.17462991178035736
102,train,0.18678316473960876
102,train,0.19164146482944489
102,train,0.23227296769618988
102,train,0.20287033915519714
102,train,0.1713777333498001
102,train,0.1659870147705078
102,train,0.17261037230491638
103,train,0.17789025604724884
103,train,0.20662693679332733
103,train,0.14464028179645538
103,train,0.14617310464382172
103,train,0.15446658432483673
103,train,0.13412828743457794
103,train,0.1660907119512558
103,train,0.15904618799686432
103,train,0.2521114647388458
103,train,0.1407492607831955
103,train,0.18912369012832642
103,train,0.24526996910572052
103,train,0.18819530308246613
103,train,0.15452836453914642
103,train,0.18687894940376282
103,train,0.132731631398201
103,train,0.15016686916351318
103,train,0.20990432798862457
103,train,0.17646393179893494
103,train,0.1409226506948471
104,train,0.24109189212322235
104,train,0.20649418234825134
104,train,0.267616868019104
104,train,0.17412908375263214
104,train,0.18766795098781586
104,train,0.13597626984119415
104,train,0.2475234568119049
104,train,0.14383606612682343
104,train,0.15319819748401642
104,train,0.18548770248889923
104,train,0.15819525718688965
104,train,0.1796780526638031
104,train,0.2067212462425232
104,train,0.14885899424552917
104,train,0.11904948949813843
104,train,0.1738748401403427
104,train,0.14261360466480255
104,train,0.17049482464790344
104,train,0.20700857043266296
104,train,0.16098260879516602
105,train,0.23366296291351318
105,train,0.26429283618927
105,train,0.23462547361850739
105,train,0.19682110846042633
105,train,0.1272066980600357
105,train,0.12851032614707947
105,train,0.1546185165643692
105,train,0.1843782514333725
105,train,0.1280161440372467
105,train,0.24917784333229065
105,train,0.2509586215019226
105,train,0.12979993224143982
105,train,0.12849006056785583
105,train,0.12392707169055939
105,train,0.13855807483196259
105,train,0.13855986297130585
105,train,0.18443259596824646
105,train,0.14419762790203094
105,train,0.13806864619255066
105,train,0.21438080072402954
106,train,0.21307049691677094
106,train,0.20632867515087128
106,train,0.14418216049671173
106,train,0.1527559757232666
106,train,0.16442959010601044
106,train,0.1709824949502945
106,train,0.14717119932174683
106,train,0.21532267332077026
106,train,0.19303102791309357
106,train,0.18852141499519348
106,train,0.17040935158729553
106,train,0.1407082974910736
106,train,0.1296476572751999
106,train,0.21054697036743164
106,train,0.18980439007282257
106,train,0.21904931962490082
106,train,0.19109755754470825
106,train,0.16188625991344452
106,train,0.15849559009075165
106,train,0.24371437728405
107,train,0.25860288739204407
107,train,0.1772874891757965
107,train,0.17956943809986115
107,train,0.17838555574417114
107,train,0.159708634018898
107,train,0.24163538217544556
107,train,0.1487078219652176
107,train,0.19135203957557678
107,train,0.18790201842784882
107,train,0.19296802580356598
107,train,0.1874360740184784
107,train,0.22664472460746765
107,train,0.147661954164505
107,train,0.2880550026893616
107,train,0.13726778328418732
107,train,0.22890055179595947
107,train,0.17159806191921234
107,train,0.14510029554367065
107,train,0.13317210972309113
107,train,0.14308804273605347
108,train,0.14745202660560608
108,train,0.15270210802555084
108,train,0.1502166986465454
108,train,0.19516019523143768
108,train,0.17421579360961914
108,train,0.16322873532772064
108,train,0.200954407453537
108,train,0.12927301228046417
108,train,0.2121926099061966
108,train,0.2726469039916992
108,train,0.22227968275547028
108,train,0.14982959628105164
108,train,0.150497168302536
108,train,0.17143145203590393
108,train,0.2092003971338272
108,train,0.1986324042081833
108,train,0.1719370186328888
108,train,0.21817009150981903
108,train,0.16544947028160095
108,train,0.16166362166404724
109,train,0.12910374999046326
109,train,0.21623937785625458
109,train,0.14556752145290375
109,train,0.16035351157188416
109,train,0.1739823967218399
109,train,0.127827450633049
109,train,0.16895517706871033
109,train,0.19985546171665192
109,train,0.21109122037887573
109,train,0.2631381154060364
109,train,0.17599907517433167
109,train,0.15389384329319
109,train,0.1640406996011734
109,train,0.1453162580728531
109,train,0.16747015714645386
109,train,0.15540236234664917
109,train,0.1560342162847519
109,train,0.2045350819826126
109,train,0.13073836266994476
109,train,0.218258798122406
110,train,0.17988404631614685
110,train,0.18444089591503143
110,train,0.1324654072523117
110,train,0.1320619136095047
110,train,0.12552741169929504
110,train,0.15020141005516052
110,train,0.19146931171417236
110,train,0.16767874360084534
110,train,0.1505388617515564
110,train,0.1403755247592926
110,train,0.13993538916110992
110,train,0.20144610106945038
110,train,0.145644411444664
110,train,0.15453127026557922
110,train,0.18828630447387695
110,train,0.21168959140777588
110,train,0.1336139589548111
110,train,0.15220725536346436
110,train,0.14413639903068542
110,train,0.12650641798973083
111,train,0.1597999930381775
111,train,0.2107180655002594
111,train,0.13656896352767944
111,train,0.18150694668293
111,train,0.21197468042373657
111,train,0.1456068456172943
111,train,0.18276354670524597
111,train,0.14586156606674194
111,train,0.17734991014003754
111,train,0.1785331815481186
111,train,0.14799590408802032
111,train,0.1665811538696289
111,train,0.1947859227657318
111,train,0.24810925126075745
111,train,0.14878444373607635
111,train,0.20892339944839478
111,train,0.14848698675632477
111,train,0.24168702960014343
111,train,0.24852797389030457
111,train,0.1818031370639801
112,train,0.19079266488552094
112,train,0.13798217475414276
112,train,0.1888704001903534
112,train,0.21634680032730103
112,train,0.1519727110862732
112,train,0.18070551753044128
112,train,0.20576262474060059
112,train,0.14315195381641388
112,train,0.1596325933933258
112,train,0.19969980418682098
112,train,0.2230089008808136
112,train,0.14832881093025208
112,train,0.14277787506580353
112,train,0.15128323435783386
112,train,0.126329243183136
112,train,0.18276697397232056
112,train,0.2118193656206131
112,train,0.176507368683815
112,train,0.18349725008010864
112,train,0.17259450256824493
113,train,0.16253182291984558
113,train,0.15743108093738556
113,train,0.15292000770568848
113,train,0.1413893699645996
113,train,0.12411374598741531
113,train,0.15589217841625214
113,train,0.23157170414924622
113,train,0.18696708977222443
113,train,0.13928012549877167
113,train,0.11932992190122604
113,train,0.180938258767128
113,train,0.12920546531677246
113,train,0.13023118674755096
113,train,0.1842016577720642
113,train,0.18391713500022888
113,train,0.18251360952854156
113,train,0.2133932113647461
113,train,0.1475163847208023
113,train,0.18260103464126587
113,train,0.17747369408607483
114,train,0.17966046929359436
114,train,0.1505701094865799
114,train,0.19248557090759277
114,train,0.13152630627155304
114,train,0.14941424131393433
114,train,0.21279941499233246
114,train,0.13281570374965668
114,train,0.17439180612564087
114,train,0.14547814428806305
114,train,0.13411538302898407
114,train,0.21913973987102509
114,train,0.14205986261367798
114,train,0.16245539486408234
114,train,0.19418546557426453
114,train,0.14036673307418823
114,train,0.140059694647789
114,train,0.15497852861881256
114,train,0.14245758950710297
114,train,0.137309268116951
114,train,0.13178351521492004
115,train,0.1762961596250534
115,train,0.21163693070411682
115,train,0.1999741643667221
115,train,0.1465974897146225
115,train,0.21674183011054993
115,train,0.1600249707698822
115,train,0.14002911746501923
115,train,0.22343172132968903
115,train,0.1450415849685669
115,train,0.23275873064994812
115,train,0.20001044869422913
115,train,0.18069837987422943
115,train,0.1850677877664566
115,train,0.1390385776758194
115,train,0.16375337541103363
115,train,0.19482800364494324
115,train,0.26339948177337646
115,train,0.15426473319530487
115,train,0.19582007825374603
115,train,0.2332826405763626
116,train,0.1560058295726776
116,train,0.21655747294425964
116,train,0.16180533170700073
116,train,0.20177651941776276
116,train,0.17119039595127106
116,train,0.15429259836673737
116,train,0.16002009809017181
116,train,0.14747865498065948
116,train,0.1937505006790161
116,train,0.1912219375371933
116,train,0.16914716362953186
116,train,0.21585965156555176
116,train,0.14200185239315033
116,train,0.17356707155704498
116,train,0.15811163187026978
116,train,0.19765101373195648
116,train,0.21594023704528809
116,train,0.15534566342830658
116,train,0.2080536186695099
116,train,0.157343327999115
117,train,0.15361520648002625
117,train,0.20402181148529053
117,train,0.14816409349441528
117,train,0.16476385295391083
117,train,0.18305717408657074
117,train,0.21798385679721832
117,train,0.12389631569385529
117,train,0.18740637600421906
117,train,0.23360028862953186
117,train,0.12863898277282715
117,train,0.1933843046426773
117,train,0.19359464943408966
117,train,0.1534092128276825
117,train,0.19335311651229858
117,train,0.17807915806770325
117,train,0.14014706015586853
117,train,0.15029804408550262
117,train,0.13063286244869232
117,train,0.206088125705719
117,train,0.1899009793996811
118,train,0.1830827295780182
118,train,0.15858839452266693
118,train,0.1428350806236267
118,train,0.17287592589855194
118,train,0.20265012979507446
118,train,0.2274274379014969
118,train,0.19080927968025208
118,train,0.13321414589881897
118,train,0.14326567947864532
118,train,0.20280352234840393
118,train,0.12457741051912308
118,train,0.19467000663280487
118,train,0.13999977707862854
118,train,0.24301904439926147
118,train,0.23002387583255768
118,train,0.2122773677110672
118,train,0.1323525309562683
118,train,0.22564634680747986
118,train,0.19142365455627441
118,train,0.13036994636058807
119,train,0.1970401406288147
119,train,0.2420344203710556
119,train,0.20851311087608337
119,train,0.19826394319534302
119,train,0.19750118255615234
119,train,0.15733134746551514
119,train,0.23537519574165344
119,train,0.18425896763801575
119,train,0.17885074019432068
119,train,0.14206477999687195
119,train,0.19410082697868347
119,train,0.15976467728614807
119,train,0.14631988108158112
119,train,0.1935504972934723
119,train,0.2673834562301636
119,train,0.1538979858160019
119,train,0.17173504829406738
119,train,0.19783160090446472
119,train,0.1387057602405548
119,train,0.1633003056049347
120,train,0.14730766415596008
120,train,0.2322443574666977
120,train,0.1872084140777588
120,train,0.16336436569690704
120,train,0.14568184316158295
120,train,0.192172110080719
120,train,0.14157356321811676
120,train,0.13661633431911469
120,train,0.1913440078496933
120,train,0.17373257875442505
120,train,0.14994999766349792
120,train,0.16512295603752136
120,train,0.1844429075717926
120,train,0.14708371460437775
120,train,0.22478914260864258
120,train,0.1450919359922409
120,train,0.12792940437793732
120,train,0.2169790267944336
120,train,0.15419413149356842
120,train,0.14615951478481293
121,train,0.13528001308441162
121,train,0.1817624717950821
121,train,0.16305696964263916
121,train,0.14428889751434326
121,train,0.14574046432971954
121,train,0.14146554470062256
121,train,0.1874409317970276
121,train,0.1762942373752594
121,train,0.20033255219459534
121,train,0.1832999736070633
121,train,0.14409299194812775
121,train,0.11962077021598816
121,train,0.1679602563381195
121,train,0.19612620770931244
121,train,0.15621110796928406
121,train,0.1961793601512909
121,train,0.14167852699756622
121,train,0.14901408553123474
121,train,0.13367833197116852
121,train,0.1407560408115387
122,train,0.16364575922489166
122,train,0.23982466757297516
122,train,0.14196963608264923
122,train,0.13259272277355194
122,train,0.17830586433410645
122,train,0.13555558025836945
122,train,0.1433815211057663
122,train,0.13727527856826782
122,train,0.14057791233062744
122,train,0.13714514672756195
122,train,0.1613949090242386
122,train,0.13082510232925415
122,train,0.11849049478769302
122,train,0.19775602221488953
122,train,0.14985285699367523
122,train,0.21908383071422577
122,train,0.2082744687795639
122,train,0.1587066948413849
122,train,0.21647070348262787
122,train,0.1808813363313675
123,train,0.14639844000339508
123,train,0.15130117535591125
123,train,0.1500779688358307
123,train,0.1307803839445114
123,train,0.1692732870578766
123,train,0.15327855944633484
123,train,0.2373998612165451
123,train,0.2510070204734802
123,train,0.22039003670215607
123,train,0.13307425379753113
123,train,0.1743779480457306
123,train,0.20159690082073212
123,train,0.25330233573913574
123,train,0.1765453815460205
123,train,0.12821713089942932
123,train,0.14045916497707367
123,train,0.18399854004383087
123,train,0.14340715110301971
123,train,0.18729543685913086
123,train,0.18297749757766724
124,train,0.20754869282245636
124,train,0.1671036034822464
124,train,0.17848967015743256
124,train,0.15578946471214294
124,train,0.13701079785823822
124,train,0.15098829567432404
124,train,0.13319046795368195
124,train,0.17306995391845703
124,train,0.14772281050682068
124,train,0.20457835495471954
124,train,0.17785026133060455
124,train,0.215999037027359
124,train,0.17318075895309448
124,train,0.139977365732193
124,train,0.1487562358379364
124,train,0.17274798452854156
124,train,0.18475957214832306
124,train,0.17249652743339539
124,train,0.17031563818454742
124,train,0.13949500024318695
125,train,0.1925119161605835
125,train,0.216949924826622
125,train,0.19632978737354279
125,train,0.1454564929008484
125,train,0.16704627871513367
125,train,0.18250294029712677
125,train,0.1292380690574646
125,train,0.23243923485279083
125,train,0.17501506209373474
125,train,0.13797713816165924
125,train,0.1411495804786682
125,train,0.16757556796073914
125,train,0.21092742681503296
125,train,0.18356043100357056
125,train,0.1385885626077652
125,train,0.18397380411624908
125,train,0.16732916235923767
125,train,0.18652398884296417
125,train,0.1938183605670929
125,train,0.14233314990997314
126,train,0.14119015634059906
126,train,0.19417375326156616
126,train,0.2162550836801529
126,train,0.22132331132888794
126,train,0.1957782506942749
126,train,0.21837148070335388
126,train,0.1413739025592804
126,train,0.13512231409549713
126,train,0.15225282311439514
126,train,0.15576475858688354
126,train,0.1455119550228119
126,train,0.2250577211380005
126,train,0.1326012909412384
126,train,0.16149672865867615
126,train,0.21779541671276093
126,train,0.13516701757907867
126,train,0.19625337421894073
126,train,0.14557504653930664
126,train,0.2524588704109192
126,train,0.15848258137702942
127,train,0.1276143342256546
127,train,0.13228745758533478
127,train,0.14332611858844757
127,train,0.17080242931842804
127,train,0.1259424388408661
127,train,0.20132403075695038
127,train,0.18134157359600067
127,train,0.13420772552490234
127,train,0.1318543255329132
127,train,0.1899581104516983
127,train,0.16355334222316742
127,train,0.16417296230793
127,train,0.13962548971176147
127,train,0.1465105563402176
127,train,0.25695133209228516
127,train,0.1890985667705536
127,train,0.21158552169799805
127,train,0.19359248876571655
127,train,0.1292296200990677
127,train,0.1328573226928711
128,train,0.1567699909210205
128,train,0.18558388948440552
128,train,0.1548580676317215
128,train,0.16512665152549744
128,train,0.1979234367609024
128,train,0.13645869493484497
128,train,0.17711813747882843
128,train,0.1735001504421234
128,train,0.13282355666160583
128,train,0.12964138388633728
128,train,0.16535863280296326
128,train,0.1535344272851944
128,train,0.19929912686347961
128,train,0.2222892940044403
128,train,0.1364346146583557
128,train,0.15735381841659546
128,train,0.19773417711257935
128,train,0.15111294388771057
128,train,0.16137897968292236
128,train,0.1782418191432953
129,train,0.16048449277877808
129,train,0.1760697215795517
129,train,0.13521608710289001
129,train,0.193553164601326
129,train,0.21359768509864807
129,train,0.21188397705554962
129,train,0.16715003550052643
129,train,0.15412229299545288
129,train,0.21169984340667725
129,train,0.20976252853870392
129,train,0.16504719853401184
129,train,0.18369737267494202
129,train,0.13867084681987762
129,train,0.1425127387046814
129,train,0.13814452290534973
129,train,0.18962505459785461
129,train,0.18713431060314178
129,train,0.21454155445098877
129,train,0.1321755051612854
129,train,0.13377432525157928
130,train,0.13388706743717194
130,train,0.16029143333435059
130,train,0.18845148384571075
130,train,0.1558561474084854
130,train,0.1560695618391037
130,train,0.1826399564743042
130,train,0.1567809283733368
130,train,0.1509859710931778
130,train,0.13877086341381073
130,train,0.22828835248947144
130,train,0.13685891032218933
130,train,0.1361999362707138
130,train,0.17663989961147308
130,train,0.19492849707603455
130,train,0.14210771024227142
130,train,0.23735910654067993
130,train,0.1982843279838562
130,train,0.17099137604236603
130,train,0.16371876001358032
130,train,0.18433420360088348
131,train,0.16124120354652405
131,train,0.20622774958610535
131,train,0.21831870079040527
131,train,0.20562319457530975
131,train,0.2179151028394699
131,train,0.12792232632637024
131,train,0.11910795420408249
131,train,0.20394816994667053
131,train,0.22547787427902222
131,train,0.1406632363796234
131,train,0.10729962587356567
131,train,0.22072403132915497
131,train,0.1883935034275055
131,train,0.13829676806926727
131,train,0.1992824226617813
131,train,0.20294080674648285
131,train,0.15187034010887146
131,train,0.24166470766067505
131,train,0.13159534335136414
131,train,0.17380954325199127
132,train,0.1783827245235443
132,train,0.17224955558776855
132,train,0.1726098656654358
132,train,0.12987512350082397
132,train,0.22972364723682404
132,train,0.14414489269256592
132,train,0.14416952431201935
132,train,0.19211827218532562
132,train,0.15796130895614624
132,train,0.18755054473876953
132,train,0.17086677253246307
132,train,0.16812194883823395
132,train,0.19330616295337677
132,train,0.12519845366477966
132,train,0.24412061274051666
132,train,0.19814319908618927
132,train,0.19774389266967773
132,train,0.20337367057800293
132,train,0.19950205087661743
132,train,0.18398718535900116
133,train,0.14157922565937042
133,train,0.1480281949043274
133,train,0.2389201670885086
133,train,0.16520290076732635
133,train,0.22370044887065887
133,train,0.23977386951446533
133,train,0.24835698306560516
133,train,0.17178276181221008
133,train,0.14211329817771912
133,train,0.18492582440376282
133,train,0.17571504414081573
133,train,0.16972656548023224
133,train,0.16576258838176727
133,train,0.15554167330265045
133,train,0.13027246296405792
133,train,0.1430952548980713
133,train,0.14303681254386902
133,train,0.18504273891448975
133,train,0.1883353590965271
133,train,0.1357019692659378
134,train,0.1971561461687088
134,train,0.13939498364925385
134,train,0.12429577857255936
134,train,0.17562924325466156
134,train,0.12828201055526733
134,train,0.15890944004058838
134,train,0.20765691995620728
134,train,0.13323448598384857
134,train,0.17354172468185425
134,train,0.22373530268669128
134,train,0.2046358585357666
134,train,0.18827569484710693
134,train,0.19048938155174255
134,train,0.21519313752651215
134,train,0.1394987404346466
134,train,0.13718032836914062
134,train,0.19316881895065308
134,train,0.22302435338497162
134,train,0.20450106263160706
134,train,0.23154783248901367
135,train,0.17834672331809998
135,train,0.21531976759433746
135,train,0.21438468992710114
135,train,0.16066107153892517
135,train,0.17883962392807007
135,train,0.14289025962352753
135,train,0.18664586544036865
135,train,0.13741905987262726
135,train,0.17109699547290802
135,train,0.13736063241958618
135,train,0.16408826410770416
135,train,0.15828554332256317
135,train,0.1873977780342102
135,train,0.14910629391670227
135,train,0.12560364603996277
135,train,0.17708636820316315
135,train,0.25513818860054016
135,train,0.1504971981048584
135,train,0.2860566973686218
135,train,0.14962874352931976
136,train,0.2239397168159485
136,train,0.1511455774307251
136,train,0.24661149084568024
136,train,0.2360425740480423
136,train,0.1417192667722702
136,train,0.13018938899040222
136,train,0.1631590723991394
136,train,0.17025184631347656
136,train,0.13233336806297302
136,train,0.13279367983341217
136,train,0.18972276151180267
136,train,0.17139068245887756
136,train,0.13748504221439362
136,train,0.1761699616909027
136,train,0.159346804022789
136,train,0.16383317112922668
136,train,0.19681893289089203
136,train,0.16301229596138
136,train,0.2358693927526474
136,train,0.22244355082511902
137,train,0.12119122594594955
137,train,0.19660180807113647
137,train,0.1771007776260376
137,train,0.20439833402633667
137,train,0.14305666089057922
137,train,0.1283738762140274
137,train,0.13848203420639038
137,train,0.16838616132736206
137,train,0.17773489654064178
137,train,0.19861900806427002
137,train,0.14083366096019745
137,train,0.17212389409542084
137,train,0.12590141594409943
137,train,0.14201323688030243
137,train,0.13519160449504852
137,train,0.18966399133205414
137,train,0.1757747083902359
137,train,0.14199066162109375
137,train,0.16841821372509003
137,train,0.17860457301139832
138,train,0.13486449420452118
138,train,0.14255273342132568
138,train,0.13565374910831451
138,train,0.1722458153963089
138,train,0.15427887439727783
138,train,0.17345809936523438
138,train,0.1360410451889038
138,train,0.16663804650306702
138,train,0.14847518503665924
138,train,0.14644582569599152
138,train,0.15655644237995148
138,train,0.20252810418605804
138,train,0.13824337720870972
138,train,0.21243852376937866
138,train,0.13147781789302826
138,train,0.16061268746852875
138,train,0.14772340655326843
138,train,0.1700279414653778
138,train,0.15256358683109283
138,train,0.13170577585697174
139,train,0.18188785016536713
139,train,0.12589457631111145
139,train,0.127052441239357
139,train,0.13440150022506714
139,train,0.1194961816072464
139,train,0.16804052889347076
139,train,0.17634040117263794
139,train,0.14077362418174744
139,train,0.14882707595825195
139,train,0.1437821090221405
139,train,0.20223979651927948
139,train,0.18175886571407318
139,train,0.1454879343509674
139,train,0.22251679003238678
139,train,0.15688374638557434
139,train,0.19837403297424316
139,train,0.1624520868062973
139,train,0.21687456965446472
139,train,0.1984320729970932
139,train,0.135353222489357
140,train,0.17140313982963562
140,train,0.14407165348529816
140,train,0.28050678968429565
140,train,0.18341299891471863
140,train,0.19222500920295715
140,train,0.1835087537765503
140,train,0.1382598876953125
140,train,0.13511686027050018
140,train,0.19222907721996307
140,train,0.13101428747177124
140,train,0.1218435987830162
140,train,0.14149068295955658
140,train,0.20745614171028137
140,train,0.1794593334197998
140,train,0.1966932862997055
140,train,0.19372877478599548
140,train,0.1421070694923401
140,train,0.18919141590595245
140,train,0.15023896098136902
140,train,0.14975059032440186
141,train,0.13508936762809753
141,train,0.16237829625606537
141,train,0.14808611571788788
141,train,0.1277277171611786
141,train,0.14128388464450836
141,train,0.16773353517055511
141,train,0.19515487551689148
141,train,0.1474175900220871
141,train,0.14920490980148315
141,train,0.20053991675376892
141,train,0.17021527886390686
141,train,0.14501751959323883
141,train,0.16739366948604584
141,train,0.12012602388858795
141,train,0.23613961040973663
141,train,0.13714085519313812
141,train,0.23585796356201172
141,train,0.21397371590137482
141,train,0.15866738557815552
141,train,0.20009592175483704
142,train,0.18297509849071503
142,train,0.19070416688919067
142,train,0.212541863322258
142,train,0.13045121729373932
142,train,0.14873455464839935
142,train,0.14430850744247437
142,train,0.18176552653312683
142,train,0.13795773684978485
142,train,0.20433743298053741
142,train,0.16315357387065887
142,train,0.23992931842803955
142,train,0.13544169068336487
142,train,0.12955932319164276
142,train,0.13687895238399506
142,train,0.21016830205917358
142,train,0.19139719009399414
142,train,0.14894895255565643
142,train,0.18382014334201813
142,train,0.13914789259433746
142,train,0.1232224553823471
143,train,0.13298574090003967
143,train,0.19561055302619934
143,train,0.1448332965373993
143,train,0.11773435771465302
143,train,0.2180715948343277
143,train,0.11842270940542221
143,train,0.14381489157676697
143,train,0.16774477064609528
143,train,0.17673318088054657
143,train,0.19271612167358398
143,train,0.15686845779418945
143,train,0.13540960848331451
143,train,0.15493525564670563
143,train,0.15091577172279358
143,train,0.17328137159347534
143,train,0.15388767421245575
143,train,0.1447214037179947
143,train,0.14559412002563477
143,train,0.19955602288246155
143,train,0.1366695910692215
144,train,0.17054356634616852
144,train,0.19549888372421265
144,train,0.12398646771907806
144,train,0.17801053822040558
144,train,0.21490179002285004
144,train,0.16948477923870087
144,train,0.17751532793045044
144,train,0.13401974737644196
144,train,0.17273563146591187
144,train,0.1641908884048462
144,train,0.25862744450569153
144,train,0.1366485357284546
144,train,0.17505277693271637
144,train,0.1712009757757187
144,train,0.15706288814544678
144,train,0.13749131560325623
144,train,0.15436984598636627
144,train,0.187909334897995
144,train,0.21350033581256866
144,train,0.16613838076591492
145,train,0.16207076609134674
145,train,0.1799270063638687
145,train,0.20592093467712402
145,train,0.14167189598083496
145,train,0.2102763056755066
145,train,0.14897583425045013
145,train,0.16693070530891418
145,train,0.20721502602100372
145,train,0.1969640851020813
145,train,0.19870680570602417
145,train,0.2072940319776535
145,train,0.13690464198589325
145,train,0.18900497257709503
145,train,0.12152497470378876
145,train,0.19156794250011444
145,train,0.19817490875720978
145,train,0.20263290405273438
145,train,0.15009236335754395
145,train,0.15676379203796387
145,train,0.19908970594406128
146,train,0.15953771770000458
146,train,0.12692996859550476
146,train,0.23409631848335266
146,train,0.1766158491373062
146,train,0.145647794008255
146,train,0.144115149974823
146,train,0.13734343647956848
146,train,0.18115489184856415
146,train,0.14904184639453888
146,train,0.21992312371730804
146,train,0.18047627806663513
146,train,0.16960176825523376
146,train,0.20320434868335724
146,train,0.17794983088970184
146,train,0.13865752518177032
146,train,0.23893116414546967
146,train,0.18390105664730072
146,train,0.13345202803611755
146,train,0.17859505116939545
146,train,0.16845744848251343
147,train,0.18273119628429413
147,train,0.23031067848205566
147,train,0.1261320561170578
147,train,0.21501971781253815
147,train,0.13370482623577118
147,train,0.15220540761947632
147,train,0.18468843400478363
147,train,0.1473914533853531
147,train,0.2184419184923172
147,train,0.13516488671302795
147,train,0.14286576211452484
147,train,0.14198753237724304
147,train,0.143000066280365
147,train,0.1912367045879364
147,train,0.17652106285095215
147,train,0.1742776781320572
147,train,0.18760833144187927
147,train,0.2636990547180176
147,train,0.11744281649589539
147,train,0.19769297540187836
148,train,0.15873369574546814
148,train,0.14624489843845367
148,train,0.20986706018447876
148,train,0.1838262528181076
148,train,0.18505458533763885
148,train,0.13732968270778656
148,train,0.17544032633304596
148,train,0.223048135638237
148,train,0.14211855828762054
148,train,0.12335893511772156
148,train,0.15501751005649567
148,train,0.1318575143814087
148,train,0.17296066880226135
148,train,0.1652832180261612
148,train,0.1639108508825302
148,train,0.21002992987632751
148,train,0.12882979214191437
148,train,0.22033411264419556
148,train,0.2576644718647003
148,train,0.1381983757019043
149,train,0.1618681252002716
149,train,0.13005484640598297
149,train,0.16808609664440155
149,train,0.15998753905296326
149,train,0.2457607388496399
149,train,0.16021203994750977
149,train,0.16164930164813995
149,train,0.12825313210487366
149,train,0.2917894721031189
149,train,0.13589109480381012
149,train,0.20780275762081146
149,train,0.16680008172988892
149,train,0.13661813735961914
149,train,0.15007741749286652
149,train,0.14071586728096008
149,train,0.19323936104774475
149,train,0.18179813027381897
149,train,0.23274920880794525
149,train,0.13889533281326294
149,train,0.13938111066818237
150,train,0.1930142343044281
150,train,0.12407468259334564
150,train,0.1410536766052246
150,train,0.14555056393146515
150,train,0.15019331872463226
150,train,0.22393520176410675
150,train,0.20997831225395203
150,train,0.16604778170585632
150,train,0.13417428731918335
150,train,0.1476259082555771
150,train,0.22735485434532166
150,train,0.1613241285085678
150,train,0.1335279941558838
150,train,0.18472060561180115
150,train,0.1659935712814331
150,train,0.156079962849617
150,train,0.16426709294319153
150,train,0.1869489550590515
150,train,0.13205423951148987
150,train,0.12649588286876678
151,train,0.16396979987621307
151,train,0.12460829317569733
151,train,0.12692567706108093
151,train,0.13614419102668762
151,train,0.18205034732818604
151,train,0.14441433548927307
151,train,0.1401342749595642
151,train,0.160456582903862
151,train,0.1834338754415512
151,train,0.14597323536872864
151,train,0.1521245688199997
151,train,0.22010444104671478
151,train,0.22931191325187683
151,train,0.20301738381385803
151,train,0.18588374555110931
151,train,0.1832510381937027
151,train,0.16614003479480743
151,train,0.130523219704628
151,train,0.21991442143917084
151,train,0.12827777862548828
152,train,0.1178801879286766
152,train,0.14034484326839447
152,train,0.13674244284629822
152,train,0.2069936841726303
152,train,0.20849961042404175
152,train,0.21446260809898376
152,train,0.14971326291561127
152,train,0.14748410880565643
152,train,0.14385706186294556
152,train,0.13843071460723877
152,train,0.13646748661994934
152,train,0.1493428349494934
152,train,0.18793584406375885
152,train,0.2557552754878998
152,train,0.2167484164237976
152,train,0.14533668756484985
152,train,0.25018444657325745
152,train,0.14102759957313538
152,train,0.2225414514541626
152,train,0.17309671640396118
153,train,0.14060363173484802
153,train,0.14890117943286896
153,train,0.12609349191188812
153,train,0.16205833852291107
153,train,0.29618385434150696
153,train,0.15578201413154602
153,train,0.1603737622499466
153,train,0.14237064123153687
153,train,0.16268309950828552
153,train,0.13246256113052368
153,train,0.16855579614639282
153,train,0.200187548995018
153,train,0.12208676338195801
153,train,0.12261578440666199
153,train,0.14946423470973969
153,train,0.1471838355064392
153,train,0.16386303305625916
153,train,0.15726740658283234
153,train,0.1696774661540985
153,train,0.17003285884857178
154,train,0.17125113308429718
154,train,0.16550010442733765
154,train,0.12774212658405304
154,train,0.14743322134017944
154,train,0.2378130406141281
154,train,0.13872428238391876
154,train,0.1315283328294754
154,train,0.13590772449970245
154,train,0.15338899195194244
154,train,0.13279283046722412
154,train,0.14311209321022034
154,train,0.13547976315021515
154,train,0.12430109083652496
154,train,0.1372184157371521
154,train,0.16361188888549805
154,train,0.13803662359714508
154,train,0.15041936933994293
154,train,0.14787213504314423
154,train,0.13885870575904846
154,train,0.19443796575069427
155,train,0.15012948215007782
155,train,0.12897227704524994
155,train,0.1957225203514099
155,train,0.1887536644935608
155,train,0.15647101402282715
155,train,0.14424283802509308
155,train,0.1590549349784851
155,train,0.13849450647830963
155,train,0.17149300873279572
155,train,0.11646124720573425
155,train,0.16672557592391968
155,train,0.1254744529724121
155,train,0.1480223685503006
155,train,0.1989479660987854
155,train,0.18801383674144745
155,train,0.12124741822481155
155,train,0.18495512008666992
155,train,0.20890994369983673
155,train,0.15461580455303192
155,train,0.18738596141338348
156,train,0.1452224999666214
156,train,0.14674079418182373
156,train,0.1344943791627884
156,train,0.18149296939373016
156,train,0.21363432705402374
156,train,0.141389399766922
156,train,0.21877101063728333
156,train,0.2174346148967743
156,train,0.15545117855072021
156,train,0.19745315611362457
156,train,0.13687710464000702
156,train,0.16315436363220215
156,train,0.1545051634311676
156,train,0.15709155797958374
156,train,0.16968633234500885
156,train,0.13275879621505737
156,train,0.14360126852989197
156,train,0.16313521564006805
156,train,0.18164145946502686
156,train,0.20190630853176117
157,train,0.16142538189888
157,train,0.11770407855510712
157,train,0.25472643971443176
157,train,0.20074358582496643
157,train,0.2007807344198227
157,train,0.23436936736106873
157,train,0.17600981891155243
157,train,0.1425798237323761
157,train,0.15283764898777008
157,train,0.22889699041843414
157,train,0.13549435138702393
157,train,0.18362560868263245
157,train,0.14624564349651337
157,train,0.18732815980911255
157,train,0.1635093241930008
157,train,0.15832145512104034
157,train,0.15460683405399323
157,train,0.1270332932472229
157,train,0.19032979011535645
157,train,0.13635921478271484
158,train,0.13102485239505768
158,train,0.15956979990005493
158,train,0.13959860801696777
158,train,0.19135187566280365
158,train,0.12107103317975998
158,train,0.2171017974615097
158,train,0.1567368358373642
158,train,0.12995076179504395
158,train,0.16599085927009583
158,train,0.2351572960615158
158,train,0.12542617321014404
158,train,0.1990147978067398
158,train,0.12043405324220657
158,train,0.13248364627361298
158,train,0.17825867235660553
158,train,0.1813650280237198
158,train,0.24150365591049194
158,train,0.22756201028823853
158,train,0.13942140340805054
158,train,0.12067794054746628
159,train,0.16645768284797668
159,train,0.18382883071899414
159,train,0.1837848424911499
159,train,0.13845662772655487
159,train,0.19925296306610107
159,train,0.1381823569536209
159,train,0.1487666517496109
159,train,0.13626247644424438
159,train,0.13216178119182587
159,train,0.1459275782108307
159,train,0.17807093262672424
159,train,0.1715337485074997
159,train,0.1341167837381363
159,train,0.1555027812719345
159,train,0.1326117068529129
159,train,0.17376022040843964
159,train,0.21222615242004395
159,train,0.14475885033607483
159,train,0.12229614704847336
159,train,0.13972225785255432
160,train,0.23183296620845795
160,train,0.22177308797836304
160,train,0.13897055387496948
160,train,0.19989416003227234
160,train,0.23664794862270355
160,train,0.14618948101997375
160,train,0.23373116552829742
160,train,0.13147860765457153
160,train,0.2238398641347885
160,train,0.19269342720508575
160,train,0.1636989265680313
160,train,0.13192573189735413
160,train,0.1295924037694931
160,train,0.14688101410865784
160,train,0.14793694019317627
160,train,0.1261124163866043
160,train,0.18470452725887299
160,train,0.15144869685173035
160,train,0.19464869797229767
160,train,0.13258209824562073
161,train,0.13618607819080353
161,train,0.13179127871990204
161,train,0.16416873037815094
161,train,0.18181024491786957
161,train,0.13333740830421448
161,train,0.13422463834285736
161,train,0.1678093671798706
161,train,0.17472006380558014
161,train,0.19776849448680878
161,train,0.1311749517917633
161,train,0.17692509293556213
161,train,0.13997326791286469
161,train,0.13856057822704315
161,train,0.16144797205924988
161,train,0.14520379900932312
161,train,0.19415457546710968
161,train,0.18750885128974915
161,train,0.14336137473583221
161,train,0.17731480300426483
161,train,0.13075076043605804
162,train,0.16896648705005646
162,train,0.20534110069274902
162,train,0.13007795810699463
162,train,0.21337634325027466
162,train,0.2089080661535263
162,train,0.14318051934242249
162,train,0.164316326379776
162,train,0.13030624389648438
162,train,0.16835863888263702
162,train,0.12744970619678497
162,train,0.20405957102775574
162,train,0.16386230289936066
162,train,0.1547866016626358
162,train,0.13169610500335693
162,train,0.1874144822359085
162,train,0.1329496055841446
162,train,0.22003786265850067
162,train,0.20272564888000488
162,train,0.18811623752117157
162,train,0.20190559327602386
163,train,0.21786817908287048
163,train,0.1474069207906723
163,train,0.1815047264099121
163,train,0.13150614500045776
163,train,0.15317635238170624
163,train,0.17192421853542328
163,train,0.13274624943733215
163,train,0.17628856003284454
163,train,0.15003959834575653
163,train,0.14493103325366974
163,train,0.17462731897830963
163,train,0.203414186835289
163,train,0.17541132867336273
163,train,0.1960376501083374
163,train,0.1372157782316208
163,train,0.20230865478515625
163,train,0.18244710564613342
163,train,0.16324646770954132
163,train,0.12963664531707764
163,train,0.15711519122123718
164,train,0.18938498198986053
164,train,0.14302735030651093
164,train,0.16656231880187988
164,train,0.15385550260543823
164,train,0.15806420147418976
164,train,0.14086134731769562
164,train,0.13851891458034515
164,train,0.1236601322889328
164,train,0.19919060170650482
164,train,0.1320316195487976
164,train,0.14949899911880493
164,train,0.14722280204296112
164,train,0.16841350495815277
164,train,0.17621953785419464
164,train,0.2305040806531906
164,train,0.12231706082820892
164,train,0.18990479409694672
164,train,0.18156668543815613
164,train,0.1912505328655243
164,train,0.15483802556991577
165,train,0.20907935500144958
165,train,0.1817511022090912
165,train,0.1233418881893158
165,train,0.19982744753360748
165,train,0.22958904504776
165,train,0.16644713282585144
165,train,0.20458601415157318
165,train,0.15707823634147644
165,train,0.18772168457508087
165,train,0.13577930629253387
165,train,0.14349429309368134
165,train,0.13719411194324493
165,train,0.14463117718696594
165,train,0.15593665838241577
165,train,0.15449446439743042
165,train,0.1835746467113495
165,train,0.1415291130542755
165,train,0.16715107858181
165,train,0.12779492139816284
165,train,0.1899901032447815
166,train,0.13457781076431274
166,train,0.16523274779319763
166,train,0.1266539990901947
166,train,0.16993863880634308
166,train,0.14504924416542053
166,train,0.185144305229187
166,train,0.1773696392774582
166,train,0.1763187199831009
166,train,0.16319456696510315
166,train,0.19170024991035461
166,train,0.21803124248981476
166,train,0.17072337865829468
166,train,0.1566656231880188
166,train,0.14481423795223236
166,train,0.13176263868808746
166,train,0.17630472779273987
166,train,0.26717808842658997
166,train,0.26787155866622925
166,train,0.13591057062149048
166,train,0.17883920669555664
167,train,0.18743503093719482
167,train,0.17183499038219452
167,train,0.15272124111652374
167,train,0.12855607271194458
167,train,0.2249743491411209
167,train,0.12875106930732727
167,train,0.13902008533477783
167,train,0.2034802883863449
167,train,0.2338191568851471
167,train,0.14087045192718506
167,train,0.18111437559127808
167,train,0.12089069932699203
167,train,0.13667377829551697
167,train,0.1448596864938736
167,train,0.19608865678310394
167,train,0.20542004704475403
167,train,0.13771681487560272
167,train,0.12284035980701447
167,train,0.15745264291763306
167,train,0.2194920778274536
168,train,0.13485796749591827
168,train,0.14035341143608093
168,train,0.16187706589698792
168,train,0.16891083121299744
168,train,0.143523171544075
168,train,0.15058934688568115
168,train,0.18052685260772705
168,train,0.172933891415596
168,train,0.1632276177406311
168,train,0.14393609762191772
168,train,0.22425727546215057
168,train,0.17601637542247772
168,train,0.14443126320838928
168,train,0.21900802850723267
168,train,0.2013130635023117
168,train,0.2160014659166336
168,train,0.1367296725511551
168,train,0.1535559892654419
168,train,0.12952977418899536
168,train,0.1681891530752182
169,train,0.13412180542945862
169,train,0.1466265320777893
169,train,0.1308930516242981
169,train,0.1775837242603302
169,train,0.19076545536518097
169,train,0.18581688404083252
169,train,0.19132044911384583
169,train,0.16110175848007202
169,train,0.13473890721797943
169,train,0.14535406231880188
169,train,0.135763481259346
169,train,0.16143009066581726
169,train,0.2005656212568283
169,train,0.20460036396980286
169,train,0.1136990562081337
169,train,0.21640612185001373
169,train,0.17174026370048523
169,train,0.13602404296398163
169,train,0.1479981690645218
169,train,0.13220162689685822
170,train,0.14673222601413727
170,train,0.13006450235843658
170,train,0.19685249030590057
170,train,0.16310955584049225
170,train,0.20550808310508728
170,train,0.11652933061122894
170,train,0.14266304671764374
170,train,0.2228139191865921
170,train,0.1870131939649582
170,train,0.14547599852085114
170,train,0.18485327064990997
170,train,0.1449306160211563
170,train,0.1600913554430008
170,train,0.1709425151348114
170,train,0.17726998031139374
170,train,0.21012313663959503
170,train,0.13255910575389862
170,train,0.12207207083702087
170,train,0.14504778385162354
170,train,0.2379472851753235
171,train,0.12686984241008759
171,train,0.11955615133047104
171,train,0.1317070573568344
171,train,0.23180609941482544
171,train,0.1694730818271637
171,train,0.193600594997406
171,train,0.11415918171405792
171,train,0.16756859421730042
171,train,0.1375688910484314
171,train,0.15139684081077576
171,train,0.1755220592021942
171,train,0.1717335283756256
171,train,0.1284133493900299
171,train,0.13581590354442596
171,train,0.1308923214673996
171,train,0.16737103462219238
171,train,0.13763217628002167
171,train,0.26693296432495117
171,train,0.15235070884227753
171,train,0.16380096971988678
172,train,0.17980004847049713
172,train,0.19123247265815735
172,train,0.19429583847522736
172,train,0.16006894409656525
172,train,0.18259018659591675
172,train,0.12707628309726715
172,train,0.1679116040468216
172,train,0.11840750277042389
172,train,0.1914450079202652
172,train,0.22822074592113495
172,train,0.19555699825286865
172,train,0.10762311518192291
172,train,0.16812925040721893
172,train,0.12932206690311432
172,train,0.12914791703224182
172,train,0.15004001557826996
172,train,0.15507709980010986
172,train,0.162882000207901
172,train,0.13883446156978607
172,train,0.1391996145248413
173,train,0.22608642280101776
173,train,0.16587987542152405
173,train,0.13390882313251495
173,train,0.14245283603668213
173,train,0.1347125768661499
173,train,0.18000221252441406
173,train,0.20509350299835205
173,train,0.16753293573856354
173,train,0.13855992257595062
173,train,0.16405656933784485
173,train,0.1778152734041214
173,train,0.13526968657970428
173,train,0.12686534225940704
173,train,0.17887990176677704
173,train,0.1839379519224167
173,train,0.12438251078128815
173,train,0.20042572915554047
173,train,0.20043496787548065
173,train,0.20082035660743713
173,train,0.13128578662872314
174,train,0.12627173960208893
174,train,0.22723354399204254
174,train,0.16882732510566711
174,train,0.19230476021766663
174,train,0.19653621315956116
174,train,0.13067522644996643
174,train,0.14666910469532013
174,train,0.18463240563869476
174,train,0.19041495025157928
174,train,0.1810973882675171
174,train,0.19139958918094635
174,train,0.22554223239421844
174,train,0.20330435037612915
174,train,0.12747208774089813
174,train,0.15625208616256714
174,train,0.14169274270534515
174,train,0.18723177909851074
174,train,0.13162857294082642
174,train,0.15733596682548523
174,train,0.21517306566238403
175,train,0.12716007232666016
175,train,0.2152332365512848
175,train,0.1897963583469391
175,train,0.18222634494304657
175,train,0.12066513299942017
175,train,0.20946121215820312
175,train,0.18447595834732056
175,train,0.12733864784240723
175,train,0.1350272297859192
175,train,0.16922327876091003
175,train,0.17177830636501312
175,train,0.15080326795578003
175,train,0.15830852091312408
175,train,0.1845640242099762
175,train,0.18354254961013794
175,train,0.17583544552326202
175,train,0.12896130979061127
175,train,0.13145001232624054
175,train,0.186770960688591
175,train,0.20416578650474548
176,train,0.15891215205192566
176,train,0.25408437848091125
176,train,0.1966179460287094
176,train,0.14512278139591217
176,train,0.18531808257102966
176,train,0.17063093185424805
176,train,0.17198269069194794
176,train,0.21373459696769714
176,train,0.17462670803070068
176,train,0.12522368133068085
176,train,0.17435896396636963
176,train,0.18943382799625397
176,train,0.1382901966571808
176,train,0.17855867743492126
176,train,0.14119987189769745
176,train,0.1909528225660324
176,train,0.143142968416214
176,train,0.2199079692363739
176,train,0.21990160644054413
176,train,0.12540802359580994
177,train,0.1514117568731308
177,train,0.15495188534259796
177,train,0.1470249593257904
177,train,0.17318886518478394
177,train,0.13943740725517273
177,train,0.19103381037712097
177,train,0.16717825829982758
177,train,0.17823635041713715
177,train,0.12881745398044586
177,train,0.2505832314491272
177,train,0.15496060252189636
177,train,0.1954088658094406
177,train,0.13833481073379517
177,train,0.15077050030231476
177,train,0.18123699724674225
177,train,0.14234785735607147
177,train,0.14007818698883057
177,train,0.15576937794685364
177,train,0.18560107052326202
177,train,0.1347547322511673
178,train,0.15593764185905457
178,train,0.18981240689754486
178,train,0.14921064674854279
178,train,0.16708320379257202
178,train,0.1970328539609909
178,train,0.11922352761030197
178,train,0.11170820891857147
178,train,0.13013875484466553
178,train,0.17464947700500488
178,train,0.1625669151544571
178,train,0.13890495896339417
178,train,0.20745423436164856
178,train,0.13831570744514465
178,train,0.15458083152770996
178,train,0.1494569331407547
178,train,0.230557382106781
178,train,0.2146744728088379
178,train,0.13173232972621918
178,train,0.16311343014240265
178,train,0.14165867865085602
179,train,0.13495157659053802
179,train,0.14367924630641937
179,train,0.22620919346809387
179,train,0.19553574919700623
179,train,0.12922115623950958
179,train,0.11949358880519867
179,train,0.14208412170410156
179,train,0.13692617416381836
179,train,0.15671944618225098
179,train,0.14663097262382507
179,train,0.13347677886486053
179,train,0.21456190943717957
179,train,0.11347101628780365
179,train,0.1466471254825592
179,train,0.18188424408435822
179,train,0.174209326505661
179,train,0.17155170440673828
179,train,0.12659691274166107
179,train,0.1198330894112587
179,train,0.10913491249084473
180,train,0.15506933629512787
180,train,0.11537078022956848
180,train,0.15095432102680206
180,train,0.1286376267671585
180,train,0.1555527001619339
180,train,0.13022427260875702
180,train,0.1838281899690628
180,train,0.1703091710805893
180,train,0.12242743372917175
180,train,0.12420476973056793
180,train,0.15922273695468903
180,train,0.14998412132263184
180,train,0.15312300622463226
180,train,0.13782252371311188
180,train,0.16150692105293274
180,train,0.19468049705028534
180,train,0.17395441234111786
180,train,0.12571357190608978
180,train,0.13849668204784393
180,train,0.15901049971580505
181,train,0.20515979826450348
181,train,0.1905050426721573
181,train,0.13811081647872925
181,train,0.2106884866952896
181,train,0.15741287171840668
181,train,0.16087132692337036
181,train,0.17140808701515198
181,train,0.14717784523963928
181,train,0.1817457377910614
181,train,0.12234557420015335
181,train,0.17924369871616364
181,train,0.16037844121456146
181,train,0.12496930360794067
181,train,0.1488392949104309
181,train,0.20254327356815338
181,train,0.15908466279506683
181,train,0.13575655221939087
181,train,0.13931255042552948
181,train,0.1567571759223938
181,train,0.1500023603439331
182,train,0.13002321124076843
182,train,0.15589874982833862
182,train,0.11295902729034424
182,train,0.19882211089134216
182,train,0.17061159014701843
182,train,0.13504192233085632
182,train,0.17401783168315887
182,train,0.20272336900234222
182,train,0.15942734479904175
182,train,0.15387113392353058
182,train,0.1147378459572792
182,train,0.12740781903266907
182,train,0.18006891012191772
182,train,0.1845848560333252
182,train,0.1983288824558258
182,train,0.17042408883571625
182,train,0.19895276427268982
182,train,0.13686904311180115
182,train,0.18313217163085938
182,train,0.130751833319664
183,train,0.17451916635036469
183,train,0.1648848056793213
183,train,0.1624259054660797
183,train,0.1195986419916153
183,train,0.17254501581192017
183,train,0.1825200319290161
183,train,0.17588065564632416
183,train,0.1514786183834076
183,train,0.21143899857997894
183,train,0.15010999143123627
183,train,0.1305970549583435
183,train,0.17786471545696259
183,train,0.15734469890594482
183,train,0.14155371487140656
183,train,0.14991246163845062
183,train,0.16604302823543549
183,train,0.1930951476097107
183,train,0.1900700330734253
183,train,0.2007947713136673
183,train,0.19994840025901794
184,train,0.14795856177806854
184,train,0.11206202208995819
184,train,0.12628251314163208
184,train,0.13691653311252594
184,train,0.17497964203357697
184,train,0.19261939823627472
184,train,0.2063206285238266
184,train,0.13253486156463623
184,train,0.12454578280448914
184,train,0.1373009830713272
184,train,0.1341715008020401
184,train,0.17151688039302826
184,train,0.11766479909420013
184,train,0.1972552388906479
184,train,0.12113755196332932
184,train,0.2084091752767563
184,train,0.1521679311990738
184,train,0.15627163648605347
184,train,0.13890978693962097
184,train,0.24158337712287903
185,train,0.12711040675640106
185,train,0.174078568816185
185,train,0.18918360769748688
185,train,0.1389768123626709
185,train,0.19356951117515564
185,train,0.13533107936382294
185,train,0.12999160587787628
185,train,0.18084776401519775
185,train,0.18140609562397003
185,train,0.13352835178375244
185,train,0.16972537338733673
185,train,0.1896815001964569
185,train,0.13296593725681305
185,train,0.13235972821712494
185,train,0.1611853390932083
185,train,0.15843109786510468
185,train,0.13496503233909607
185,train,0.22416391968727112
185,train,0.1916801631450653
185,train,0.14297620952129364
186,train,0.1384926438331604
186,train,0.1492622196674347
186,train,0.19424685835838318
186,train,0.13198451697826385
186,train,0.13575178384780884
186,train,0.20235535502433777
186,train,0.21028658747673035
186,train,0.13039986789226532
186,train,0.18046849966049194
186,train,0.1745554357767105
186,train,0.22157683968544006
186,train,0.12813827395439148
186,train,0.1832350194454193
186,train,0.1275787055492401
186,train,0.2005327194929123
186,train,0.12186809629201889
186,train,0.11650672554969788
186,train,0.18856151401996613
186,train,0.15222322940826416
186,train,0.16542699933052063
187,train,0.1691327542066574
187,train,0.17241786420345306
187,train,0.1202746331691742
187,train,0.1545615792274475
187,train,0.1248086541891098
187,train,0.20334801077842712
187,train,0.2304745316505432
187,train,0.1624688059091568
187,train,0.10639229416847229
187,train,0.13583286106586456
187,train,0.17820316553115845
187,train,0.16084139049053192
187,train,0.20324458181858063
187,train,0.2362624555826187
187,train,0.14343857765197754
187,train,0.1937868446111679
187,train,0.12180718034505844
187,train,0.17526179552078247
187,train,0.14236469566822052
187,train,0.2000768482685089
188,train,0.13916103541851044
188,train,0.17466765642166138
188,train,0.12924045324325562
188,train,0.1702795773744583
188,train,0.16298799216747284
188,train,0.12754099071025848
188,train,0.16263338923454285
188,train,0.13089130818843842
188,train,0.14915454387664795
188,train,0.13670788705348969
188,train,0.13772672414779663
188,train,0.13941097259521484
188,train,0.1803514063358307
188,train,0.18867385387420654
188,train,0.22693461179733276
188,train,0.24848110973834991
188,train,0.11908457428216934
188,train,0.12663209438323975
188,train,0.22283430397510529
188,train,0.22936058044433594
189,train,0.16218897700309753
189,train,0.12377103418111801
189,train,0.1900181621313095
189,train,0.13150295615196228
189,train,0.15337391197681427
189,train,0.19489513337612152
189,train,0.15028369426727295
189,train,0.14830282330513
189,train,0.1970367431640625
189,train,0.1619379073381424
189,train,0.12894544005393982
189,train,0.16944096982479095
189,train,0.19569817185401917
189,train,0.14888349175453186
189,train,0.21327921748161316
189,train,0.16136561334133148
189,train,0.20087876915931702
189,train,0.16369296610355377
189,train,0.13894352316856384
189,train,0.19271941483020782
190,train,0.18832433223724365
190,train,0.1330031305551529
190,train,0.11736131459474564
190,train,0.11621472984552383
190,train,0.17427141964435577
190,train,0.192122220993042
190,train,0.12621185183525085
190,train,0.18988491594791412
190,train,0.13060346245765686
190,train,0.13653574883937836
190,train,0.17262911796569824
190,train,0.13926857709884644
190,train,0.1952122300863266
190,train,0.20041495561599731
190,train,0.1444845050573349
190,train,0.1885477602481842
190,train,0.16958466172218323
190,train,0.2226349413394928
190,train,0.14870251715183258
190,train,0.1659485250711441
191,train,0.17851941287517548
191,train,0.18724684417247772
191,train,0.11097752302885056
191,train,0.18620070815086365
191,train,0.1794911026954651
191,train,0.16372402012348175
191,train,0.15309469401836395
191,train,0.12906944751739502
191,train,0.1542183756828308
191,train,0.17775742709636688
191,train,0.16478314995765686
191,train,0.17685791850090027
191,train,0.1217799112200737
191,train,0.16588163375854492
191,train,0.13178148865699768
191,train,0.13128027319908142
191,train,0.1914414018392563
191,train,0.18140383064746857
191,train,0.13180579245090485
191,train,0.18908990919589996
192,train,0.19406510889530182
192,train,0.17548972368240356
192,train,0.14063015580177307
192,train,0.15275134146213531
192,train,0.1956726312637329
192,train,0.13271920382976532
192,train,0.17936305701732635
192,train,0.16613581776618958
192,train,0.19937564432621002
192,train,0.16499260067939758
192,train,0.15934276580810547
192,train,0.14331956207752228
192,train,0.18117964267730713
192,train,0.17000862956047058
192,train,0.16222421824932098
192,train,0.17562603950500488
192,train,0.16184595227241516
192,train,0.12152861058712006
192,train,0.1760309785604477
192,train,0.11168186366558075
193,train,0.1430848091840744
193,train,0.1587582379579544
193,train,0.1415822058916092
193,train,0.19938930869102478
193,train,0.16621661186218262
193,train,0.1728038340806961
193,train,0.1793503314256668
193,train,0.13002070784568787
193,train,0.1203303411602974
193,train,0.14653199911117554
193,train,0.13493451476097107
193,train,0.1788519024848938
193,train,0.17935249209403992
193,train,0.2131924331188202
193,train,0.19856299459934235
193,train,0.17349377274513245
193,train,0.18265625834465027
193,train,0.1375611275434494
193,train,0.20308496057987213
193,train,0.13698820769786835
194,train,0.12311288714408875
194,train,0.1277594417333603
194,train,0.14420822262763977
194,train,0.20237484574317932
194,train,0.17443569004535675
194,train,0.206904798746109
194,train,0.13725003600120544
194,train,0.14907856285572052
194,train,0.198276087641716
194,train,0.16337473690509796
194,train,0.1396321952342987
194,train,0.11611676961183548
194,train,0.18745845556259155
194,train,0.18529921770095825
194,train,0.14381185173988342
194,train,0.16656485199928284
194,train,0.21471917629241943
194,train,0.14357757568359375
194,train,0.1361016035079956
194,train,0.12964019179344177
195,train,0.12287240475416183
195,train,0.13174790143966675
195,train,0.16972453892230988
195,train,0.13459795713424683
195,train,0.1729450225830078
195,train,0.20410847663879395
195,train,0.1387132853269577
195,train,0.15968748927116394
195,train,0.17891718447208405
195,train,0.20123876631259918
195,train,0.1701522171497345
195,train,0.19027520716190338
195,train,0.1622624397277832
195,train,0.18313945829868317
195,train,0.17858295142650604
195,train,0.17580486834049225
195,train,0.14493010938167572
195,train,0.13003896176815033
195,train,0.14944912493228912
195,train,0.16789518296718597
196,train,0.22057506442070007
196,train,0.18962222337722778
196,train,0.17651218175888062
196,train,0.1454683095216751
196,train,0.2105625718832016
196,train,0.1337573230266571
196,train,0.14447912573814392
196,train,0.20659059286117554
196,train,0.18912462890148163
196,train,0.16861389577388763
196,train,0.20046338438987732
196,train,0.1325691193342209
196,train,0.1594378501176834
196,train,0.1580733209848404
196,train,0.18662922084331512
196,train,0.15653438866138458
196,train,0.1139831393957138
196,train,0.12900257110595703
196,train,0.11979573965072632
196,train,0.17145711183547974
197,train,0.14413204789161682
197,train,0.12567290663719177
197,train,0.20669153332710266
197,train,0.15571382641792297
197,train,0.13205179572105408
197,train,0.11998079717159271
197,train,0.2403363287448883
197,train,0.11983805894851685
197,train,0.17834147810935974
197,train,0.178415447473526
197,train,0.19681239128112793
197,train,0.213933527469635
197,train,0.13719293475151062
197,train,0.16675281524658203
197,train,0.16823306679725647
197,train,0.14324893057346344
197,train,0.1278100311756134
197,train,0.1336991935968399
197,train,0.12226936221122742
197,train,0.14873462915420532
198,train,0.16725598275661469
198,train,0.15853960812091827
198,train,0.16419832408428192
198,train,0.12918925285339355
198,train,0.13801373541355133
198,train,0.1159827709197998
198,train,0.1322903335094452
198,train,0.12550769746303558
198,train,0.12777498364448547
198,train,0.18203796446323395
198,train,0.15164273977279663
198,train,0.1512802541255951
198,train,0.1195446327328682
198,train,0.164922833442688
198,train,0.16947190463542938
198,train,0.15937915444374084
198,train,0.17433595657348633
198,train,0.16988146305084229
198,train,0.12378610670566559
198,train,0.16115982830524445
199,train,0.16188360750675201
199,train,0.2081872522830963
199,train,0.14336217939853668
199,train,0.19683758914470673
199,train,0.17561516165733337
199,train,0.13456712663173676
199,train,0.1784178763628006
199,train,0.13454392552375793
199,train,0.1349433958530426
199,train,0.12317301332950592
199,train,0.12619520723819733
199,train,0.13209575414657593
199,train,0.13614480197429657
199,train,0.13012827932834625
199,train,0.1964220255613327
199,train,0.1593378484249115
199,train,0.17482852935791016
199,train,0.13339638710021973
199,train,0.1582278460264206
199,train,0.12619642913341522
200,train,0.2253665179014206
200,train,0.15402783453464508
200,train,0.1688048243522644
200,train,0.12290137261152267
200,train,0.15602195262908936
200,train,0.1420578956604004
200,train,0.1443515419960022
200,train,0.12073473632335663
200,train,0.18582317233085632
200,train,0.17886662483215332
200,train,0.16848203539848328
200,train,0.16380861401557922
200,train,0.12731073796749115
200,train,0.19522225856781006
200,train,0.1873931735754013
200,train,0.14316284656524658
200,train,0.15013375878334045
200,train,0.1365603357553482
200,train,0.14537166059017181
200,train,0.18601834774017334
201,train,0.12555411458015442
201,train,0.18061432242393494
201,train,0.12239391356706619
201,train,0.1576550006866455
201,train,0.1242542639374733
201,train,0.18279041349887848
201,train,0.1695624738931656
201,train,0.1796530932188034
201,train,0.12117313593626022
201,train,0.11989545077085495
201,train,0.16604888439178467
201,train,0.16223758459091187
201,train,0.15600532293319702
201,train,0.14043842256069183
201,train,0.1705353856086731
201,train,0.17756280303001404
201,train,0.1240001767873764
201,train,0.15141107141971588
201,train,0.15804561972618103
201,train,0.17419715225696564
202,train,0.20228427648544312
202,train,0.14295446872711182
202,train,0.13475051522254944
202,train,0.17981070280075073
202,train,0.21729980409145355
202,train,0.12138532847166061
202,train,0.15398304164409637
202,train,0.15852314233779907
202,train,0.18327349424362183
202,train,0.16996344923973083
202,train,0.14463767409324646
202,train,0.13114188611507416
202,train,0.12896357476711273
202,train,0.12811678647994995
202,train,0.1506318897008896
202,train,0.11505970358848572
202,train,0.21708475053310394
202,train,0.13341595232486725
202,train,0.13695338368415833
202,train,0.1654331535100937
203,train,0.11747433990240097
203,train,0.15002688765525818
203,train,0.12694916129112244
203,train,0.15776564180850983
203,train,0.14997583627700806
203,train,0.17775346338748932
203,train,0.18846234679222107
203,train,0.17686353623867035
203,train,0.15866684913635254
203,train,0.1166657954454422
203,train,0.14405526220798492
203,train,0.2073373943567276
203,train,0.14458078145980835
203,train,0.12489142268896103
203,train,0.14791756868362427
203,train,0.2243838757276535
203,train,0.168324276804924
203,train,0.14712193608283997
203,train,0.11002155393362045
203,train,0.20451807975769043
204,train,0.1136910691857338
204,train,0.12383218854665756
204,train,0.11844310909509659
204,train,0.18322010338306427
204,train,0.16543348133563995
204,train,0.12353378534317017
204,train,0.18161654472351074
204,train,0.15980707108974457
204,train,0.1615329533815384
204,train,0.12875860929489136
204,train,0.12485841661691666
204,train,0.16076257824897766
204,train,0.16276659071445465
204,train,0.13351422548294067
204,train,0.1939348429441452
204,train,0.15164019167423248
204,train,0.17431758344173431
204,train,0.13688893616199493
204,train,0.19207264482975006
204,train,0.17287424206733704
205,train,0.14828701317310333
205,train,0.1740925908088684
205,train,0.17435956001281738
205,train,0.13894066214561462
205,train,0.1675867885351181
205,train,0.14238765835762024
205,train,0.16500256955623627
205,train,0.13851171731948853
205,train,0.12895631790161133
205,train,0.14928783476352692
205,train,0.11770673096179962
205,train,0.16129660606384277
205,train,0.12842850387096405
205,train,0.14663340151309967
205,train,0.19368916749954224
205,train,0.1714816689491272
205,train,0.21546965837478638
205,train,0.14516031742095947
205,train,0.18263787031173706
205,train,0.12189190089702606
206,train,0.17722554504871368
206,train,0.1558253914117813
206,train,0.14100469648838043
206,train,0.20306970179080963
206,train,0.1929560899734497
206,train,0.2213616520166397
206,train,0.10742669552564621
206,train,0.16379432380199432
206,train,0.1380470246076584
206,train,0.15726560354232788
206,train,0.15295109152793884
206,train,0.11683688312768936
206,train,0.21451908349990845
206,train,0.1368340700864792
206,train,0.18642550706863403
206,train,0.18185143172740936
206,train,0.12670613825321198
206,train,0.12603701651096344
206,train,0.15817204117774963
206,train,0.16117729246616364
207,train,0.13809062540531158
207,train,0.18096911907196045
207,train,0.13834433257579803
207,train,0.1545581817626953
207,train,0.13681989908218384
207,train,0.16228821873664856
207,train,0.1877577155828476
207,train,0.1386169046163559
207,train,0.19353550672531128
207,train,0.17436088621616364
207,train,0.166377991437912
207,train,0.17209091782569885
207,train,0.14388407766819
207,train,0.12745238840579987
207,train,0.1268715262413025
207,train,0.13674211502075195
207,train,0.17145563662052155
207,train,0.18442301452159882
207,train,0.17667922377586365
207,train,0.15788798034191132
208,train,0.19222351908683777
208,train,0.18491877615451813
208,train,0.1814953088760376
208,train,0.17082679271697998
208,train,0.12693262100219727
208,train,0.1158459261059761
208,train,0.119275763630867
208,train,0.14263063669204712
208,train,0.11342460662126541
208,train,0.11780966818332672
208,train,0.20150835812091827
208,train,0.15417315065860748
208,train,0.1467953473329544
208,train,0.18345734477043152
208,train,0.19781237840652466
208,train,0.16972336173057556
208,train,0.1657540500164032
208,train,0.1420443207025528
208,train,0.11938060075044632
208,train,0.1794891506433487
209,train,0.14240601658821106
209,train,0.1625460982322693
209,train,0.16216892004013062
209,train,0.17319247126579285
209,train,0.1440030336380005
209,train,0.1303601861000061
209,train,0.2193133682012558
209,train,0.16786524653434753
209,train,0.12386631965637207
209,train,0.14261823892593384
209,train,0.14424392580986023
209,train,0.12625250220298767
209,train,0.2784872353076935
209,train,0.13200286030769348
209,train,0.12897948920726776
209,train,0.18464230000972748
209,train,0.15656007826328278
209,train,0.15527130663394928
209,train,0.170403391122818
209,train,0.18790502846240997
210,train,0.1505289375782013
210,train,0.13765178620815277
210,train,0.10915055871009827
210,train,0.18104563653469086
210,train,0.1940297782421112
210,train,0.12544600665569305
210,train,0.13282768428325653
210,train,0.16935354471206665
210,train,0.1893681138753891
210,train,0.12437105178833008
210,train,0.14871349930763245
210,train,0.15107959508895874
210,train,0.16830143332481384
210,train,0.19450052082538605
210,train,0.1533500701189041
210,train,0.13003000617027283
210,train,0.23373188078403473
210,train,0.13985253870487213
210,train,0.1269506812095642
210,train,0.21962030231952667
211,train,0.20811821520328522
211,train,0.14914695918560028
211,train,0.19224928319454193
211,train,0.1566227674484253
211,train,0.14963726699352264
211,train,0.2167533040046692
211,train,0.15524819493293762
211,train,0.1333204060792923
211,train,0.1630922555923462
211,train,0.14639164507389069
211,train,0.17176486551761627
211,train,0.14407087862491608
211,train,0.13155926764011383
211,train,0.13691382110118866
211,train,0.16754689812660217
211,train,0.11266636848449707
211,train,0.17703157663345337
211,train,0.1584671139717102
211,train,0.1846708059310913
211,train,0.16334280371665955
212,train,0.20074762403964996
212,train,0.11679507791996002
212,train,0.17854386568069458
212,train,0.16832861304283142
212,train,0.1254895180463791
212,train,0.14010179042816162
212,train,0.18239271640777588
212,train,0.2044643759727478
212,train,0.20156991481781006
212,train,0.1823592334985733
212,train,0.15699589252471924
212,train,0.12060506641864777
212,train,0.19711051881313324
212,train,0.15527692437171936
212,train,0.15181274712085724
212,train,0.1304113268852234
212,train,0.14753858745098114
212,train,0.12781886756420135
212,train,0.1231078952550888
212,train,0.16311469674110413
213,train,0.19774414598941803
213,train,0.12421968579292297
213,train,0.11956910789012909
213,train,0.14763639867305756
213,train,0.18242289125919342
213,train,0.15192264318466187
213,train,0.13564130663871765
213,train,0.2036486566066742
213,train,0.18847817182540894
213,train,0.20716619491577148
213,train,0.11542605608701706
213,train,0.15390729904174805
213,train,0.13704679906368256
213,train,0.2049311399459839
213,train,0.18041875958442688
213,train,0.12835077941417694
213,train,0.16974766552448273
213,train,0.1284283846616745
213,train,0.13277779519557953
213,train,0.16800816357135773
214,train,0.16986478865146637
214,train,0.15095005929470062
214,train,0.12994995713233948
214,train,0.15853841602802277
214,train,0.15896989405155182
214,train,0.15853771567344666
214,train,0.18417766690254211
214,train,0.12862823903560638
214,train,0.12008371949195862
214,train,0.1638617217540741
214,train,0.1952035278081894
214,train,0.12961947917938232
214,train,0.18294954299926758
214,train,0.18087153136730194
214,train,0.18965204060077667
214,train,0.12145921587944031
214,train,0.13619214296340942
214,train,0.15486681461334229
214,train,0.1911904513835907
214,train,0.1295994371175766
215,train,0.1339016854763031
215,train,0.22395598888397217
215,train,0.12675054371356964
215,train,0.19510282576084137
215,train,0.11939198523759842
215,train,0.19010715186595917
215,train,0.15748651325702667
215,train,0.1656917780637741
215,train,0.1485990285873413
215,train,0.1288280189037323
215,train,0.14143605530261993
215,train,0.15629644691944122
215,train,0.16228137910366058
215,train,0.17694738507270813
215,train,0.16691854596138
215,train,0.1579178422689438
215,train,0.14819172024726868
215,train,0.11957461386919022
215,train,0.17510005831718445
215,train,0.14157874882221222
216,train,0.11254362761974335
216,train,0.18153074383735657
216,train,0.18843740224838257
216,train,0.139695942401886
216,train,0.13980509340763092
216,train,0.16922028362751007
216,train,0.13976459205150604
216,train,0.13132186233997345
216,train,0.12128516286611557
216,train,0.13910090923309326
216,train,0.1941177248954773
216,train,0.13665716350078583
216,train,0.13764064013957977
216,train,0.1788828819990158
216,train,0.17989885807037354
216,train,0.2289290875196457
216,train,0.16992855072021484
216,train,0.1469554752111435
216,train,0.1336781531572342
216,train,0.14335113763809204
217,train,0.17776992917060852
217,train,0.1923944354057312
217,train,0.16694530844688416
217,train,0.14218750596046448
217,train,0.13445894420146942
217,train,0.17158888280391693
217,train,0.14527641236782074
217,train,0.17668618261814117
217,train,0.1319134384393692
217,train,0.1241786852478981
217,train,0.19176535308361053
217,train,0.1351146548986435
217,train,0.14769220352172852
217,train,0.1606331467628479
217,train,0.11830852925777435
217,train,0.12001720815896988
217,train,0.18887077271938324
217,train,0.13492967188358307
217,train,0.12889288365840912
217,train,0.19564247131347656
218,train,0.17176620662212372
218,train,0.1836026906967163
218,train,0.2116246521472931
218,train,0.17309585213661194
218,train,0.16012990474700928
218,train,0.16747672855854034
218,train,0.15090613067150116
218,train,0.11892329156398773
218,train,0.17572784423828125
218,train,0.15043506026268005
218,train,0.1402219831943512
218,train,0.12328404188156128
218,train,0.17529211938381195
218,train,0.15612423419952393
218,train,0.1812199056148529
218,train,0.14532017707824707
218,train,0.14238443970680237
218,train,0.19233670830726624
218,train,0.12502457201480865
218,train,0.15185795724391937
219,train,0.13096363842487335
219,train,0.12268931418657303
219,train,0.14540870487689972
219,train,0.11758535355329514
219,train,0.19031791388988495
219,train,0.15804681181907654
219,train,0.1464460790157318
219,train,0.1866912543773651
219,train,0.1269470900297165
219,train,0.1499960869550705
219,train,0.1184353306889534
219,train,0.16533055901527405
219,train,0.23116759955883026
219,train,0.1615266501903534
219,train,0.1429610550403595
219,train,0.1658492535352707
219,train,0.13154304027557373
219,train,0.2220078557729721
219,train,0.13750240206718445
219,train,0.15701617300510406
220,train,0.1777816265821457
220,train,0.12139813601970673
220,train,0.14146937429904938
220,train,0.13053461909294128
220,train,0.1590466946363449
220,train,0.15813198685646057
220,train,0.14058439433574677
220,train,0.11127554625272751
220,train,0.1344538778066635
220,train,0.1532835215330124
220,train,0.15429610013961792
220,train,0.1892126053571701
220,train,0.21038587391376495
220,train,0.1887345016002655
220,train,0.184127539396286
220,train,0.13477694988250732
220,train,0.19909259676933289
220,train,0.1312887966632843
220,train,0.11308961361646652
220,train,0.14054782688617706
221,train,0.12601034343242645
221,train,0.12664523720741272
221,train,0.13391517102718353
221,train,0.11490051448345184
221,train,0.15096402168273926
221,train,0.13750578463077545
221,train,0.1327996402978897
221,train,0.14208561182022095
221,train,0.1493108570575714
221,train,0.15544667840003967
221,train,0.1607874631881714
221,train,0.17510294914245605
221,train,0.12565763294696808
221,train,0.16461363434791565
221,train,0.12089098989963531
221,train,0.14065201580524445
221,train,0.18327561020851135
221,train,0.12341666221618652
221,train,0.1344916969537735
221,train,0.2327834963798523
222,train,0.1572817713022232
222,train,0.18254795670509338
222,train,0.14065606892108917
222,train,0.1498846858739853
222,train,0.14727966487407684
222,train,0.16886906325817108
222,train,0.13514919579029083
222,train,0.13975739479064941
222,train,0.15344002842903137
222,train,0.1608247011899948
222,train,0.12981364130973816
222,train,0.14111480116844177
222,train,0.24507233500480652
222,train,0.15127573907375336
222,train,0.1937594711780548
222,train,0.16240942478179932
222,train,0.12845396995544434
222,train,0.1317974328994751
222,train,0.1296377182006836
222,train,0.16620022058486938
223,train,0.12103594839572906
223,train,0.15111273527145386
223,train,0.14632204174995422
223,train,0.20155300199985504
223,train,0.13269749283790588
223,train,0.15307791531085968
223,train,0.2457950860261917
223,train,0.1168670505285263
223,train,0.18874426186084747
223,train,0.2316652536392212
223,train,0.12197515368461609
223,train,0.18338972330093384
223,train,0.13624709844589233
223,train,0.10816352069377899
223,train,0.17800083756446838
223,train,0.14581863582134247
223,train,0.15050698816776276
223,train,0.14831304550170898
223,train,0.1282801479101181
223,train,0.14098653197288513
224,train,0.1400032639503479
224,train,0.12736117839813232
224,train,0.13089554011821747
224,train,0.14555229246616364
224,train,0.15659946203231812
224,train,0.20039956271648407
224,train,0.16783113777637482
224,train,0.15599098801612854
224,train,0.11588729918003082
224,train,0.12547731399536133
224,train,0.15522491931915283
224,train,0.13280193507671356
224,train,0.14460402727127075
224,train,0.17427457869052887
224,train,0.1794334501028061
224,train,0.1440807729959488
224,train,0.16482020914554596
224,train,0.13589349389076233
224,train,0.173941969871521
224,train,0.1965886801481247
225,train,0.14992721378803253
225,train,0.19653138518333435
225,train,0.14076656103134155
225,train,0.1710769385099411
225,train,0.1682894229888916
225,train,0.10852126777172089
225,train,0.16625699400901794
225,train,0.12402605265378952
225,train,0.1502123475074768
225,train,0.17879052460193634
225,train,0.17969797551631927
225,train,0.12791089713573456
225,train,0.11921583116054535
225,train,0.12249767780303955
225,train,0.204433411359787
225,train,0.2126932293176651
225,train,0.18058517575263977
225,train,0.18120259046554565
225,train,0.15259550511837006
225,train,0.1732325553894043
226,train,0.20027458667755127
226,train,0.13696284592151642
226,train,0.14114442467689514
226,train,0.174716055393219
226,train,0.15451903641223907
226,train,0.14536651968955994
226,train,0.1573789417743683
226,train,0.13220371305942535
226,train,0.18069185316562653
226,train,0.13711751997470856
226,train,0.12719257175922394
226,train,0.14194561541080475
226,train,0.11207704246044159
226,train,0.1333404779434204
226,train,0.17998886108398438
226,train,0.1798323392868042
226,train,0.14743107557296753
226,train,0.19170278310775757
226,train,0.17834752798080444
226,train,0.17383113503456116
227,train,0.13386447727680206
227,train,0.12611764669418335
227,train,0.1356569230556488
227,train,0.17770224809646606
227,train,0.13283249735832214
227,train,0.1179332509636879
227,train,0.1415073275566101
227,train,0.19517040252685547
227,train,0.15296348929405212
227,train,0.14626142382621765
227,train,0.18071268498897552
227,train,0.11065606027841568
227,train,0.1704767644405365
227,train,0.17227321863174438
227,train,0.13831327855587006
227,train,0.15244276821613312
227,train,0.17024552822113037
227,train,0.12038042396306992
227,train,0.1675206422805786
227,train,0.18725426495075226
228,train,0.18084225058555603
228,train,0.1363525539636612
228,train,0.12379287928342819
228,train,0.17259110510349274
228,train,0.12745285034179688
228,train,0.13013328611850739
228,train,0.1979333907365799
228,train,0.1463909149169922
228,train,0.15817499160766602
228,train,0.1639575958251953
228,train,0.18217267096042633
228,train,0.11459074169397354
228,train,0.15000049769878387
228,train,0.1282258778810501
228,train,0.19643187522888184
228,train,0.1683354526758194
228,train,0.15882763266563416
228,train,0.1772821992635727
228,train,0.13705550134181976
228,train,0.11812235414981842
229,train,0.17352131009101868
229,train,0.14230754971504211
229,train,0.19550976157188416
229,train,0.12127888202667236
229,train,0.14954251050949097
229,train,0.12614530324935913
229,train,0.151865154504776
229,train,0.21804176270961761
229,train,0.20610661804676056
229,train,0.13794927299022675
229,train,0.1625259667634964
229,train,0.14361248910427094
229,train,0.1495843529701233
229,train,0.12621675431728363
229,train,0.12950173020362854
229,train,0.203449085354805
229,train,0.13199758529663086
229,train,0.20442460477352142
229,train,0.1217995434999466
229,train,0.11675861477851868
230,train,0.15784981846809387
230,train,0.175532728433609
230,train,0.17232565581798553
230,train,0.12336944788694382
230,train,0.16173553466796875
230,train,0.15134479105472565
230,train,0.12957113981246948
230,train,0.20868325233459473
230,train,0.16244615614414215
230,train,0.1311654895544052
230,train,0.12243246287107468
230,train,0.13423755764961243
230,train,0.15370044112205505
230,train,0.2284579575061798
230,train,0.11704777181148529
230,train,0.13202084600925446
230,train,0.15934425592422485
230,train,0.1522335261106491
230,train,0.22869254648685455
230,train,0.15049608051776886
231,train,0.1635778695344925
231,train,0.13532754778862
231,train,0.12545931339263916
231,train,0.1279914528131485
231,train,0.1251290887594223
231,train,0.1942170262336731
231,train,0.17379529774188995
231,train,0.15644189715385437
231,train,0.12531311810016632
231,train,0.15323171019554138
231,train,0.18727648258209229
231,train,0.12069489806890488
231,train,0.15778347849845886
231,train,0.14257681369781494
231,train,0.12302558124065399
231,train,0.14723867177963257
231,train,0.19908396899700165
231,train,0.13930700719356537
231,train,0.18654829263687134
231,train,0.2243461310863495
232,train,0.16331085562705994
232,train,0.12238074094057083
232,train,0.12217983603477478
232,train,0.17713040113449097
232,train,0.13424064218997955
232,train,0.12486335635185242
232,train,0.14736855030059814
232,train,0.19734697043895721
232,train,0.1343178004026413
232,train,0.16384926438331604
232,train,0.15922702848911285
232,train,0.1485671103000641
232,train,0.15215809643268585
232,train,0.13268159329891205
232,train,0.1498580276966095
232,train,0.14324252307415009
232,train,0.1222660019993782
232,train,0.16411848366260529
232,train,0.21785868704319
232,train,0.14581431448459625
233,train,0.14356093108654022
233,train,0.17081956565380096
233,train,0.11712061613798141
233,train,0.12858432531356812
233,train,0.16837172210216522
233,train,0.15401187539100647
233,train,0.13668256998062134
233,train,0.18063884973526
233,train,0.12083133310079575
233,train,0.19401200115680695
233,train,0.21826861798763275
233,train,0.1714686006307602
233,train,0.2173827737569809
233,train,0.13001090288162231
233,train,0.16600526869297028
233,train,0.13486509025096893
233,train,0.14639951288700104
233,train,0.21524888277053833
233,train,0.12031135708093643
233,train,0.12422318756580353
234,train,0.12214329838752747
234,train,0.20379327237606049
234,train,0.12713658809661865
234,train,0.13251106441020966
234,train,0.1516314595937729
234,train,0.17431965470314026
234,train,0.1567797213792801
234,train,0.12168067693710327
234,train,0.1122165322303772
234,train,0.13093478977680206
234,train,0.12299030274152756
234,train,0.13569068908691406
234,train,0.1781730204820633
234,train,0.12762220203876495
234,train,0.1416657269001007
234,train,0.17441022396087646
234,train,0.18450503051280975
234,train,0.1333671361207962
234,train,0.21644626557826996
234,train,0.16877040266990662
235,train,0.17847447097301483
235,train,0.17894533276557922
235,train,0.13200043141841888
235,train,0.1504720002412796
235,train,0.15859182178974152
235,train,0.16057194769382477
235,train,0.1415257751941681
235,train,0.13562241196632385
235,train,0.1224532350897789
235,train,0.1810235232114792
235,train,0.16417329013347626
235,train,0.12414075434207916
235,train,0.12949207425117493
235,train,0.12816058099269867
235,train,0.13168840110301971
235,train,0.12800224125385284
235,train,0.19450679421424866
235,train,0.12468601763248444
235,train,0.16532044112682343
235,train,0.17787224054336548
236,train,0.1609160602092743
236,train,0.20384611189365387
236,train,0.13225044310092926
236,train,0.14927585422992706
236,train,0.14729750156402588
236,train,0.15118028223514557
236,train,0.14562149345874786
236,train,0.19207610189914703
236,train,0.11515212059020996
236,train,0.11238214373588562
236,train,0.13734330236911774
236,train,0.14097678661346436
236,train,0.22678343951702118
236,train,0.14045843482017517
236,train,0.1299702227115631
236,train,0.17552869021892548
236,train,0.16268014907836914
236,train,0.1435289829969406
236,train,0.1418616622686386
236,train,0.1749643236398697
237,train,0.17523646354675293
237,train,0.14860624074935913
237,train,0.12713506817817688
237,train,0.1257500946521759
237,train,0.1293710172176361
237,train,0.13617342710494995
237,train,0.11848285794258118
237,train,0.13830767571926117
237,train,0.15583667159080505
237,train,0.19789430499076843
237,train,0.1273198127746582
237,train,0.14431655406951904
237,train,0.12321174889802933
237,train,0.15621444582939148
237,train,0.1500694453716278
237,train,0.1424194723367691
237,train,0.16705746948719025
237,train,0.11414147913455963
237,train,0.15463940799236298
237,train,0.1914013773202896
238,train,0.1343015730381012
238,train,0.1272612065076828
238,train,0.17316240072250366
238,train,0.15997979044914246
238,train,0.16378888487815857
238,train,0.17123684287071228
238,train,0.14991189539432526
238,train,0.15423619747161865
238,train,0.12282981723546982
238,train,0.15289223194122314
238,train,0.12395982444286346
238,train,0.17466039955615997
238,train,0.15158431231975555
238,train,0.2092347890138626
238,train,0.1885860711336136
238,train,0.14647628366947174
238,train,0.16809430718421936
238,train,0.11320378631353378
238,train,0.1409476101398468
238,train,0.17411275207996368
239,train,0.16847248375415802
239,train,0.16111983358860016
239,train,0.13822762668132782
239,train,0.1445140540599823
239,train,0.1569482833147049
239,train,0.1378284990787506
239,train,0.19548402726650238
239,train,0.10970339924097061
239,train,0.17135664820671082
239,train,0.17156271636486053
239,train,0.1451720893383026
239,train,0.11044979095458984
239,train,0.13051705062389374
239,train,0.23068465292453766
239,train,0.131902277469635
239,train,0.20395727455615997
239,train,0.14860469102859497
239,train,0.13573278486728668
239,train,0.16112232208251953
239,train,0.15082961320877075
240,train,0.12991586327552795
240,train,0.12345510721206665
240,train,0.16185441613197327
240,train,0.15731145441532135
240,train,0.14618760347366333
240,train,0.14476563036441803
240,train,0.15516529977321625
240,train,0.16946907341480255
240,train,0.12640756368637085
240,train,0.12206578254699707
240,train,0.12206114828586578
240,train,0.14316102862358093
240,train,0.11806301772594452
240,train,0.13524149358272552
240,train,0.1658060997724533
240,train,0.12681560218334198
240,train,0.12414617836475372
240,train,0.16646823287010193
240,train,0.20480599999427795
240,train,0.1267344355583191
241,train,0.16230376064777374
241,train,0.13236570358276367
241,train,0.1682986319065094
241,train,0.15023715794086456
241,train,0.13901962339878082
241,train,0.15709301829338074
241,train,0.11743759363889694
241,train,0.18751773238182068
241,train,0.14904071390628815
241,train,0.12166058272123337
241,train,0.15776026248931885
241,train,0.18311913311481476
241,train,0.14333917200565338
241,train,0.14689421653747559
241,train,0.14097562432289124
241,train,0.16920925676822662
241,train,0.20582911372184753
241,train,0.16419093310832977
241,train,0.2376156747341156
241,train,0.11597034335136414
242,train,0.16655422747135162
242,train,0.12473107129335403
242,train,0.15874047577381134
242,train,0.16472186148166656
242,train,0.11623663455247879
242,train,0.16850335896015167
242,train,0.1251358985900879
242,train,0.11971084028482437
242,train,0.17232398688793182
242,train,0.1696314811706543
242,train,0.14602339267730713
242,train,0.15706203877925873
242,train,0.14133906364440918
242,train,0.15101970732212067
242,train,0.141755148768425
242,train,0.11902078986167908
242,train,0.17777639627456665
242,train,0.15544001758098602
242,train,0.11973078548908234
242,train,0.16739636659622192
243,train,0.16163259744644165
243,train,0.15845301747322083
243,train,0.16328001022338867
243,train,0.15750427544116974
243,train,0.13011465966701508
243,train,0.17447152733802795
243,train,0.1493576169013977
243,train,0.17143172025680542
243,train,0.12074465304613113
243,train,0.15477821230888367
243,train,0.11686881631612778
243,train,0.13693711161613464
243,train,0.1205083578824997
243,train,0.11573638021945953
243,train,0.1709670126438141
243,train,0.12690624594688416
243,train,0.11321069300174713
243,train,0.1743278056383133
243,train,0.16547146439552307
243,train,0.14623185992240906
244,train,0.1762298047542572
244,train,0.14515410363674164
244,train,0.14926061034202576
244,train,0.15072032809257507
244,train,0.1265525370836258
244,train,0.17195256054401398
244,train,0.12141027301549911
244,train,0.1462545096874237
244,train,0.1682366132736206
244,train,0.14301946759223938
244,train,0.11993756145238876
244,train,0.11782454699277878
244,train,0.1373036950826645
244,train,0.1492445021867752
244,train,0.18100886046886444
244,train,0.13258516788482666
244,train,0.12263452261686325
244,train,0.13573162257671356
244,train,0.15345604717731476
244,train,0.13408328592777252
245,train,0.13669651746749878
245,train,0.12408760190010071
245,train,0.18186460435390472
245,train,0.17208944261074066
245,train,0.20355404913425446
245,train,0.1573675572872162
245,train,0.12610121071338654
245,train,0.12361834198236465
245,train,0.1770421266555786
245,train,0.19589868187904358
245,train,0.12420277297496796
245,train,0.15360385179519653
245,train,0.1422853022813797
245,train,0.12699861824512482
245,train,0.1443229764699936
245,train,0.1356194168329239
245,train,0.18739230930805206
245,train,0.12278082221746445
245,train,0.18577159941196442
245,train,0.13883937895298004
246,train,0.1690453141927719
246,train,0.17574061453342438
246,train,0.12731270492076874
246,train,0.1528170108795166
246,train,0.2053416669368744
246,train,0.11741894483566284
246,train,0.12804359197616577
246,train,0.12157953530550003
246,train,0.13044273853302002
246,train,0.18350867927074432
246,train,0.15226072072982788
246,train,0.16667939722537994
246,train,0.16675575077533722
246,train,0.16932030022144318
246,train,0.13129621744155884
246,train,0.15717321634292603
246,train,0.11844071745872498
246,train,0.11479143053293228
246,train,0.13110482692718506
246,train,0.21057625114917755
247,train,0.11560167372226715
247,train,0.1747274547815323
247,train,0.12566055357456207
247,train,0.15525132417678833
247,train,0.1410776525735855
247,train,0.17589294910430908
247,train,0.17164039611816406
247,train,0.11621139943599701
247,train,0.12180580198764801
247,train,0.17115403711795807
247,train,0.1333031803369522
247,train,0.1370449811220169
247,train,0.12069910764694214
247,train,0.11593398451805115
247,train,0.16543251276016235
247,train,0.16427911818027496
247,train,0.12013056129217148
247,train,0.1554507613182068
247,train,0.20909298956394196
247,train,0.17845670878887177
248,train,0.1362907588481903
248,train,0.11860597133636475
248,train,0.11757908016443253
248,train,0.14243988692760468
248,train,0.16756361722946167
248,train,0.14064344763755798
248,train,0.13335849344730377
248,train,0.15640856325626373
248,train,0.11383800953626633
248,train,0.159990131855011
248,train,0.16059093177318573
248,train,0.1313406229019165
248,train,0.15977440774440765
248,train,0.20062744617462158
248,train,0.14460057020187378
248,train,0.12405731528997421
248,train,0.15640930831432343
248,train,0.17628054320812225
248,train,0.15950101613998413
248,train,0.12737545371055603
249,train,0.11887407302856445
249,train,0.16072045266628265
249,train,0.12476154416799545
249,train,0.18910178542137146
249,train,0.14847978949546814
249,train,0.13219217956066132
249,train,0.13948258757591248
249,train,0.12774929404258728
249,train,0.12372813373804092
249,train,0.2119482010602951
249,train,0.18944092094898224
249,train,0.17199483513832092
249,train,0.12811864912509918
249,train,0.11073460429906845
249,train,0.14296981692314148
249,train,0.12625205516815186
249,train,0.17769266664981842
249,train,0.1520628184080124
249,train,0.13510635495185852
249,train,0.1370537430047989
250,train,0.13352304697036743
250,train,0.11471284180879593
250,train,0.13095639646053314
250,train,0.11710110306739807
250,train,0.18650394678115845
250,train,0.1907152235507965
250,train,0.17776274681091309
250,train,0.15424926578998566
250,train,0.15730233490467072
250,train,0.1277007907629013
250,train,0.15533849596977234
250,train,0.119649238884449
250,train,0.14680689573287964
250,train,0.1319202035665512
250,train,0.19900260865688324
250,train,0.162527397274971
250,train,0.12848936021327972
250,train,0.12275627255439758
250,train,0.12082001566886902
250,train,0.1269589513540268
251,train,0.14677536487579346
251,train,0.16967245936393738
251,train,0.15892396867275238
251,train,0.14460192620754242
251,train,0.14479683339595795
251,train,0.1745445281267166
251,train,0.1171875
251,train,0.16970223188400269
251,train,0.11762359738349915
251,train,0.15289857983589172
251,train,0.1394767165184021
251,train,0.12722375988960266
251,train,0.18935146927833557
251,train,0.14833982288837433
251,train,0.15127021074295044
251,train,0.1574305146932602
251,train,0.11276720464229584
251,train,0.12126888334751129
251,train,0.20937106013298035
251,train,0.1404540240764618
252,train,0.13147816061973572
252,train,0.16388419270515442
252,train,0.1167507991194725
252,train,0.14082519710063934
252,train,0.13522198796272278
252,train,0.18446718156337738
252,train,0.17298536002635956
252,train,0.17047950625419617
252,train,0.18403920531272888
252,train,0.16660068929195404
252,train,0.1210000142455101
252,train,0.16655577719211578
252,train,0.11167500168085098
252,train,0.11401674896478653
252,train,0.18788042664527893
252,train,0.12491026520729065
252,train,0.12505832314491272
252,train,0.12767642736434937
252,train,0.1260957270860672
252,train,0.12856414914131165
253,train,0.1518021523952484
253,train,0.14762836694717407
253,train,0.10801800340414047
253,train,0.12528930604457855
253,train,0.15492495894432068
253,train,0.16270741820335388
253,train,0.12049488723278046
253,train,0.18399900197982788
253,train,0.13972921669483185
253,train,0.1424403339624405
253,train,0.12923237681388855
253,train,0.1506415605545044
253,train,0.11860857903957367
253,train,0.12552636861801147
253,train,0.20662154257297516
253,train,0.13976213335990906
253,train,0.15839703381061554
253,train,0.1691182404756546
253,train,0.17030249536037445
253,train,0.12208543717861176
254,train,0.1302870362997055
254,train,0.14180733263492584
254,train,0.1274106204509735
254,train,0.15438418090343475
254,train,0.130004420876503
254,train,0.17205975949764252
254,train,0.12515512108802795
254,train,0.12659600377082825
254,train,0.1349620372056961
254,train,0.20126217603683472
254,train,0.12470953166484833
254,train,0.15073426067829132
254,train,0.16750383377075195
254,train,0.13084940612316132
254,train,0.12472156435251236
254,train,0.21285605430603027
254,train,0.12457787990570068
254,train,0.1992783397436142
254,train,0.16232505440711975
254,train,0.12457696348428726
255,train,0.1493997871875763
255,train,0.11700151115655899
255,train,0.13398949801921844
255,train,0.13391351699829102
255,train,0.16517050564289093
255,train,0.16831421852111816
255,train,0.1558760404586792
255,train,0.1422014981508255
255,train,0.1562003791332245
255,train,0.1508810818195343
255,train,0.13405458629131317
255,train,0.11671402305364609
255,train,0.1589452624320984
255,train,0.11226477473974228
255,train,0.15568211674690247
255,train,0.16551785171031952
255,train,0.1872292160987854
255,train,0.12022601068019867
255,train,0.1322038471698761
255,train,0.16196215152740479
256,train,0.15964670479297638
256,train,0.1320233941078186
256,train,0.13116727769374847
256,train,0.15819135308265686
256,train,0.16951198875904083
256,train,0.1588771492242813
256,train,0.12156534940004349
256,train,0.11358203738927841
256,train,0.11211977899074554
256,train,0.12407775223255157
256,train,0.14404593408107758
256,train,0.14085383713245392
256,train,0.19132675230503082
256,train,0.16230206191539764
256,train,0.1448034942150116
256,train,0.1755906492471695
256,train,0.16634336113929749
256,train,0.10754503309726715
256,train,0.1252194046974182
256,train,0.13678503036499023
257,train,0.15382081270217896
257,train,0.17270693182945251
257,train,0.16921405494213104
257,train,0.1530725210905075
257,train,0.15530537068843842
257,train,0.12174428999423981
257,train,0.16379573941230774
257,train,0.13229279220104218
257,train,0.11407335847616196
257,train,0.18174602091312408
257,train,0.13904258608818054
257,train,0.1713346689939499
257,train,0.1534947156906128
257,train,0.13843099772930145
257,train,0.13448965549468994
257,train,0.15383265912532806
257,train,0.11957553774118423
257,train,0.1613026261329651
257,train,0.1366441696882248
257,train,0.13471798598766327
258,train,0.1349855214357376
258,train,0.15117338299751282
258,train,0.14470018446445465
258,train,0.19657683372497559
258,train,0.20017515122890472
258,train,0.13426297903060913
258,train,0.16736043989658356
258,train,0.1483718901872635
258,train,0.12163903564214706
258,train,0.16461659967899323
258,train,0.1854662299156189
258,train,0.16047942638397217
258,train,0.15462841093540192
258,train,0.13639500737190247
258,train,0.1440381109714508
258,train,0.15575145184993744
258,train,0.13376539945602417
258,train,0.16832813620567322
258,train,0.11575540155172348
258,train,0.11840325593948364
259,train,0.14809753000736237
259,train,0.1246386468410492
259,train,0.15752840042114258
259,train,0.11963066458702087
259,train,0.16958877444267273
259,train,0.13501916825771332
259,train,0.15839654207229614
259,train,0.1607493907213211
259,train,0.12848782539367676
259,train,0.18638013303279877
259,train,0.15255571901798248
259,train,0.1492728590965271
259,train,0.15398964285850525
259,train,0.14356298744678497
259,train,0.12895427644252777
259,train,0.12132468819618225
259,train,0.12053954601287842
259,train,0.1369345337152481
259,train,0.16872721910476685
259,train,0.1752709597349167
260,train,0.12212184071540833
260,train,0.1387558877468109
260,train,0.18526223301887512
260,train,0.16632212698459625
260,train,0.1369342803955078
260,train,0.17063985764980316
260,train,0.15399464964866638
260,train,0.12633541226387024
260,train,0.16160057485103607
260,train,0.1518644541501999
260,train,0.15779916942119598
260,train,0.14832156896591187
260,train,0.15705114603042603
260,train,0.1295379102230072
260,train,0.14587610960006714
260,train,0.17703157663345337
260,train,0.1818295270204544
260,train,0.1788797676563263
260,train,0.18756142258644104
260,train,0.13253635168075562
261,train,0.1590820550918579
261,train,0.12368638068437576
261,train,0.17802472412586212
261,train,0.1547480821609497
261,train,0.13150376081466675
261,train,0.1627112179994583
261,train,0.11610788851976395
261,train,0.16727517545223236
261,train,0.12357103824615479
261,train,0.15166075527668
261,train,0.12669627368450165
261,train,0.11777549982070923
261,train,0.12669827044010162
261,train,0.19093327224254608
261,train,0.1307838410139084
261,train,0.12039704620838165
261,train,0.10967711359262466
261,train,0.17291390895843506
261,train,0.15874096751213074
261,train,0.14170905947685242
262,train,0.11881209909915924
262,train,0.1278148740530014
262,train,0.11136249452829361
262,train,0.15056443214416504
262,train,0.15948760509490967
262,train,0.18535447120666504
262,train,0.12774407863616943
262,train,0.15115821361541748
262,train,0.16071288287639618
262,train,0.11742991209030151
262,train,0.11648965626955032
262,train,0.2131413370370865
262,train,0.15177515149116516
262,train,0.1501283347606659
262,train,0.12433404475450516
262,train,0.2747494578361511
262,train,0.15262240171432495
262,train,0.11755840480327606
262,train,0.14630025625228882
262,train,0.11169350147247314
263,train,0.13370870053768158
263,train,0.11852661520242691
263,train,0.14970791339874268
263,train,0.15407873690128326
263,train,0.12841016054153442
263,train,0.1777729094028473
263,train,0.12062641233205795
263,train,0.158646821975708
263,train,0.16199025511741638
263,train,0.13468590378761292
263,train,0.1217830553650856
263,train,0.11457136273384094
263,train,0.1796976774930954
263,train,0.1259256899356842
263,train,0.16193297505378723
263,train,0.13204702734947205
263,train,0.11238739639520645
263,train,0.1688096970319748
263,train,0.1448456346988678
263,train,0.15912875533103943
264,train,0.16531118750572205
264,train,0.10668807476758957
264,train,0.12799307703971863
264,train,0.1313469558954239
264,train,0.11992926150560379
264,train,0.1797039657831192
264,train,0.12963230907917023
264,train,0.20900575816631317
264,train,0.1778920739889145
264,train,0.18402822315692902
264,train,0.18823552131652832
264,train,0.13529199361801147
264,train,0.11855584383010864
264,train,0.13929492235183716
264,train,0.17844709753990173
264,train,0.18932823836803436
264,train,0.11118108779191971
264,train,0.11679263412952423
264,train,0.16352500021457672
264,train,0.18089525401592255
265,train,0.16443999111652374
265,train,0.1515055149793625
265,train,0.11982687562704086
265,train,0.18506428599357605
265,train,0.1530453860759735
265,train,0.1228548064827919
265,train,0.12628516554832458
265,train,0.15687668323516846
265,train,0.15981878340244293
265,train,0.16152425110340118
265,train,0.1257796585559845
265,train,0.13937388360500336
265,train,0.16721223294734955
265,train,0.11643128842115402
265,train,0.15005932748317719
265,train,0.18091367185115814
265,train,0.1377633512020111
265,train,0.1881667524576187
265,train,0.21007731556892395
265,train,0.14991310238838196
266,train,0.18755480647087097
266,train,0.1443144828081131
266,train,0.11690208315849304
266,train,0.11576922982931137
266,train,0.14862097799777985
266,train,0.17303594946861267
266,train,0.21176213026046753
266,train,0.17913928627967834
266,train,0.12132405489683151
266,train,0.15097583830356598
266,train,0.12614689767360687
266,train,0.20812173187732697
266,train,0.14157049357891083
266,train,0.1154990866780281
266,train,0.16008983552455902
266,train,0.1324576437473297
266,train,0.12897856533527374
266,train,0.16482897102832794
266,train,0.13057364523410797
266,train,0.16082149744033813
267,train,0.1695193201303482
267,train,0.1705256700515747
267,train,0.18212385475635529
267,train,0.1273329257965088
267,train,0.14659713208675385
267,train,0.1787087619304657
267,train,0.16167347133159637
267,train,0.19319432973861694
267,train,0.13869735598564148
267,train,0.15513144433498383
267,train,0.15889102220535278
267,train,0.11947478353977203
267,train,0.11674012988805771
267,train,0.13537456095218658
267,train,0.12596848607063293
267,train,0.17228229343891144
267,train,0.12136337161064148
267,train,0.12305078655481339
267,train,0.14760252833366394
267,train,0.12084844708442688
268,train,0.14859957993030548
268,train,0.17648962140083313
268,train,0.196602463722229
268,train,0.13237065076828003
268,train,0.15903830528259277
268,train,0.14781776070594788
268,train,0.11581553518772125
268,train,0.11949993669986725
268,train,0.1083245575428009
268,train,0.1878688931465149
268,train,0.15795648097991943
268,train,0.12933948636054993
268,train,0.14612311124801636
268,train,0.16110973060131073
268,train,0.13230575621128082
268,train,0.12209530919790268
268,train,0.14573770761489868
268,train,0.1313951313495636
268,train,0.16408902406692505
268,train,0.1533806324005127
269,train,0.1317223608493805
269,train,0.16526338458061218
269,train,0.17541880905628204
269,train,0.13899347186088562
269,train,0.17355526983737946
269,train,0.12264339625835419
269,train,0.12575513124465942
269,train,0.12122612446546555
269,train,0.16460713744163513
269,train,0.14965927600860596
269,train,0.13027261197566986
269,train,0.15116915106773376
269,train,0.16816306114196777
269,train,0.14932943880558014
269,train,0.18095612525939941
269,train,0.13600662350654602
269,train,0.19786855578422546
269,train,0.19231314957141876
269,train,0.1487736850976944
269,train,0.13006064295768738
270,train,0.12372280657291412
270,train,0.13372522592544556
270,train,0.15595079958438873
270,train,0.13205154240131378
270,train,0.11798320710659027
270,train,0.12189768254756927
270,train,0.14702501893043518
270,train,0.18313640356063843
270,train,0.15480993688106537
270,train,0.11330201476812363
270,train,0.1496608704328537
270,train,0.16667486727237701
270,train,0.16283145546913147
270,train,0.14999839663505554
270,train,0.1560594141483307
270,train,0.1359722912311554
270,train,0.12091481685638428
270,train,0.12049702554941177
270,train,0.1250706911087036
270,train,0.1459316909313202
271,train,0.16615377366542816
271,train,0.13996769487857819
271,train,0.11388172209262848
271,train,0.18724294006824493
271,train,0.14328938722610474
271,train,0.1428765505552292
271,train,0.128682479262352
271,train,0.17343106865882874
271,train,0.12475217133760452
271,train,0.12719343602657318
271,train,0.1836726814508438
271,train,0.12599532306194305
271,train,0.21142703294754028
271,train,0.1681593358516693
271,train,0.15388941764831543
271,train,0.11334902048110962
271,train,0.1596931517124176
271,train,0.15372122824192047
271,train,0.12076926231384277
271,train,0.14690373837947845
272,train,0.14735479652881622
272,train,0.13252857327461243
272,train,0.14332126080989838
272,train,0.14661097526550293
272,train,0.16688767075538635
272,train,0.13465069234371185
272,train,0.12952826917171478
272,train,0.11188582330942154
272,train,0.17869441211223602
272,train,0.1190483495593071
272,train,0.12217945605516434
272,train,0.15180006623268127
272,train,0.14549775421619415
272,train,0.15632648766040802
272,train,0.14354702830314636
272,train,0.12796612083911896
272,train,0.18818609416484833
272,train,0.11266310513019562
272,train,0.14315633475780487
272,train,0.14802131056785583
273,train,0.17467230558395386
273,train,0.1493760347366333
273,train,0.1195477619767189
273,train,0.13800866901874542
273,train,0.1412486881017685
273,train,0.1162700355052948
273,train,0.18988405168056488
273,train,0.15915115177631378
273,train,0.1437837779521942
273,train,0.20861485600471497
273,train,0.15694861114025116
273,train,0.1631392538547516
273,train,0.18230515718460083
273,train,0.12457993626594543
273,train,0.12080832570791245
273,train,0.1110500767827034
273,train,0.10882134735584259
273,train,0.16030199825763702
273,train,0.15043286979198456
273,train,0.16828256845474243
274,train,0.13344533741474152
274,train,0.18149039149284363
274,train,0.16697509586811066
274,train,0.15738913416862488
274,train,0.132984921336174
274,train,0.1646796464920044
274,train,0.17223501205444336
274,train,0.14930325746536255
274,train,0.10617578029632568
274,train,0.12190108746290207
274,train,0.11732877790927887
274,train,0.13744719326496124
274,train,0.20829468965530396
274,train,0.11494343727827072
274,train,0.10507956147193909
274,train,0.1848137527704239
274,train,0.16133233904838562
274,train,0.11813358962535858
274,train,0.14792823791503906
274,train,0.11858321726322174
275,train,0.13968801498413086
275,train,0.19238336384296417
275,train,0.1205751970410347
275,train,0.1615847945213318
275,train,0.13331882655620575
275,train,0.15523937344551086
275,train,0.1913824826478958
275,train,0.1478801965713501
275,train,0.12821663916110992
275,train,0.14924094080924988
275,train,0.18527257442474365
275,train,0.10678257793188095
275,train,0.11067764461040497
275,train,0.1164465919137001
275,train,0.1671934872865677
275,train,0.15211987495422363
275,train,0.13801701366901398
275,train,0.14515791833400726
275,train,0.12950441241264343
275,train,0.18015071749687195
276,train,0.15205053985118866
276,train,0.20202817022800446
276,train,0.11213564872741699
276,train,0.1289440244436264
276,train,0.13548403978347778
276,train,0.1416863203048706
276,train,0.1588105857372284
276,train,0.184920996427536
276,train,0.20116746425628662
276,train,0.12492738664150238
276,train,0.10622848570346832
276,train,0.14065970480442047
276,train,0.12607738375663757
276,train,0.1146857738494873
276,train,0.1475866138935089
276,train,0.15976259112358093
276,train,0.11466094851493835
276,train,0.11921174079179764
276,train,0.16874970495700836
276,train,0.16759128868579865
277,train,0.1102241724729538
277,train,0.1454065889120102
277,train,0.16444061696529388
277,train,0.18364372849464417
277,train,0.1383173018693924
277,train,0.14986352622509003
277,train,0.13690045475959778
277,train,0.2006441354751587
277,train,0.1328219175338745
277,train,0.12083939462900162
277,train,0.14069780707359314
277,train,0.1364395022392273
277,train,0.11693469434976578
277,train,0.1249767541885376
277,train,0.14248879253864288
277,train,0.15027670562267303
277,train,0.18070589005947113
277,train,0.13185106217861176
277,train,0.13137516379356384
277,train,0.13867197930812836
278,train,0.1827896237373352
278,train,0.11893109977245331
278,train,0.16291804611682892
278,train,0.15536127984523773
278,train,0.11530280858278275
278,train,0.14681969583034515
278,train,0.11395263671875
278,train,0.17112651467323303
278,train,0.16324779391288757
278,train,0.14682957530021667
278,train,0.16305217146873474
278,train,0.17865341901779175
278,train,0.15476371347904205
278,train,0.12029750645160675
278,train,0.16145239770412445
278,train,0.1480848491191864
278,train,0.1549956351518631
278,train,0.1700730174779892
278,train,0.18749572336673737
278,train,0.15003453195095062
279,train,0.1381722092628479
279,train,0.1539425253868103
279,train,0.1533103734254837
279,train,0.1295499950647354
279,train,0.16678281128406525
279,train,0.1391107738018036
279,train,0.15481308102607727
279,train,0.10220692306756973
279,train,0.14776431024074554
279,train,0.16342151165008545
279,train,0.16366176307201385
279,train,0.1535344272851944
279,train,0.11003449559211731
279,train,0.13360007107257843
279,train,0.17686380445957184
279,train,0.12377021461725235
279,train,0.1362801045179367
279,train,0.14717188477516174
279,train,0.18246150016784668
279,train,0.1962384581565857
280,train,0.15446361899375916
280,train,0.147940993309021
280,train,0.12589047849178314
280,train,0.1341564655303955
280,train,0.14928209781646729
280,train,0.12606491148471832
280,train,0.15058010816574097
280,train,0.15524320304393768
280,train,0.1384171098470688
280,train,0.1068454459309578
280,train,0.1439637541770935
280,train,0.12607420980930328
280,train,0.16021668910980225
280,train,0.11580196768045425
280,train,0.1539609730243683
280,train,0.14458376169204712
280,train,0.16133533418178558
280,train,0.11420560628175735
280,train,0.17495977878570557
280,train,0.15957731008529663
281,train,0.12159956246614456
281,train,0.14050550758838654
281,train,0.1685815453529358
281,train,0.1283993273973465
281,train,0.14532436430454254
281,train,0.12348111718893051
281,train,0.1563909500837326
281,train,0.14586812257766724
281,train,0.1307377964258194
281,train,0.11512842029333115
281,train,0.11876386404037476
281,train,0.14733323454856873
281,train,0.1566159427165985
281,train,0.12392579764127731
281,train,0.11686540395021439
281,train,0.12517495453357697
281,train,0.12950628995895386
281,train,0.14384080469608307
281,train,0.12248431891202927
281,train,0.13430696725845337
282,train,0.1784556359052658
282,train,0.1576734185218811
282,train,0.13233360648155212
282,train,0.1858646273612976
282,train,0.11621862649917603
282,train,0.14464159309864044
282,train,0.13096769154071808
282,train,0.17368821799755096
282,train,0.1298898607492447
282,train,0.18116715550422668
282,train,0.11967454105615616
282,train,0.16849300265312195
282,train,0.17589408159255981
282,train,0.18566526472568512
282,train,0.15109288692474365
282,train,0.10647328197956085
282,train,0.13200119137763977
282,train,0.1895395666360855
282,train,0.13649767637252808
282,train,0.12307082116603851
283,train,0.12930597364902496
283,train,0.1206468790769577
283,train,0.1406734585762024
283,train,0.14257943630218506
283,train,0.14159011840820312
283,train,0.14194069802761078
283,train,0.12163310497999191
283,train,0.11563420295715332
283,train,0.11826804280281067
283,train,0.11601346731185913
283,train,0.12588031589984894
283,train,0.11555547267198563
283,train,0.14942625164985657
283,train,0.15757408738136292
283,train,0.10882848501205444
283,train,0.16381798684597015
283,train,0.11106479912996292
283,train,0.14801791310310364
283,train,0.15584732592105865
283,train,0.1083834245800972
284,train,0.1419488787651062
284,train,0.15095706284046173
284,train,0.12151399999856949
284,train,0.14223143458366394
284,train,0.20076920092105865
284,train,0.16442130506038666
284,train,0.14426739513874054
284,train,0.12307684868574142
284,train,0.1341833472251892
284,train,0.12933005392551422
284,train,0.14306975901126862
284,train,0.14354857802391052
284,train,0.15391843020915985
284,train,0.1585819572210312
284,train,0.150563046336174
284,train,0.12359977513551712
284,train,0.16726668179035187
284,train,0.1914469301700592
284,train,0.13885344564914703
284,train,0.1704348772764206
285,train,0.16133703291416168
285,train,0.14601022005081177
285,train,0.15316276252269745
285,train,0.11662008613348007
285,train,0.15689325332641602
285,train,0.16489285230636597
285,train,0.15647511184215546
285,train,0.12129542976617813
285,train,0.13352535665035248
285,train,0.1484321653842926
285,train,0.12618474662303925
285,train,0.1323934644460678
285,train,0.17935456335544586
285,train,0.11384102702140808
285,train,0.17580103874206543
285,train,0.13019679486751556
285,train,0.11707058548927307
285,train,0.16250291466712952
285,train,0.12230903655290604
285,train,0.12362226098775864
286,train,0.16160929203033447
286,train,0.10146653652191162
286,train,0.15699169039726257
286,train,0.12435895949602127
286,train,0.12853334844112396
286,train,0.1424444615840912
286,train,0.16530559957027435
286,train,0.13148543238639832
286,train,0.18978483974933624
286,train,0.1272687315940857
286,train,0.10562749207019806
286,train,0.13139641284942627
286,train,0.15175876021385193
286,train,0.1657603681087494
286,train,0.11897812783718109
286,train,0.12133194506168365
286,train,0.12204192578792572
286,train,0.1717485636472702
286,train,0.14286990463733673
286,train,0.14298856258392334
287,train,0.12244521826505661
287,train,0.1176617369055748
287,train,0.14425265789031982
287,train,0.124219611287117
287,train,0.18101096153259277
287,train,0.17360270023345947
287,train,0.11482396721839905
287,train,0.16049635410308838
287,train,0.1576373279094696
287,train,0.1887418031692505
287,train,0.16557706892490387
287,train,0.15400436520576477
287,train,0.17256732285022736
287,train,0.09982771426439285
287,train,0.15551668405532837
287,train,0.15115006268024445
287,train,0.12628695368766785
287,train,0.12652574479579926
287,train,0.12042807042598724
287,train,0.17429828643798828
288,train,0.13463318347930908
288,train,0.14443860948085785
288,train,0.13926051557064056
288,train,0.13665731251239777
288,train,0.12207338958978653
288,train,0.1258223056793213
288,train,0.1647455096244812
288,train,0.135405033826828
288,train,0.182720348238945
288,train,0.13291336596012115
288,train,0.17014780640602112
288,train,0.17061354219913483
288,train,0.14047549664974213
288,train,0.11827919632196426
288,train,0.14238928258419037
288,train,0.15470391511917114
288,train,0.10743434727191925
288,train,0.1559174358844757
288,train,0.1628485918045044
288,train,0.14238128066062927
289,train,0.12873265147209167
289,train,0.12125400453805923
289,train,0.11265791952610016
289,train,0.11738038808107376
289,train,0.10770975798368454
289,train,0.12868842482566833
289,train,0.12749557197093964
289,train,0.19878903031349182
289,train,0.19034963846206665
289,train,0.12726275622844696
289,train,0.1464931070804596
289,train,0.14569422602653503
289,train,0.13262343406677246
289,train,0.1339116394519806
289,train,0.1783551722764969
289,train,0.15644195675849915
289,train,0.1257907599210739
289,train,0.14910577237606049
289,train,0.13736043870449066
289,train,0.15264973044395447
290,train,0.14068743586540222
290,train,0.12363220751285553
290,train,0.11016777902841568
290,train,0.12759128212928772
290,train,0.15445470809936523
290,train,0.14177946746349335
290,train,0.1446620374917984
290,train,0.13117168843746185
290,train,0.16107913851737976
290,train,0.12346199154853821
290,train,0.15393409132957458
290,train,0.1316504180431366
290,train,0.15007373690605164
290,train,0.13564883172512054
290,train,0.15882787108421326
290,train,0.1505470722913742
290,train,0.15879401564598083
290,train,0.1412333846092224
290,train,0.13788630068302155
290,train,0.14000588655471802
291,train,0.1485598236322403
291,train,0.1908598393201828
291,train,0.12491339445114136
291,train,0.13996359705924988
291,train,0.1511991173028946
291,train,0.12632884085178375
291,train,0.12589044868946075
291,train,0.11629526317119598
291,train,0.1872633993625641
291,train,0.16199631989002228
291,train,0.16243861615657806
291,train,0.11744680255651474
291,train,0.14969581365585327
291,train,0.14596161246299744
291,train,0.14555034041404724
291,train,0.14837734401226044
291,train,0.1620609164237976
291,train,0.09822719544172287
291,train,0.11904685199260712
291,train,0.16719813644886017
292,train,0.15007275342941284
292,train,0.16763757169246674
292,train,0.13879694044589996
292,train,0.1834898442029953
292,train,0.1297469288110733
292,train,0.14503568410873413
292,train,0.1422065645456314
292,train,0.17169028520584106
292,train,0.15313337743282318
292,train,0.1683233380317688
292,train,0.11576033383607864
292,train,0.14772042632102966
292,train,0.12576819956302643
292,train,0.14249104261398315
292,train,0.14980055391788483
292,train,0.13688154518604279
292,train,0.1827867329120636
292,train,0.1518881916999817
292,train,0.14577652513980865
292,train,0.12802690267562866
293,train,0.1265866905450821
293,train,0.15590913593769073
293,train,0.11891152709722519
293,train,0.1751561015844345
293,train,0.16786257922649384
293,train,0.12460768967866898
293,train,0.1422492116689682
293,train,0.1433287113904953
293,train,0.12641005218029022
293,train,0.16112349927425385
293,train,0.13437114655971527
293,train,0.15394550561904907
293,train,0.15173372626304626
293,train,0.12481597065925598
293,train,0.1550246775150299
293,train,0.212295800447464
293,train,0.14629580080509186
293,train,0.14179770648479462
293,train,0.13249289989471436
293,train,0.14286218583583832
294,train,0.13067570328712463
294,train,0.16743363440036774
294,train,0.18246936798095703
294,train,0.11806387454271317
294,train,0.1864524632692337
294,train,0.16838456690311432
294,train,0.18232394754886627
294,train,0.15302573144435883
294,train,0.11718201637268066
294,train,0.11972104758024216
294,train,0.20364008843898773
294,train,0.12082448601722717
294,train,0.1924484372138977
294,train,0.1804792881011963
294,train,0.15541067719459534
294,train,0.12079062312841415
294,train,0.1535577028989792
294,train,0.14271041750907898
294,train,0.1219988763332367
294,train,0.11368836462497711
295,train,0.13990016281604767
295,train,0.10881634056568146
295,train,0.154747873544693
295,train,0.16169825196266174
295,train,0.2114345133304596
295,train,0.150041401386261
295,train,0.16933751106262207
295,train,0.15296903252601624
295,train,0.12772467732429504
295,train,0.14118966460227966
295,train,0.11475101858377457
295,train,0.11414039880037308
295,train,0.11771789193153381
295,train,0.16688233613967896
295,train,0.15056833624839783
295,train,0.132371723651886
295,train,0.14354288578033447
295,train,0.12326868623495102
295,train,0.1637537032365799
295,train,0.13245408236980438
296,train,0.14343328773975372
296,train,0.11088736355304718
296,train,0.10568194091320038
296,train,0.11848477274179459
296,train,0.12065485119819641
296,train,0.1412348747253418
296,train,0.13591942191123962
296,train,0.1357211172580719
296,train,0.13603508472442627
296,train,0.1260732114315033
296,train,0.11248105764389038
296,train,0.12333682179450989
296,train,0.10805298388004303
296,train,0.13418172299861908
296,train,0.11497083306312561
296,train,0.13745620846748352
296,train,0.19616253674030304
296,train,0.12542782723903656
296,train,0.18223263323307037
296,train,0.12392675131559372
297,train,0.14429253339767456
297,train,0.11460361629724503
297,train,0.11721892654895782
297,train,0.12132322788238525
297,train,0.1438593715429306
297,train,0.14721594750881195
297,train,0.12483082711696625
297,train,0.1122269481420517
297,train,0.12270767986774445
297,train,0.14002522826194763
297,train,0.12258872389793396
297,train,0.12536834180355072
297,train,0.11048867553472519
297,train,0.19745522737503052
297,train,0.12770110368728638
297,train,0.13809126615524292
297,train,0.12055324763059616
297,train,0.14939339458942413
297,train,0.14178818464279175
297,train,0.14068648219108582
298,train,0.10203921049833298
298,train,0.13294446468353271
298,train,0.14649458229541779
298,train,0.15351107716560364
298,train,0.10674231499433517
298,train,0.14940455555915833
298,train,0.1446392983198166
298,train,0.15425977110862732
298,train,0.15508286654949188
298,train,0.13214974105358124
298,train,0.1644328534603119
298,train,0.12192921340465546
298,train,0.12297758460044861
298,train,0.17987114191055298
298,train,0.1509104073047638
298,train,0.13260400295257568
298,train,0.12613633275032043
298,train,0.1420665830373764
298,train,0.12065208703279495
298,train,0.13245618343353271
299,train,0.2085847109556198
299,train,0.14729219675064087
299,train,0.1593928188085556
299,train,0.1140456274151802
299,train,0.1438995748758316
299,train,0.17256852984428406
299,train,0.12779900431632996
299,train,0.15400466322898865
299,train,0.1549588292837143
299,train,0.13409407436847687
299,train,0.17986778914928436
299,train,0.1548694223165512
299,train,0.1358153373003006
299,train,0.17553861439228058
299,train,0.18829916417598724
299,train,0.15278743207454681
299,train,0.11372864991426468
299,train,0.1555519700050354
299,train,0.11597615480422974
299,train,0.18570733070373535
0,valid,0.5594719052314758
1,valid,0.4810881018638611
2,valid,0.4458596408367157
3,valid,0.39195311069488525
4,valid,0.3372343182563782
5,valid,0.31316402554512024
6,valid,0.302592396736145
7,valid,0.3259159028530121
8,valid,0.2782418429851532
9,valid,0.3191230893135071
10,valid,0.2630355954170227
11,valid,0.2621892988681793
12,valid,0.2477211207151413
13,valid,0.25615450739860535
14,valid,0.2711579501628876
15,valid,0.2449476569890976
16,valid,0.23853211104869843
17,valid,0.23523284494876862
18,valid,0.22560377418994904
19,valid,0.23375095427036285
20,valid,0.22291462123394012
21,valid,0.23924988508224487
22,valid,0.23308946192264557
23,valid,0.2556579113006592
24,valid,0.23485277593135834
25,valid,0.22264821827411652
26,valid,0.23040108382701874
27,valid,0.23340176045894623
28,valid,0.24829578399658203
29,valid,0.21527594327926636
30,valid,0.21471937000751495
31,valid,0.2155480831861496
32,valid,0.24643629789352417
33,valid,0.2330332249403
34,valid,0.21678729355335236
35,valid,0.21364939212799072
36,valid,0.2379031628370285
37,valid,0.21345971524715424
38,valid,0.21926096081733704
39,valid,0.21541999280452728
40,valid,0.21095329523086548
41,valid,0.21812227368354797
42,valid,0.211245596408844
43,valid,0.22492524981498718
44,valid,0.23524817824363708
45,valid,0.2074413150548935
46,valid,0.20883867144584656
47,valid,0.20071977376937866
48,valid,0.21336005628108978
49,valid,0.2172158658504486
50,valid,0.21329915523529053
51,valid,0.21131040155887604
52,valid,0.24019771814346313
53,valid,0.19654540717601776
54,valid,0.22914335131645203
55,valid,0.2228873074054718
56,valid,0.20500223338603973
57,valid,0.20231063663959503
58,valid,0.20261149108409882
59,valid,0.19764146208763123
60,valid,0.23188883066177368
61,valid,0.20890747010707855
62,valid,0.19213126599788666
63,valid,0.21588586270809174
64,valid,0.2062302529811859
65,valid,0.20031270384788513
66,valid,0.19764146208763123
67,valid,0.20204071700572968
68,valid,0.20825499296188354
69,valid,0.20750674605369568
70,valid,0.21532094478607178
71,valid,0.21131561696529388
72,valid,0.23246130347251892
73,valid,0.194804385304451
74,valid,0.20069463551044464
75,valid,0.19961310923099518
76,valid,0.20843054354190826
77,valid,0.19297218322753906
78,valid,0.19370108842849731
79,valid,0.18872028589248657
80,valid,0.19308601319789886
81,valid,0.1947280913591385
82,valid,0.2071080207824707
83,valid,0.19794754683971405
84,valid,0.1951150894165039
85,valid,0.19968974590301514
86,valid,0.20069698989391327
87,valid,0.1925089806318283
88,valid,0.19018295407295227
89,valid,0.2071322649717331
90,valid,0.1961115300655365
91,valid,0.1875833123922348
92,valid,0.20328418910503387
93,valid,0.19421030580997467
94,valid,0.1896071434020996
95,valid,0.18906791508197784
96,valid,0.20098352432250977
97,valid,0.1998269259929657
98,valid,0.18476717174053192
99,valid,0.1993240863084793
100,valid,0.1873786747455597
101,valid,0.18695464730262756
102,valid,0.1865117996931076
103,valid,0.1925184279680252
104,valid,0.18618644773960114
105,valid,0.2161824107170105
106,valid,0.2097337543964386
107,valid,0.18928219377994537
108,valid,0.1853991150856018
109,valid,0.18612393736839294
110,valid,0.18442802131175995
111,valid,0.19680504500865936
112,valid,0.18733461201190948
113,valid,0.2018997073173523
114,valid,0.19429874420166016
115,valid,0.213821142911911
116,valid,0.19830267131328583
117,valid,0.19565270841121674
118,valid,0.18919715285301208
119,valid,0.18837609887123108
120,valid,0.2006676346063614
121,valid,0.18416738510131836
122,valid,0.2063392698764801
123,valid,0.19980642199516296
124,valid,0.2122422158718109
125,valid,0.19302430748939514
126,valid,0.1830737143754959
127,valid,0.19453561305999756
128,valid,0.19754818081855774
129,valid,0.19678395986557007
130,valid,0.18665367364883423
131,valid,0.19791275262832642
132,valid,0.18423250317573547
133,valid,0.1897335797548294
134,valid,0.2012217491865158
135,valid,0.19460774958133698
136,valid,0.1841050088405609
137,valid,0.18942661583423615
138,valid,0.18904657661914825
139,valid,0.1864728033542633
140,valid,0.1950647532939911
141,valid,0.20554131269454956
142,valid,0.18558770418167114
143,valid,0.1876303106546402
144,valid,0.18460389971733093
145,valid,0.2000931352376938
146,valid,0.18864092230796814
147,valid,0.18207474052906036
148,valid,0.2012425661087036
149,valid,0.1901736706495285
150,valid,0.19529791176319122
151,valid,0.1828737109899521
152,valid,0.18974299728870392
153,valid,0.18275068700313568
154,valid,0.18359488248825073
155,valid,0.18998569250106812
156,valid,0.1865542083978653
157,valid,0.18700449168682098
158,valid,0.1881570816040039
159,valid,0.20946480333805084
160,valid,0.18265129625797272
161,valid,0.1857968121767044
162,valid,0.19197700917720795
163,valid,0.1839674711227417
164,valid,0.2052873820066452
165,valid,0.18864570558071136
166,valid,0.1868121474981308
167,valid,0.19663387537002563
168,valid,0.18928760290145874
169,valid,0.18719469010829926
170,valid,0.1781703531742096
171,valid,0.1993558555841446
172,valid,0.19224949181079865
173,valid,0.19033583998680115
174,valid,0.19191524386405945
175,valid,0.18526268005371094
176,valid,0.18308132886886597
177,valid,0.19259724020957947
178,valid,0.18395332992076874
179,valid,0.19014739990234375
180,valid,0.1817740499973297
181,valid,0.1953638792037964
182,valid,0.18059779703617096
183,valid,0.1836460828781128
184,valid,0.19074022769927979
185,valid,0.19194921851158142
186,valid,0.1837967038154602
187,valid,0.18670137226581573
188,valid,0.19664976000785828
189,valid,0.1827957183122635
190,valid,0.1861397624015808
191,valid,0.1826954036951065
192,valid,0.18066732585430145
193,valid,0.1853266954421997
194,valid,0.18685728311538696
195,valid,0.203661248087883
196,valid,0.19498662650585175
197,valid,0.19106082618236542
198,valid,0.17959684133529663
199,valid,0.18064846098423004
200,valid,0.17927099764347076
201,valid,0.18600507080554962
202,valid,0.1795666366815567
203,valid,0.18872417509555817
204,valid,0.17960527539253235
205,valid,0.18716655671596527
206,valid,0.18515612185001373
207,valid,0.18712873756885529
208,valid,0.18509911000728607
209,valid,0.18394069373607635
210,valid,0.17678825557231903
211,valid,0.1856895238161087
212,valid,0.1833515167236328
213,valid,0.1778862029314041
214,valid,0.17891710996627808
215,valid,0.18574728071689606
216,valid,0.1923830211162567
217,valid,0.18862847983837128
218,valid,0.17980192601680756
219,valid,0.19138602912425995
220,valid,0.18709327280521393
221,valid,0.1853591501712799
222,valid,0.18983794748783112
223,valid,0.1975145787000656
224,valid,0.179252490401268
225,valid,0.18392999470233917
226,valid,0.1796308159828186
227,valid,0.18980708718299866
228,valid,0.18087054789066315
229,valid,0.17952625453472137
230,valid,0.18172509968280792
231,valid,0.18375930190086365
232,valid,0.18071384727954865
233,valid,0.18514129519462585
234,valid,0.18401895463466644
235,valid,0.180948406457901
236,valid,0.1790044605731964
237,valid,0.1792493462562561
238,valid,0.17672333121299744
239,valid,0.17951908707618713
240,valid,0.1784541755914688
241,valid,0.18362249433994293
242,valid,0.18469859659671783
243,valid,0.17598703503608704
244,valid,0.1835261881351471
245,valid,0.1879158467054367
246,valid,0.17907559871673584
247,valid,0.18361112475395203
248,valid,0.1784590184688568
249,valid,0.18045318126678467
250,valid,0.18009428679943085
251,valid,0.19424675405025482
252,valid,0.18353678286075592
253,valid,0.18267925083637238
254,valid,0.18501487374305725
255,valid,0.17666126787662506
256,valid,0.19076162576675415
257,valid,0.18088695406913757
258,valid,0.17701223492622375
259,valid,0.18244409561157227
260,valid,0.1819893717765808
261,valid,0.17947500944137573
262,valid,0.18082909286022186
263,valid,0.18682023882865906
264,valid,0.1867108941078186
265,valid,0.18272602558135986
266,valid,0.18324214220046997
267,valid,0.17974497377872467
268,valid,0.18432046473026276
269,valid,0.1805398166179657
270,valid,0.18351911008358002
271,valid,0.18338216841220856
272,valid,0.18248359858989716
273,valid,0.1764736771583557
274,valid,0.1832939088344574
275,valid,0.17805619537830353
276,valid,0.18011049926280975
277,valid,0.1762986034154892
278,valid,0.1768987625837326
279,valid,0.18573836982250214
280,valid,0.1796988695859909
281,valid,0.18465785682201385
282,valid,0.18095500767230988
283,valid,0.18479816615581512
284,valid,0.17828547954559326
285,valid,0.1859828382730484
286,valid,0.1889239102602005
287,valid,0.18505723774433136
288,valid,0.18445232510566711
289,valid,0.17860929667949677
290,valid,0.1838521957397461
291,valid,0.18194809556007385
292,valid,0.18533030152320862
293,valid,0.185907244682312
294,valid,0.17924486100673676
295,valid,0.17843639850616455
296,valid,0.18657828867435455
297,valid,0.17716053128242493
298,valid,0.1782151758670807
299,valid,0.1798563003540039
