epoch,split,loss
0,train,5.005199909210205
0,train,5.726350784301758
0,train,2.222778081893921
0,train,4.574403762817383
0,train,3.3324527740478516
0,train,2.6517953872680664
0,train,2.9106032848358154
0,train,1.773656964302063
0,train,3.5612974166870117
0,train,3.132866621017456
0,train,1.978401780128479
0,train,2.2050461769104004
0,train,1.6176663637161255
0,train,1.860468864440918
0,train,1.52364182472229
0,train,2.748922109603882
0,train,3.345405101776123
0,train,2.13771653175354
0,train,2.6641697883605957
0,train,3.6722779273986816
1,train,3.359734058380127
1,train,3.7846951484680176
1,train,1.5700302124023438
1,train,2.704686403274536
1,train,2.1866226196289062
1,train,2.1523139476776123
1,train,1.974605917930603
1,train,1.722540259361267
1,train,2.346757650375366
1,train,3.8478634357452393
1,train,3.195086717605591
1,train,3.8874969482421875
1,train,4.0069146156311035
1,train,2.8720152378082275
1,train,2.0376524925231934
1,train,3.3614413738250732
1,train,2.3601222038269043
1,train,3.2803237438201904
1,train,2.0517513751983643
1,train,2.6287291049957275
2,train,2.7531332969665527
2,train,3.175187826156616
2,train,2.6328530311584473
2,train,2.1800642013549805
2,train,2.9107632637023926
2,train,1.807638168334961
2,train,1.9140921831130981
2,train,2.782003164291382
2,train,2.2441773414611816
2,train,2.7726709842681885
2,train,2.0167033672332764
2,train,2.2027719020843506
2,train,1.2517659664154053
2,train,2.264453649520874
2,train,1.0793938636779785
2,train,1.924015998840332
2,train,1.398990511894226
2,train,1.8772015571594238
2,train,2.072572708129883
2,train,1.2568024396896362
3,train,1.9960798025131226
3,train,1.9025800228118896
3,train,1.2089020013809204
3,train,1.5575445890426636
3,train,1.5352892875671387
3,train,1.527156949043274
3,train,1.8127869367599487
3,train,1.3561137914657593
3,train,1.0720252990722656
3,train,1.5776009559631348
3,train,2.156827449798584
3,train,1.6996022462844849
3,train,1.8103450536727905
3,train,1.2537879943847656
3,train,1.316619873046875
3,train,1.2838971614837646
3,train,1.6736788749694824
3,train,1.3680353164672852
3,train,0.9671040773391724
3,train,1.4494800567626953
4,train,1.1909198760986328
4,train,1.5194779634475708
4,train,1.5769062042236328
4,train,1.0380876064300537
4,train,1.857528567314148
4,train,1.6517339944839478
4,train,1.447631597518921
4,train,1.4221346378326416
4,train,1.7434571981430054
4,train,1.6360602378845215
4,train,1.0317959785461426
4,train,1.1671134233474731
4,train,1.3308255672454834
4,train,1.0382425785064697
4,train,1.982712984085083
4,train,1.2300916910171509
4,train,1.2894232273101807
4,train,1.346293568611145
4,train,1.4624385833740234
4,train,1.351656198501587
5,train,1.5432398319244385
5,train,1.6510355472564697
5,train,1.4369611740112305
5,train,1.1780551671981812
5,train,1.477140188217163
5,train,1.1802767515182495
5,train,1.1730412244796753
5,train,1.4054979085922241
5,train,1.3496202230453491
5,train,1.3603172302246094
5,train,1.0812040567398071
5,train,1.3144373893737793
5,train,0.997844934463501
5,train,1.130705714225769
5,train,2.1412744522094727
5,train,1.7684080600738525
5,train,1.375149130821228
5,train,0.974012017250061
5,train,1.6023738384246826
5,train,1.052905559539795
6,train,1.0016218423843384
6,train,1.518905520439148
6,train,1.2266989946365356
6,train,1.605635166168213
6,train,0.9460766911506653
6,train,1.1387895345687866
6,train,1.7853562831878662
6,train,1.349530577659607
6,train,1.0660483837127686
6,train,1.0674039125442505
6,train,1.193143606185913
6,train,0.9261338710784912
6,train,1.3405287265777588
6,train,1.5119799375534058
6,train,1.295312762260437
6,train,0.9457986354827881
6,train,1.3198962211608887
6,train,1.0503548383712769
6,train,1.252498984336853
6,train,1.211254358291626
7,train,1.1478338241577148
7,train,1.6484028100967407
7,train,1.0045241117477417
7,train,0.8873186707496643
7,train,1.7485315799713135
7,train,1.5425915718078613
7,train,1.4199310541152954
7,train,1.1885461807250977
7,train,1.2585980892181396
7,train,1.9422193765640259
7,train,1.3196431398391724
7,train,1.171047568321228
7,train,0.9443497061729431
7,train,0.8779374957084656
7,train,1.7182172536849976
7,train,1.116367220878601
7,train,0.9587091207504272
7,train,0.9558762907981873
7,train,0.9210453629493713
7,train,1.232881784439087
8,train,1.0157395601272583
8,train,1.7480782270431519
8,train,1.532240867614746
8,train,0.8437871336936951
8,train,1.2237293720245361
8,train,1.1810530424118042
8,train,0.8698108196258545
8,train,0.9932260513305664
8,train,1.3139019012451172
8,train,0.9332130551338196
8,train,1.2814842462539673
8,train,1.359803318977356
8,train,0.8949060440063477
8,train,1.1036996841430664
8,train,1.8004862070083618
8,train,1.141059398651123
8,train,0.9951115846633911
8,train,1.2475519180297852
8,train,0.9363278150558472
8,train,1.134757161140442
9,train,0.8388950228691101
9,train,1.151763916015625
9,train,1.0833274126052856
9,train,1.044648289680481
9,train,0.90366131067276
9,train,0.9826032519340515
9,train,0.9620980620384216
9,train,1.2651917934417725
9,train,1.7629419565200806
9,train,0.9449999928474426
9,train,1.1399494409561157
9,train,1.0934475660324097
9,train,1.2580515146255493
9,train,0.9163380861282349
9,train,1.0679280757904053
9,train,0.9627291560173035
9,train,1.2505003213882446
9,train,1.6232216358184814
9,train,1.0464142560958862
9,train,1.3802253007888794
10,train,1.2186973094940186
10,train,0.922543466091156
10,train,1.0190258026123047
10,train,1.374849557876587
10,train,1.009659767150879
10,train,0.8865530490875244
10,train,1.0857625007629395
10,train,0.9741792678833008
10,train,1.3877434730529785
10,train,1.1682286262512207
10,train,1.2882559299468994
10,train,1.0695520639419556
10,train,1.0296103954315186
10,train,0.8274034857749939
10,train,1.0757468938827515
10,train,1.1326606273651123
10,train,0.9415352940559387
10,train,0.948347806930542
10,train,0.9137945175170898
10,train,0.9157353043556213
11,train,1.1950877904891968
11,train,0.8474255800247192
11,train,1.1255037784576416
11,train,1.0573636293411255
11,train,1.072701334953308
11,train,0.7628124952316284
11,train,0.8243991732597351
11,train,0.8980351686477661
11,train,1.1056773662567139
11,train,0.8891233801841736
11,train,1.3863614797592163
11,train,1.26930832862854
11,train,0.9183868169784546
11,train,0.9730095863342285
11,train,0.8541250228881836
11,train,1.3088884353637695
11,train,1.362959623336792
11,train,1.03895103931427
11,train,1.035751461982727
11,train,1.0882344245910645
12,train,0.9786504507064819
12,train,0.868479311466217
12,train,1.1216511726379395
12,train,0.8729178309440613
12,train,1.334505319595337
12,train,0.9794166088104248
12,train,0.7710107564926147
12,train,1.3140877485275269
12,train,1.4998701810836792
12,train,1.4546514749526978
12,train,1.1897523403167725
12,train,1.4125099182128906
12,train,1.4747601747512817
12,train,0.9137922525405884
12,train,1.008531093597412
12,train,0.8636203408241272
12,train,1.3477959632873535
12,train,0.8578645586967468
12,train,1.425736427307129
12,train,1.4415099620819092
13,train,1.0966792106628418
13,train,0.9277527928352356
13,train,0.8123497366905212
13,train,0.8201789259910583
13,train,1.0452511310577393
13,train,0.9961854815483093
13,train,0.8412348628044128
13,train,1.6209665536880493
13,train,1.1482510566711426
13,train,0.9888896942138672
13,train,1.0256052017211914
13,train,0.8973487615585327
13,train,1.2274962663650513
13,train,1.3784927129745483
13,train,0.8418216705322266
13,train,1.3091635704040527
13,train,1.4631984233856201
13,train,0.9426471590995789
13,train,0.8920245170593262
13,train,0.8679517507553101
14,train,1.1866759061813354
14,train,0.8799172043800354
14,train,0.9670941233634949
14,train,0.8890184164047241
14,train,1.1948996782302856
14,train,0.9042696952819824
14,train,0.956512451171875
14,train,1.1528005599975586
14,train,0.9563859701156616
14,train,1.4074478149414062
14,train,1.1091461181640625
14,train,1.0352462530136108
14,train,0.9686026573181152
14,train,0.8911298513412476
14,train,0.8877854943275452
14,train,1.2140405178070068
14,train,0.9052980542182922
14,train,1.0108877420425415
14,train,0.7992421984672546
14,train,1.19841730594635
15,train,1.0077543258666992
15,train,0.8699721693992615
15,train,0.9547174572944641
15,train,1.1610138416290283
15,train,0.7843205332756042
15,train,0.9504737257957458
15,train,1.1206446886062622
15,train,0.9203651547431946
15,train,1.3679674863815308
15,train,0.9584301114082336
15,train,1.2850440740585327
15,train,1.697344183921814
15,train,0.9629637002944946
15,train,1.0434751510620117
15,train,0.964532196521759
15,train,1.7235077619552612
15,train,0.9323555827140808
15,train,1.2764123678207397
15,train,0.9251227974891663
15,train,0.8859618902206421
16,train,1.003073811531067
16,train,0.9317402243614197
16,train,1.1795778274536133
16,train,0.8580256700515747
16,train,0.8159456849098206
16,train,1.0388916730880737
16,train,1.272480845451355
16,train,0.9054997563362122
16,train,1.2147440910339355
16,train,0.8676807284355164
16,train,1.106786847114563
16,train,0.9906618595123291
16,train,1.1674282550811768
16,train,0.814657986164093
16,train,0.7577512264251709
16,train,1.045073390007019
16,train,0.9499340057373047
16,train,1.1478347778320312
16,train,1.2893730401992798
16,train,0.9632230401039124
17,train,0.9251595139503479
17,train,0.8571110367774963
17,train,0.9122588634490967
17,train,1.159227728843689
17,train,0.9475483894348145
17,train,1.30241858959198
17,train,1.2838472127914429
17,train,0.8824375867843628
17,train,0.7875512838363647
17,train,0.8974732160568237
17,train,1.2147058248519897
17,train,0.9027082920074463
17,train,1.7690842151641846
17,train,0.9622920155525208
17,train,1.456141471862793
17,train,1.1499799489974976
17,train,0.832550048828125
17,train,0.7753562331199646
17,train,0.8964457511901855
17,train,0.9108704328536987
18,train,1.1753506660461426
18,train,0.7760519981384277
18,train,0.7710135579109192
18,train,0.8222820162773132
18,train,1.0963609218597412
18,train,0.8408203125
18,train,0.77244633436203
18,train,0.9236575961112976
18,train,1.1319130659103394
18,train,1.7484341859817505
18,train,1.6617170572280884
18,train,1.214363932609558
18,train,1.0745669603347778
18,train,0.7575744390487671
18,train,0.8798512816429138
18,train,1.0943597555160522
18,train,0.8037047982215881
18,train,0.9621812701225281
18,train,1.0499159097671509
18,train,1.089619755744934
19,train,1.0841542482376099
19,train,1.1902458667755127
19,train,1.1246588230133057
19,train,1.0176801681518555
19,train,1.1017407178878784
19,train,0.9713996648788452
19,train,0.9444549083709717
19,train,1.068692684173584
19,train,1.2782684564590454
19,train,0.8132566213607788
19,train,0.8598993420600891
19,train,0.7813228964805603
19,train,0.8255380988121033
19,train,0.9872152805328369
19,train,0.7575653195381165
19,train,1.202781081199646
19,train,0.8822557926177979
19,train,0.8439847230911255
19,train,0.8292403221130371
19,train,1.1785954236984253
20,train,1.4044607877731323
20,train,0.9668009877204895
20,train,1.3006341457366943
20,train,0.8527126908302307
20,train,1.416388750076294
20,train,1.2767999172210693
20,train,1.0426080226898193
20,train,1.0982444286346436
20,train,1.0652188062667847
20,train,0.8889997601509094
20,train,0.9453781247138977
20,train,1.2749260663986206
20,train,1.424927830696106
20,train,0.730763852596283
20,train,0.8129064440727234
20,train,1.4961601495742798
20,train,0.9817028641700745
20,train,1.0574880838394165
20,train,1.3475126028060913
20,train,1.3758296966552734
21,train,0.7963727116584778
21,train,1.032522439956665
21,train,1.3576457500457764
21,train,0.7808963060379028
21,train,0.7853619456291199
21,train,0.9963065981864929
21,train,0.8329252600669861
21,train,1.028980016708374
21,train,1.172431230545044
21,train,1.2177218198776245
21,train,1.1429460048675537
21,train,0.8142095804214478
21,train,0.8020118474960327
21,train,0.8825555443763733
21,train,1.3617901802062988
21,train,1.3330299854278564
21,train,0.8980963230133057
21,train,1.1557382345199585
21,train,0.864891767501831
21,train,1.111430287361145
22,train,0.742185652256012
22,train,0.9470542073249817
22,train,1.3780494928359985
22,train,1.1788382530212402
22,train,0.8562174439430237
22,train,1.2490696907043457
22,train,1.1801607608795166
22,train,1.2205159664154053
22,train,0.8064987063407898
22,train,0.89380943775177
22,train,0.8406092524528503
22,train,1.5855143070220947
22,train,1.2176936864852905
22,train,0.9535658359527588
22,train,0.7676096558570862
22,train,1.4696118831634521
22,train,0.855370819568634
22,train,0.8360223174095154
22,train,0.7719992399215698
22,train,0.8658105134963989
23,train,1.275838851928711
23,train,1.0184051990509033
23,train,0.7462027668952942
23,train,0.9958560466766357
23,train,0.7349177598953247
23,train,0.8482563495635986
23,train,0.7663904428482056
23,train,0.9103703498840332
23,train,0.7341983318328857
23,train,1.2796564102172852
23,train,1.0140193700790405
23,train,1.046612024307251
23,train,1.0098066329956055
23,train,1.3948205709457397
23,train,1.2280523777008057
23,train,0.7142950296401978
23,train,1.0593876838684082
23,train,1.1082358360290527
23,train,1.0451209545135498
23,train,1.2701736688613892
24,train,0.9554262757301331
24,train,0.7396270036697388
24,train,0.9065545797348022
24,train,1.0841772556304932
24,train,0.8941667675971985
24,train,0.7895313501358032
24,train,0.8805390000343323
24,train,1.0343713760375977
24,train,0.898329496383667
24,train,1.2306084632873535
24,train,1.0916862487792969
24,train,0.7694472074508667
24,train,1.2794978618621826
24,train,0.8963429927825928
24,train,0.7699670195579529
24,train,1.003247618675232
24,train,0.8021742701530457
24,train,0.8699475526809692
24,train,1.0431350469589233
24,train,1.1119543313980103
25,train,1.1658281087875366
25,train,0.9205988049507141
25,train,0.7185291051864624
25,train,0.9004892110824585
25,train,0.8328522443771362
25,train,1.1105995178222656
25,train,0.7969038486480713
25,train,1.3485511541366577
25,train,0.9941934943199158
25,train,0.9887083172798157
25,train,0.799740731716156
25,train,1.0317970514297485
25,train,0.9275252819061279
25,train,1.1652932167053223
25,train,1.0337475538253784
25,train,1.036738634109497
25,train,1.0724742412567139
25,train,0.8568452596664429
25,train,0.7798290252685547
25,train,0.8616423010826111
26,train,0.8104034662246704
26,train,0.851321280002594
26,train,0.7741004824638367
26,train,0.9974900484085083
26,train,1.1894837617874146
26,train,0.8643883466720581
26,train,1.0805212259292603
26,train,1.0300201177597046
26,train,1.4174716472625732
26,train,0.748150110244751
26,train,0.7613112330436707
26,train,0.8393145203590393
26,train,0.8455614447593689
26,train,1.067605972290039
26,train,0.6104796528816223
26,train,0.999581515789032
26,train,0.9519805908203125
26,train,1.1670061349868774
26,train,1.2809404134750366
26,train,1.266425609588623
27,train,0.7435235381126404
27,train,0.8043331503868103
27,train,1.6046987771987915
27,train,1.0060755014419556
27,train,1.3192026615142822
27,train,1.4274834394454956
27,train,0.8245267271995544
27,train,0.9322561025619507
27,train,0.7815463542938232
27,train,0.8770809173583984
27,train,0.784183919429779
27,train,0.8822580575942993
27,train,0.9713418483734131
27,train,0.8158787488937378
27,train,1.0788261890411377
27,train,0.7414370179176331
27,train,0.8420700430870056
27,train,0.7981975078582764
27,train,0.9290001392364502
27,train,1.1144318580627441
28,train,0.6703541278839111
28,train,1.2208504676818848
28,train,0.990434467792511
28,train,0.8076339960098267
28,train,0.980222225189209
28,train,0.7530624866485596
28,train,1.0367352962493896
28,train,0.7862670421600342
28,train,1.082841157913208
28,train,1.0521817207336426
28,train,0.9211365580558777
28,train,0.9133357405662537
28,train,1.2167317867279053
28,train,1.0214320421218872
28,train,0.9601964950561523
28,train,0.8469324111938477
28,train,0.7548197507858276
28,train,0.9292333126068115
28,train,1.0435220003128052
28,train,1.4159799814224243
29,train,0.9990352392196655
29,train,1.5364733934402466
29,train,0.8029764294624329
29,train,0.8190745711326599
29,train,0.9821096062660217
29,train,0.8402266502380371
29,train,0.751860499382019
29,train,0.7583222985267639
29,train,0.875909686088562
29,train,0.8017098903656006
29,train,1.2684786319732666
29,train,0.8062568306922913
29,train,1.3339064121246338
29,train,0.7455436587333679
29,train,1.1116464138031006
29,train,1.0918200016021729
29,train,0.7140540480613708
29,train,0.7505243420600891
29,train,0.7576283812522888
29,train,0.7891267538070679
30,train,1.2294368743896484
30,train,0.7691625952720642
30,train,1.6421748399734497
30,train,1.1429892778396606
30,train,1.302314281463623
30,train,0.7689903974533081
30,train,1.268149495124817
30,train,0.7713063955307007
30,train,1.0927965641021729
30,train,0.7710830569267273
30,train,0.8820376992225647
30,train,0.7468562126159668
30,train,0.8881146311759949
30,train,1.3354884386062622
30,train,1.2238101959228516
30,train,0.7420917749404907
30,train,0.7816274166107178
30,train,1.0510244369506836
30,train,0.8619064092636108
30,train,0.7760361433029175
31,train,0.882724940776825
31,train,0.8135659098625183
31,train,0.8142521977424622
31,train,0.8658878803253174
31,train,0.8115618824958801
31,train,0.8208853006362915
31,train,0.7473222613334656
31,train,0.7238771319389343
31,train,1.0573920011520386
31,train,1.0154674053192139
31,train,1.1452491283416748
31,train,0.7577398419380188
31,train,0.8948496580123901
31,train,1.1158651113510132
31,train,1.200608491897583
31,train,1.0775505304336548
31,train,1.0380287170410156
31,train,0.9370937943458557
31,train,0.8059092164039612
31,train,1.3395730257034302
32,train,0.781953752040863
32,train,1.1125069856643677
32,train,1.3104207515716553
32,train,1.0120875835418701
32,train,0.9211293458938599
32,train,0.7523566484451294
32,train,0.8563887476921082
32,train,0.8408965468406677
32,train,0.7444043755531311
32,train,0.988462507724762
32,train,0.7437747120857239
32,train,0.7138926386833191
32,train,0.8748611211776733
32,train,0.8289085626602173
32,train,0.8170547485351562
32,train,0.7622464895248413
32,train,0.7178152799606323
32,train,1.2622056007385254
32,train,0.9283846020698547
32,train,0.8788061141967773
33,train,1.1037081480026245
33,train,1.438552737236023
33,train,1.107306718826294
33,train,1.2237324714660645
33,train,0.7440982460975647
33,train,0.7694385051727295
33,train,0.9483747482299805
33,train,0.994223415851593
33,train,0.8214017748832703
33,train,1.0142742395401
33,train,0.6763181686401367
33,train,0.7534612417221069
33,train,0.7719426155090332
33,train,0.7387590408325195
33,train,0.7894014716148376
33,train,0.8726263642311096
33,train,0.7969239950180054
33,train,1.1902626752853394
33,train,0.6758166551589966
33,train,0.9182508587837219
34,train,1.214335322380066
34,train,0.8515110611915588
34,train,0.9320822358131409
34,train,1.0322636365890503
34,train,0.789267361164093
34,train,1.110684871673584
34,train,1.161476969718933
34,train,0.7659107446670532
34,train,1.082945466041565
34,train,1.0664851665496826
34,train,0.8639840483665466
34,train,0.8627265691757202
34,train,1.0918630361557007
34,train,1.068593978881836
34,train,0.9367285370826721
34,train,0.9088612198829651
34,train,0.7597476840019226
34,train,0.9318193197250366
34,train,1.1356751918792725
34,train,0.9561182856559753
35,train,1.2216205596923828
35,train,0.7272506356239319
35,train,0.9316406846046448
35,train,0.9044125080108643
35,train,0.7214096784591675
35,train,0.9171443581581116
35,train,1.0578306913375854
35,train,0.8318614959716797
35,train,0.8108764886856079
35,train,0.999636709690094
35,train,1.1872107982635498
35,train,0.8175444602966309
35,train,0.7324680089950562
35,train,0.8125813007354736
35,train,1.066293478012085
35,train,1.177272915840149
35,train,0.9693278670310974
35,train,1.0557246208190918
35,train,1.3948551416397095
35,train,1.205198884010315
36,train,0.991481363773346
36,train,1.090447187423706
36,train,0.805523693561554
36,train,1.192170262336731
36,train,1.1182658672332764
36,train,0.92568039894104
36,train,0.6911017894744873
36,train,0.9007161259651184
36,train,1.1271063089370728
36,train,0.8541945219039917
36,train,0.7421010136604309
36,train,0.8951058983802795
36,train,0.9092294573783875
36,train,1.2156496047973633
36,train,1.023889183998108
36,train,0.9038844704627991
36,train,0.8245604634284973
36,train,0.6797034740447998
36,train,0.8710551261901855
36,train,1.0243562459945679
37,train,1.2273142337799072
37,train,0.7132401466369629
37,train,1.1466172933578491
37,train,0.6851642727851868
37,train,0.7579254508018494
37,train,0.7910348773002625
37,train,1.038511037826538
37,train,0.7634913325309753
37,train,0.862350344657898
37,train,0.9710313081741333
37,train,1.0905519723892212
37,train,1.024333119392395
37,train,1.3907015323638916
37,train,1.009402871131897
37,train,1.0554348230361938
37,train,0.7423433661460876
37,train,0.8154256343841553
37,train,0.7916117310523987
37,train,0.8031926155090332
37,train,1.2019224166870117
38,train,0.6827901005744934
38,train,1.0755577087402344
38,train,0.897720992565155
38,train,0.7853851914405823
38,train,0.7080349326133728
38,train,1.4191840887069702
38,train,0.7223304510116577
38,train,0.689639151096344
38,train,0.8246105313301086
38,train,0.8348914980888367
38,train,0.8304641246795654
38,train,0.7699244022369385
38,train,0.8556419014930725
38,train,0.8714772462844849
38,train,0.7627471685409546
38,train,1.08233642578125
38,train,0.8417476415634155
38,train,0.9210299253463745
38,train,0.7257753014564514
38,train,1.1910136938095093
39,train,0.7728522419929504
39,train,0.9771138429641724
39,train,1.0054298639297485
39,train,0.7805740833282471
39,train,0.9297055006027222
39,train,0.915015459060669
39,train,1.0340856313705444
39,train,0.7975789308547974
39,train,0.8922411203384399
39,train,1.1212131977081299
39,train,0.741206705570221
39,train,0.8927056789398193
39,train,0.7769737243652344
39,train,0.7957581281661987
39,train,1.054871916770935
39,train,0.6523486375808716
39,train,1.1162470579147339
39,train,0.6453465223312378
39,train,1.231383204460144
39,train,1.081878900527954
40,train,0.9163811802864075
40,train,1.0437196493148804
40,train,0.7642496228218079
40,train,0.695905327796936
40,train,1.1280381679534912
40,train,1.0656096935272217
40,train,1.0763016939163208
40,train,1.6471104621887207
40,train,0.7709686756134033
40,train,1.151809811592102
40,train,0.7548331618309021
40,train,0.8742051124572754
40,train,1.0688462257385254
40,train,0.8775469064712524
40,train,0.7441690564155579
40,train,0.97475665807724
40,train,0.8107577562332153
40,train,1.044499158859253
40,train,0.9363718628883362
40,train,0.8475331664085388
41,train,0.9488013982772827
41,train,0.8744218349456787
41,train,0.7495476007461548
41,train,1.0063470602035522
41,train,1.0229411125183105
41,train,0.9396508932113647
41,train,1.0173979997634888
41,train,1.053609848022461
41,train,1.3325532674789429
41,train,1.3470865488052368
41,train,0.6278915405273438
41,train,1.1299214363098145
41,train,1.0851961374282837
41,train,0.7652809619903564
41,train,1.1336545944213867
41,train,0.814635694026947
41,train,1.2185760736465454
41,train,1.0705454349517822
41,train,0.7289233803749084
41,train,0.8881306648254395
42,train,0.7386826276779175
42,train,0.8459469676017761
42,train,0.7651296257972717
42,train,1.1135333776474
42,train,0.9389454126358032
42,train,0.6899049878120422
42,train,0.8237269520759583
42,train,1.0740946531295776
42,train,1.024712085723877
42,train,0.8987763524055481
42,train,0.8800643682479858
42,train,0.9375086426734924
42,train,0.9696778655052185
42,train,1.117598056793213
42,train,0.9507136344909668
42,train,0.6735134124755859
42,train,1.2101633548736572
42,train,0.7865610718727112
42,train,1.3054691553115845
42,train,1.037132740020752
43,train,1.1143721342086792
43,train,0.8721391558647156
43,train,0.6650134921073914
43,train,1.2010551691055298
43,train,1.0547484159469604
43,train,0.7760112881660461
43,train,0.789369523525238
43,train,0.8714720606803894
43,train,0.8583648204803467
43,train,1.1548902988433838
43,train,0.9999645948410034
43,train,0.7049664855003357
43,train,0.8980456590652466
43,train,0.7672196626663208
43,train,0.6646221280097961
43,train,0.928974449634552
43,train,1.1183321475982666
43,train,1.0592502355575562
43,train,1.1625739336013794
43,train,0.7556502819061279
44,train,1.3068560361862183
44,train,0.9025244116783142
44,train,1.151771903038025
44,train,0.9142392873764038
44,train,0.8205952644348145
44,train,0.6157374382019043
44,train,0.8776388168334961
44,train,0.9062280654907227
44,train,1.2642909288406372
44,train,0.6752300262451172
44,train,0.7559486627578735
44,train,0.6967118382453918
44,train,1.1181704998016357
44,train,0.9755154848098755
44,train,1.253570556640625
44,train,0.7762208580970764
44,train,0.9607210755348206
44,train,0.7390449643135071
44,train,0.8719598650932312
44,train,1.0852532386779785
45,train,1.1840499639511108
45,train,0.7574228644371033
45,train,0.8344683647155762
45,train,0.8040626645088196
45,train,0.735723614692688
45,train,0.6919944882392883
45,train,0.9410262107849121
45,train,0.7482551336288452
45,train,0.7147696018218994
45,train,0.8658638000488281
45,train,1.0105977058410645
45,train,0.7667669653892517
45,train,0.7785945534706116
45,train,1.0639801025390625
45,train,0.704509973526001
45,train,1.0453702211380005
45,train,1.0118900537490845
45,train,0.8925149440765381
45,train,0.7788577675819397
45,train,1.0999096632003784
46,train,0.7369624376296997
46,train,0.8373059630393982
46,train,1.100380778312683
46,train,0.933324933052063
46,train,0.6898437142372131
46,train,1.145648717880249
46,train,0.9460161328315735
46,train,1.1713454723358154
46,train,0.9159767031669617
46,train,0.7508594989776611
46,train,0.9318849444389343
46,train,0.8378199934959412
46,train,1.4160038232803345
46,train,1.1492546796798706
46,train,1.0123729705810547
46,train,0.9135271906852722
46,train,1.1969895362854004
46,train,0.8129379749298096
46,train,1.217911720275879
46,train,0.9773140549659729
47,train,0.7976105213165283
47,train,0.9949549436569214
47,train,1.1070469617843628
47,train,0.8531941175460815
47,train,1.2670586109161377
47,train,1.0009570121765137
47,train,0.7740812301635742
47,train,0.7678467631340027
47,train,0.7230287790298462
47,train,0.851316511631012
47,train,1.0123707056045532
47,train,0.8991003632545471
47,train,0.9601961970329285
47,train,1.0262929201126099
47,train,0.9776651859283447
47,train,0.8205711245536804
47,train,1.0902352333068848
47,train,0.9314553141593933
47,train,0.8596090078353882
47,train,0.6825711131095886
48,train,0.7527010440826416
48,train,0.9402428865432739
48,train,0.774031937122345
48,train,0.7964286208152771
48,train,0.6686655879020691
48,train,0.9769735336303711
48,train,0.9519953727722168
48,train,0.7400470972061157
48,train,0.7569990754127502
48,train,0.8045364022254944
48,train,0.7619659900665283
48,train,0.800045907497406
48,train,1.0856258869171143
48,train,0.8362804055213928
48,train,0.8792768120765686
48,train,0.702643632888794
48,train,0.6593993902206421
48,train,1.3550939559936523
48,train,0.7425069808959961
48,train,1.0599497556686401
49,train,1.1277095079421997
49,train,1.098426103591919
49,train,1.0699695348739624
49,train,0.8645201325416565
49,train,0.6068192720413208
49,train,0.9192615747451782
49,train,0.7356873154640198
49,train,0.691283643245697
49,train,0.9151276350021362
49,train,0.8212345242500305
49,train,0.6928611397743225
49,train,0.7529378533363342
49,train,0.8131277561187744
49,train,0.6952847242355347
49,train,1.2707493305206299
49,train,0.7540949583053589
49,train,1.0018473863601685
49,train,1.139854073524475
49,train,0.8194840550422668
49,train,1.0112777948379517
50,train,1.3625733852386475
50,train,0.7594661116600037
50,train,0.7390216588973999
50,train,0.7843437790870667
50,train,0.6687842011451721
50,train,1.3064459562301636
50,train,0.9723580479621887
50,train,0.8171572089195251
50,train,1.0111808776855469
50,train,0.7597765922546387
50,train,0.9043727517127991
50,train,0.7130605578422546
50,train,0.8828049898147583
50,train,0.8229106664657593
50,train,1.2979836463928223
50,train,0.9651620984077454
50,train,0.7586494088172913
50,train,1.0788928270339966
50,train,0.8673745393753052
50,train,1.1984663009643555
51,train,0.9663229584693909
51,train,1.1247377395629883
51,train,0.711938202381134
51,train,0.8215876221656799
51,train,0.9852771162986755
51,train,1.0339363813400269
51,train,0.7065598368644714
51,train,0.8456706404685974
51,train,1.1362977027893066
51,train,1.1506813764572144
51,train,1.1128720045089722
51,train,0.8975131511688232
51,train,0.7161407470703125
51,train,0.951606035232544
51,train,1.0686678886413574
51,train,0.7939414381980896
51,train,0.7714696526527405
51,train,0.8338083624839783
51,train,0.7667562365531921
51,train,0.7631934285163879
52,train,1.143454670906067
52,train,1.0554543733596802
52,train,0.7626594305038452
52,train,0.7824551463127136
52,train,0.8727380633354187
52,train,0.8453457951545715
52,train,0.7556312680244446
52,train,1.005429744720459
52,train,1.2066789865493774
52,train,1.0729455947875977
52,train,0.8285731673240662
52,train,0.7878411412239075
52,train,0.6126875281333923
52,train,0.8623176217079163
52,train,0.7249692678451538
52,train,0.7545182704925537
52,train,0.6562181711196899
52,train,0.6979031562805176
52,train,1.1327441930770874
52,train,0.9713879823684692
53,train,0.7711100578308105
53,train,0.8480173945426941
53,train,0.7674832940101624
53,train,0.643443763256073
53,train,0.7560426592826843
53,train,0.9142228364944458
53,train,0.8293192982673645
53,train,0.7280523180961609
53,train,0.68438720703125
53,train,0.7167941331863403
53,train,0.7245709300041199
53,train,1.0295422077178955
53,train,0.9783393740653992
53,train,1.0303109884262085
53,train,0.8555225729942322
53,train,0.9687222242355347
53,train,0.6456483006477356
53,train,0.962931752204895
53,train,0.8264564871788025
53,train,0.8809595704078674
54,train,0.7100811004638672
54,train,0.9129121899604797
54,train,0.7651495933532715
54,train,0.8114489912986755
54,train,0.802752673625946
54,train,0.9549515843391418
54,train,0.7897984385490417
54,train,0.7720898389816284
54,train,0.9076409339904785
54,train,0.8302682638168335
54,train,0.7792240381240845
54,train,1.0254573822021484
54,train,0.9079163074493408
54,train,0.916685938835144
54,train,0.7038750648498535
54,train,0.7448819875717163
54,train,0.6825107932090759
54,train,0.7976349592208862
54,train,0.578808605670929
54,train,0.7458613514900208
55,train,1.084790825843811
55,train,0.6723628640174866
55,train,1.3049744367599487
55,train,1.0622501373291016
55,train,1.0201284885406494
55,train,1.0176607370376587
55,train,1.0147807598114014
55,train,0.7676774263381958
55,train,0.7299584150314331
55,train,1.1526765823364258
55,train,1.1683675050735474
55,train,0.9857883453369141
55,train,0.766180694103241
55,train,0.8262335062026978
55,train,0.659065306186676
55,train,1.0508453845977783
55,train,0.9509016871452332
55,train,0.8563004732131958
55,train,1.0596249103546143
55,train,1.3175156116485596
56,train,0.7812207937240601
56,train,0.7817153930664062
56,train,0.840848445892334
56,train,0.7639153599739075
56,train,0.7004870176315308
56,train,0.7226329445838928
56,train,0.801050066947937
56,train,0.9778146147727966
56,train,0.6571151614189148
56,train,1.2751461267471313
56,train,0.9021527767181396
56,train,0.9912211298942566
56,train,0.8780291080474854
56,train,0.7418069243431091
56,train,0.7597516775131226
56,train,0.7735744714736938
56,train,0.8960788249969482
56,train,0.9437872171401978
56,train,0.6443331837654114
56,train,0.8704471588134766
57,train,0.9275320172309875
57,train,1.2155615091323853
57,train,0.7967444658279419
57,train,0.6823967695236206
57,train,0.7867752909660339
57,train,0.8027787208557129
57,train,0.7172743082046509
57,train,0.7505857348442078
57,train,0.7159804701805115
57,train,0.611804723739624
57,train,0.9961758852005005
57,train,0.675781786441803
57,train,0.9938482046127319
57,train,0.6044671535491943
57,train,0.946467399597168
57,train,0.9782470464706421
57,train,1.0669561624526978
57,train,0.7348636984825134
57,train,1.0645147562026978
57,train,0.8970257043838501
58,train,0.6603543758392334
58,train,1.1297725439071655
58,train,0.6793632507324219
58,train,0.7581821084022522
58,train,1.0900640487670898
58,train,0.9425499439239502
58,train,0.7253466248512268
58,train,0.6501498818397522
58,train,0.7036525011062622
58,train,0.8933864831924438
58,train,1.042691707611084
58,train,0.8863709568977356
58,train,0.7162314057350159
58,train,1.137174129486084
58,train,1.295064091682434
58,train,0.8408465385437012
58,train,0.9706670045852661
58,train,0.9775457978248596
58,train,1.0655908584594727
58,train,1.2698893547058105
59,train,0.8187699317932129
59,train,0.7247600555419922
59,train,0.8464942574501038
59,train,0.7020536065101624
59,train,0.6962828636169434
59,train,1.0905481576919556
59,train,1.0534608364105225
59,train,0.7637655138969421
59,train,1.051054835319519
59,train,1.153788685798645
59,train,0.8770307302474976
59,train,0.9592171907424927
59,train,0.9192968606948853
59,train,0.9676394462585449
59,train,0.8046173453330994
59,train,1.2521270513534546
59,train,0.8362691402435303
59,train,0.9784383773803711
59,train,0.9328646063804626
59,train,0.8366973996162415
60,train,0.7328205108642578
60,train,0.6549711227416992
60,train,0.917064905166626
60,train,1.175291895866394
60,train,0.9825769662857056
60,train,0.6668828129768372
60,train,0.8146507143974304
60,train,0.9441198110580444
60,train,1.093751311302185
60,train,0.6752216815948486
60,train,0.9758667349815369
60,train,0.7105677723884583
60,train,0.8130968809127808
60,train,0.8931670188903809
60,train,0.7410039901733398
60,train,0.9700848460197449
60,train,0.883383572101593
60,train,1.0450972318649292
60,train,0.8845186829566956
60,train,0.6743033528327942
61,train,0.9125242233276367
61,train,1.1828181743621826
61,train,0.7675715088844299
61,train,0.8826485276222229
61,train,0.8675585389137268
61,train,0.8087196350097656
61,train,0.7105628252029419
61,train,0.6820318698883057
61,train,0.7631146311759949
61,train,0.8878507614135742
61,train,0.8621804714202881
61,train,1.1112438440322876
61,train,0.7156912088394165
61,train,0.7614407539367676
61,train,1.0110031366348267
61,train,0.6562077403068542
61,train,0.9678300023078918
61,train,0.7302390933036804
61,train,0.7522284984588623
61,train,0.7810091972351074
62,train,0.9407447576522827
62,train,0.8123571872711182
62,train,1.0402858257293701
62,train,1.1841228008270264
62,train,0.8879444003105164
62,train,1.1361143589019775
62,train,0.9907834529876709
62,train,0.712307333946228
62,train,1.1140300035476685
62,train,0.9742405414581299
62,train,1.0492771863937378
62,train,1.0272867679595947
62,train,0.6952996850013733
62,train,0.6998046040534973
62,train,0.6888070106506348
62,train,0.968752920627594
62,train,0.996366024017334
62,train,0.815255343914032
62,train,0.6656519174575806
62,train,0.6905350089073181
63,train,0.8736122250556946
63,train,0.7454739212989807
63,train,1.032880187034607
63,train,0.7055296301841736
63,train,0.8948200941085815
63,train,0.7310441732406616
63,train,0.8790579438209534
63,train,0.9036528468132019
63,train,0.9400705099105835
63,train,0.7067270278930664
63,train,0.765900731086731
63,train,1.0591530799865723
63,train,1.1226099729537964
63,train,0.822715699672699
63,train,0.6535297632217407
63,train,1.0149472951889038
63,train,0.8978714942932129
63,train,0.8159750699996948
63,train,0.6561470627784729
63,train,0.9004247784614563
64,train,0.7399410009384155
64,train,0.7174774408340454
64,train,0.684749186038971
64,train,0.7298582196235657
64,train,0.7371162176132202
64,train,0.8458118438720703
64,train,0.8990862369537354
64,train,0.6586246490478516
64,train,0.8713228702545166
64,train,1.0272530317306519
64,train,0.738048255443573
64,train,0.9149773120880127
64,train,1.2184044122695923
64,train,1.2012430429458618
64,train,0.6429606080055237
64,train,0.6872740983963013
64,train,1.0852861404418945
64,train,1.1947776079177856
64,train,0.6890052556991577
64,train,0.6777417063713074
65,train,0.5946879982948303
65,train,0.8414922952651978
65,train,0.9049106240272522
65,train,0.76152104139328
65,train,1.1214194297790527
65,train,0.6675845384597778
65,train,0.6053391098976135
65,train,1.1646558046340942
65,train,0.902371346950531
65,train,0.8827690482139587
65,train,1.1050758361816406
65,train,1.101035237312317
65,train,0.845163881778717
65,train,0.8397754430770874
65,train,1.005050778388977
65,train,1.0254449844360352
65,train,1.1327733993530273
65,train,0.9601395726203918
65,train,0.7375567555427551
65,train,0.7531262040138245
66,train,0.9081754684448242
66,train,1.3494048118591309
66,train,1.2085225582122803
66,train,0.6932622790336609
66,train,0.7489767074584961
66,train,1.2860389947891235
66,train,0.7556736469268799
66,train,0.8467766642570496
66,train,0.6942547559738159
66,train,0.719740629196167
66,train,0.7503681778907776
66,train,0.9269924163818359
66,train,0.9352192282676697
66,train,0.7287297248840332
66,train,0.7071001529693604
66,train,1.0402625799179077
66,train,1.033940315246582
66,train,0.798904538154602
66,train,1.0015356540679932
66,train,1.2218528985977173
67,train,0.6721441745758057
67,train,0.947268009185791
67,train,0.8257411122322083
67,train,1.1310714483261108
67,train,0.8515071868896484
67,train,0.9365736246109009
67,train,1.4275842905044556
67,train,0.6679867506027222
67,train,0.7269167304039001
67,train,0.7739515900611877
67,train,0.7015718817710876
67,train,1.000801920890808
67,train,0.8146485090255737
67,train,1.2301844358444214
67,train,0.6635519862174988
67,train,0.6778764724731445
67,train,1.0627264976501465
67,train,0.9600558280944824
67,train,0.6764025092124939
67,train,0.6886640191078186
68,train,0.8962582945823669
68,train,1.3537359237670898
68,train,0.7540103197097778
68,train,1.1437504291534424
68,train,0.7067097425460815
68,train,0.7480143904685974
68,train,0.6950408220291138
68,train,0.7125780582427979
68,train,0.6698087453842163
68,train,0.9786929488182068
68,train,0.9738267064094543
68,train,0.9154281616210938
68,train,0.6943386793136597
68,train,1.125902771949768
68,train,0.8697632551193237
68,train,0.8432199954986572
68,train,0.5858280062675476
68,train,0.7969945669174194
68,train,0.833884596824646
68,train,0.761247992515564
69,train,1.08779776096344
69,train,0.7014309763908386
69,train,0.9432404041290283
69,train,0.8819131851196289
69,train,1.0762639045715332
69,train,0.9450517296791077
69,train,0.7482364773750305
69,train,0.6953619718551636
69,train,0.6646632552146912
69,train,1.0218502283096313
69,train,0.6065434217453003
69,train,1.1040114164352417
69,train,0.9099425077438354
69,train,0.9746960401535034
69,train,0.7127645611763
69,train,0.8359283208847046
69,train,0.8350814580917358
69,train,1.2234667539596558
69,train,1.1494797468185425
69,train,0.7904884815216064
70,train,0.7316039204597473
70,train,0.7103455066680908
70,train,1.0508671998977661
70,train,1.09366774559021
70,train,1.1201962232589722
70,train,0.6777488589286804
70,train,1.1670116186141968
70,train,0.6824616193771362
70,train,0.8855803608894348
70,train,1.040187120437622
70,train,1.1765693426132202
70,train,0.8546797633171082
70,train,0.9126938581466675
70,train,0.7564558982849121
70,train,0.7023171186447144
70,train,0.8566069006919861
70,train,0.6061170697212219
70,train,1.1849862337112427
70,train,0.8527424335479736
70,train,0.8259156346321106
71,train,0.8623482584953308
71,train,0.702021062374115
71,train,0.8433061242103577
71,train,1.1470251083374023
71,train,0.7947543859481812
71,train,0.6909233331680298
71,train,0.7216227054595947
71,train,0.933630645275116
71,train,0.7700486183166504
71,train,1.1134661436080933
71,train,0.87613844871521
71,train,0.92044997215271
71,train,0.966974675655365
71,train,0.7528641223907471
71,train,0.7009215950965881
71,train,1.1488454341888428
71,train,0.7726743221282959
71,train,0.8114176392555237
71,train,0.7036536335945129
71,train,0.8769829869270325
72,train,0.9254071712493896
72,train,0.9056603312492371
72,train,0.7410149574279785
72,train,1.1838369369506836
72,train,1.3140699863433838
72,train,1.25421142578125
72,train,0.7981012463569641
72,train,1.0393306016921997
72,train,0.751721978187561
72,train,0.836069643497467
72,train,1.1246861219406128
72,train,0.8623239398002625
72,train,0.6348875164985657
72,train,0.805448591709137
72,train,0.6508046388626099
72,train,0.7171193361282349
72,train,0.7501653432846069
72,train,0.8705326318740845
72,train,0.6567651629447937
72,train,1.1868373155593872
73,train,0.8752828240394592
73,train,0.8234146237373352
73,train,0.8583890199661255
73,train,1.0459519624710083
73,train,0.9220539331436157
73,train,0.8699129819869995
73,train,0.7563431262969971
73,train,0.8204715251922607
73,train,1.5106258392333984
73,train,0.9987391233444214
73,train,1.0972923040390015
73,train,0.9403274059295654
73,train,0.6672779321670532
73,train,0.6992866396903992
73,train,0.7790197134017944
73,train,0.6990737318992615
73,train,1.0154162645339966
73,train,0.6528792977333069
73,train,0.9734464287757874
73,train,0.650574803352356
74,train,0.7189505100250244
74,train,0.7763290405273438
74,train,0.8300953507423401
74,train,0.6714543700218201
74,train,0.6595790386199951
74,train,0.6692200303077698
74,train,0.7661867737770081
74,train,1.083778738975525
74,train,0.829474925994873
74,train,0.6097810864448547
74,train,0.8400648832321167
74,train,0.8554249405860901
74,train,0.9227411150932312
74,train,0.8451122045516968
74,train,0.8154075741767883
74,train,0.9894471168518066
74,train,0.9355575442314148
74,train,0.7322381138801575
74,train,0.8646265864372253
74,train,1.0880703926086426
75,train,2.0316312313079834
75,train,0.7713030576705933
75,train,1.0721315145492554
75,train,0.9325459003448486
75,train,0.7808548212051392
75,train,0.6696302890777588
75,train,0.6160991191864014
75,train,0.954447865486145
75,train,1.061739444732666
75,train,0.7766005396842957
75,train,0.9333609938621521
75,train,0.7596742510795593
75,train,1.0784833431243896
75,train,0.6347615718841553
75,train,1.2425249814987183
75,train,0.8062542676925659
75,train,0.8884387016296387
75,train,0.7165554761886597
75,train,0.7067744731903076
75,train,0.9300256371498108
76,train,0.7665121555328369
76,train,0.8890371322631836
76,train,1.0942349433898926
76,train,0.6994598507881165
76,train,0.6913819313049316
76,train,0.9262533187866211
76,train,0.6723757982254028
76,train,0.601167619228363
76,train,1.6702001094818115
76,train,0.8372659683227539
76,train,0.8616743087768555
76,train,0.7428181171417236
76,train,0.6588830351829529
76,train,0.9452170133590698
76,train,0.670764684677124
76,train,0.6708152890205383
76,train,0.7528738379478455
76,train,0.9286313056945801
76,train,0.8124404549598694
76,train,0.6978186368942261
77,train,0.8420555591583252
77,train,0.7907317280769348
77,train,0.8008201122283936
77,train,0.6597110629081726
77,train,0.6255657076835632
77,train,0.9041005969047546
77,train,0.6720807552337646
77,train,0.981947124004364
77,train,0.7046340703964233
77,train,0.714531660079956
77,train,0.7214746475219727
77,train,0.8252204656600952
77,train,0.6592236161231995
77,train,0.8908399343490601
77,train,1.0629022121429443
77,train,1.0193760395050049
77,train,1.1150509119033813
77,train,0.7559950947761536
77,train,0.7154976725578308
77,train,0.661837637424469
78,train,0.6015753746032715
78,train,0.7345794439315796
78,train,0.8465017080307007
78,train,0.8318405747413635
78,train,1.1475763320922852
78,train,0.769598662853241
78,train,0.6958611607551575
78,train,0.7435708045959473
78,train,0.9710094332695007
78,train,0.7645511031150818
78,train,0.9047673344612122
78,train,0.8289933800697327
78,train,0.6165472865104675
78,train,0.95082026720047
78,train,0.8550170660018921
78,train,0.7285442352294922
78,train,1.1143664121627808
78,train,0.7284340262413025
78,train,0.9172883033752441
78,train,0.7562054991722107
79,train,0.6570383310317993
79,train,0.656355619430542
79,train,0.6440127491950989
79,train,0.7436718344688416
79,train,0.8922179937362671
79,train,1.1101164817810059
79,train,0.7054497003555298
79,train,0.8156830668449402
79,train,0.7395007610321045
79,train,1.0639909505844116
79,train,0.9834007024765015
79,train,0.9542258977890015
79,train,0.7260468602180481
79,train,0.9301322102546692
79,train,0.9209334254264832
79,train,0.6605492830276489
79,train,0.9252226948738098
79,train,0.894148588180542
79,train,0.6807342171669006
79,train,0.9493623971939087
80,train,0.7125058770179749
80,train,0.7442707419395447
80,train,0.7734696269035339
80,train,0.678784966468811
80,train,0.9896636605262756
80,train,0.8540278673171997
80,train,0.7849071025848389
80,train,1.0276795625686646
80,train,0.687279224395752
80,train,0.9230728149414062
80,train,0.8758106827735901
80,train,1.0040888786315918
80,train,0.8742460012435913
80,train,1.0035898685455322
80,train,0.6237037181854248
80,train,0.6486690640449524
80,train,0.9225212931632996
80,train,0.7756034731864929
80,train,0.5826342105865479
80,train,0.6933410167694092
81,train,1.1296027898788452
81,train,0.7972366809844971
81,train,0.7932816743850708
81,train,0.640324056148529
81,train,0.7194677591323853
81,train,0.9662595391273499
81,train,0.6207277178764343
81,train,0.7175138592720032
81,train,1.0437160730361938
81,train,0.7656567096710205
81,train,1.0555143356323242
81,train,0.8525033593177795
81,train,0.6956779956817627
81,train,0.6327018141746521
81,train,0.746388852596283
81,train,0.8516818881034851
81,train,0.8236051797866821
81,train,0.9318411946296692
81,train,0.831989586353302
81,train,0.6840009093284607
82,train,0.8944976925849915
82,train,0.7586142420768738
82,train,0.848686158657074
82,train,0.6438140869140625
82,train,0.9083215594291687
82,train,0.9909868240356445
82,train,0.7248040437698364
82,train,1.2090976238250732
82,train,1.0042780637741089
82,train,0.9476788640022278
82,train,0.6706503033638
82,train,0.7922341227531433
82,train,1.0536415576934814
82,train,0.9397045969963074
82,train,0.6835145354270935
82,train,0.6802375316619873
82,train,0.7180051207542419
82,train,0.98174649477005
82,train,0.7009248733520508
82,train,1.047963261604309
83,train,0.856417179107666
83,train,1.1530627012252808
83,train,1.3453339338302612
83,train,0.8530061841011047
83,train,1.0616378784179688
83,train,1.5062693357467651
83,train,0.8360164165496826
83,train,0.672431468963623
83,train,1.0051437616348267
83,train,1.1098453998565674
83,train,0.948234498500824
83,train,0.7700393199920654
83,train,0.9858673810958862
83,train,0.7090194821357727
83,train,0.9485164880752563
83,train,0.9341295957565308
83,train,0.7298488616943359
83,train,0.6367248892784119
83,train,0.6467723846435547
83,train,0.6001214981079102
84,train,0.7157312035560608
84,train,0.7251355051994324
84,train,0.8760064840316772
84,train,0.6922164559364319
84,train,0.8883777856826782
84,train,1.0068161487579346
84,train,0.6841264367103577
84,train,0.7542224526405334
84,train,1.0052038431167603
84,train,0.6800374388694763
84,train,1.2334586381912231
84,train,0.7187677621841431
84,train,0.8847199082374573
84,train,0.6687694787979126
84,train,0.7398747801780701
84,train,0.9366515278816223
84,train,0.85846346616745
84,train,0.6415029764175415
84,train,1.0677465200424194
84,train,1.1317799091339111
85,train,0.636215329170227
85,train,0.9403643608093262
85,train,1.051287055015564
85,train,0.8327974081039429
85,train,0.6520010828971863
85,train,0.8931357860565186
85,train,1.2042862176895142
85,train,0.916730523109436
85,train,0.7598925232887268
85,train,0.7441895008087158
85,train,0.6358222365379333
85,train,0.8927050828933716
85,train,0.7608649730682373
85,train,1.1851038932800293
85,train,0.8122212886810303
85,train,0.8067778944969177
85,train,0.9498897790908813
85,train,0.8040767312049866
85,train,0.5933961868286133
85,train,0.8224557042121887
86,train,0.78005051612854
86,train,0.7522055506706238
86,train,1.067799687385559
86,train,0.9120367169380188
86,train,1.1432596445083618
86,train,0.5746740102767944
86,train,0.6772571206092834
86,train,0.7956662178039551
86,train,0.7909190654754639
86,train,0.7477928996086121
86,train,0.8785052299499512
86,train,0.7562028169631958
86,train,0.6885220408439636
86,train,0.73905348777771
86,train,1.0790241956710815
86,train,0.6658403873443604
86,train,0.6234365701675415
86,train,0.8984529376029968
86,train,0.9028757810592651
86,train,1.0741552114486694
87,train,0.7247368097305298
87,train,0.8928764462471008
87,train,0.745943009853363
87,train,0.7960911989212036
87,train,0.6458405256271362
87,train,0.7959966063499451
87,train,0.6757978200912476
87,train,0.9186158180236816
87,train,0.8340172171592712
87,train,1.0163205862045288
87,train,0.7556910514831543
87,train,0.6706442832946777
87,train,0.7516058087348938
87,train,0.7524261474609375
87,train,0.969749927520752
87,train,0.5964134931564331
87,train,0.701339840888977
87,train,0.857506275177002
87,train,1.0153827667236328
87,train,0.5513744354248047
88,train,0.9244974851608276
88,train,1.0971070528030396
88,train,0.7605509757995605
88,train,1.0548348426818848
88,train,0.878085196018219
88,train,1.1850727796554565
88,train,0.9937936067581177
88,train,1.1723220348358154
88,train,1.046446681022644
88,train,0.7531965970993042
88,train,0.9174666404724121
88,train,0.8519277572631836
88,train,1.0766714811325073
88,train,1.0140888690948486
88,train,0.9793941974639893
88,train,0.6838454604148865
88,train,0.9739106893539429
88,train,0.6768585443496704
88,train,1.2658740282058716
88,train,0.6555864810943604
89,train,1.0226988792419434
89,train,0.7031627893447876
89,train,0.7810027599334717
89,train,1.034886121749878
89,train,0.7068962454795837
89,train,0.6292800903320312
89,train,0.7629621624946594
89,train,0.6493158340454102
89,train,0.6786506772041321
89,train,1.0444269180297852
89,train,0.9250854253768921
89,train,0.715702474117279
89,train,0.6853793859481812
89,train,0.7674347758293152
89,train,1.0011646747589111
89,train,0.8221875429153442
89,train,0.6693280935287476
89,train,0.9312925338745117
89,train,0.7046418190002441
89,train,1.0136442184448242
90,train,0.8523216247558594
90,train,0.956925630569458
90,train,0.7190688252449036
90,train,0.700461208820343
90,train,0.8906883001327515
90,train,0.8004485964775085
90,train,0.6584257483482361
90,train,0.6614015698432922
90,train,0.8822160363197327
90,train,0.6633126139640808
90,train,0.7242319583892822
90,train,0.811985433101654
90,train,0.9316505193710327
90,train,0.9798025488853455
90,train,0.7998714447021484
90,train,0.6640065312385559
90,train,0.8766411542892456
90,train,0.7606543302536011
90,train,1.1051455736160278
90,train,0.5927629470825195
91,train,0.8104188442230225
91,train,0.8689261078834534
91,train,0.6391875743865967
91,train,1.0395780801773071
91,train,0.9290995001792908
91,train,0.7291689515113831
91,train,0.7453386783599854
91,train,0.7504220604896545
91,train,0.6649819612503052
91,train,0.8452043533325195
91,train,0.9652408361434937
91,train,1.0674341917037964
91,train,0.7281239628791809
91,train,0.9222055673599243
91,train,0.6963412761688232
91,train,0.7650302052497864
91,train,0.7375694513320923
91,train,0.6524894833564758
91,train,0.7909709811210632
91,train,1.1574878692626953
92,train,1.068499207496643
92,train,0.7747259140014648
92,train,0.8143728971481323
92,train,0.750497579574585
92,train,0.9485299587249756
92,train,0.8169843554496765
92,train,0.691435694694519
92,train,0.8361226916313171
92,train,0.7071837186813354
92,train,0.9384256601333618
92,train,1.001240611076355
92,train,0.8789947032928467
92,train,0.8098934888839722
92,train,0.5949749946594238
92,train,1.2439637184143066
92,train,0.6542671322822571
92,train,0.9410289525985718
92,train,0.672180712223053
92,train,1.299716591835022
92,train,0.6256357431411743
93,train,0.6327755451202393
93,train,0.6510547995567322
93,train,0.8388080596923828
93,train,0.6048790812492371
93,train,1.0156968832015991
93,train,0.9079023003578186
93,train,0.6492866277694702
93,train,0.8475298285484314
93,train,0.6324154138565063
93,train,0.7107939124107361
93,train,0.7287071943283081
93,train,0.7639811635017395
93,train,0.6641532182693481
93,train,1.0507103204727173
93,train,1.0166270732879639
93,train,0.9355272054672241
93,train,0.8314356207847595
93,train,1.0586365461349487
93,train,0.9955170750617981
93,train,1.44233238697052
94,train,0.7652198076248169
94,train,0.6706128120422363
94,train,0.7975339889526367
94,train,0.6530637741088867
94,train,0.8349475264549255
94,train,1.0504997968673706
94,train,1.0111892223358154
94,train,1.2624592781066895
94,train,1.0688903331756592
94,train,0.6522200107574463
94,train,0.6891416311264038
94,train,0.9452271461486816
94,train,0.9484865665435791
94,train,0.690304160118103
94,train,0.8653629422187805
94,train,1.0536754131317139
94,train,0.7676173448562622
94,train,0.8547744154930115
94,train,0.7481021881103516
94,train,0.7672505378723145
95,train,0.9046433568000793
95,train,0.8371139168739319
95,train,1.039881944656372
95,train,1.0060218572616577
95,train,0.7735533118247986
95,train,0.9052910208702087
95,train,0.9792391657829285
95,train,0.7032819390296936
95,train,0.68375563621521
95,train,0.838868260383606
95,train,0.7032848596572876
95,train,0.7587118744850159
95,train,1.1472960710525513
95,train,0.6948749423027039
95,train,0.6610962152481079
95,train,0.9116911888122559
95,train,1.083783507347107
95,train,0.7883760929107666
95,train,0.6254947781562805
95,train,0.6982505321502686
96,train,1.0392311811447144
96,train,0.6427286863327026
96,train,0.9262800812721252
96,train,0.6683719754219055
96,train,0.8014192581176758
96,train,0.7893983721733093
96,train,0.668649435043335
96,train,0.8889528512954712
96,train,0.8342821598052979
96,train,0.8280826807022095
96,train,0.8143882751464844
96,train,0.7209872603416443
96,train,0.9149774312973022
96,train,0.8138267397880554
96,train,0.646895706653595
96,train,0.9642720222473145
96,train,0.7447226047515869
96,train,0.8763914704322815
96,train,0.9862410426139832
96,train,0.7810697555541992
97,train,0.6939203143119812
97,train,0.696925699710846
97,train,0.6410055160522461
97,train,0.5843153595924377
97,train,0.58760666847229
97,train,0.8252691030502319
97,train,0.9574398398399353
97,train,0.8458229899406433
97,train,0.9374314546585083
97,train,0.989780068397522
97,train,0.6082303524017334
97,train,0.5956274271011353
97,train,0.7316362261772156
97,train,0.9617934226989746
97,train,0.8308836221694946
97,train,0.8884552717208862
97,train,1.0196290016174316
97,train,0.6916513442993164
97,train,0.6811483502388
97,train,0.7940092086791992
98,train,0.8769466876983643
98,train,0.9399096965789795
98,train,0.8152467012405396
98,train,1.0414713621139526
98,train,0.6525960564613342
98,train,0.9207398295402527
98,train,0.6811277866363525
98,train,0.613906979560852
98,train,0.7554923892021179
98,train,0.8885030746459961
98,train,0.6688874959945679
98,train,1.046165108680725
98,train,0.782195508480072
98,train,1.2859854698181152
98,train,0.6698742508888245
98,train,0.9389845728874207
98,train,0.7355356812477112
98,train,0.9074013233184814
98,train,0.8416575193405151
98,train,0.7545257210731506
99,train,0.7302268743515015
99,train,0.6930535435676575
99,train,0.6792341470718384
99,train,0.9484192728996277
99,train,0.6255413293838501
99,train,1.1277196407318115
99,train,1.0178406238555908
99,train,0.7274444699287415
99,train,0.7478299736976624
99,train,0.6821485757827759
99,train,1.1824027299880981
99,train,0.996309220790863
99,train,0.6889830231666565
99,train,0.828778088092804
99,train,0.7167990803718567
99,train,0.9657841920852661
99,train,0.8664882779121399
99,train,0.7158824801445007
99,train,0.6914941072463989
99,train,0.8175528645515442
100,train,0.7671559453010559
100,train,0.8560665845870972
100,train,0.6760709881782532
100,train,0.6827799677848816
100,train,1.1513632535934448
100,train,0.9262024164199829
100,train,0.6205831170082092
100,train,0.919945478439331
100,train,0.9745915532112122
100,train,0.9519437551498413
100,train,1.0005648136138916
100,train,1.1329841613769531
100,train,0.8603917360305786
100,train,0.9822326302528381
100,train,0.9254710078239441
100,train,0.6467618346214294
100,train,0.6860308647155762
100,train,0.7317894101142883
100,train,0.6992532014846802
100,train,0.7412846684455872
101,train,0.705657958984375
101,train,0.8760875463485718
101,train,0.6391252279281616
101,train,1.1631097793579102
101,train,0.6210826635360718
101,train,0.6794795989990234
101,train,0.8048403859138489
101,train,0.7097305655479431
101,train,0.8713799715042114
101,train,1.0058481693267822
101,train,0.948093831539154
101,train,0.671480119228363
101,train,0.6765317916870117
101,train,0.8165166974067688
101,train,0.9482797384262085
101,train,0.8067114353179932
101,train,0.656858503818512
101,train,0.7879815101623535
101,train,0.9986771941184998
101,train,0.6932777762413025
102,train,0.7070110440254211
102,train,0.6589301824569702
102,train,0.7163980603218079
102,train,0.6616264581680298
102,train,0.6931226253509521
102,train,0.6592143774032593
102,train,0.5778217315673828
102,train,0.929219663143158
102,train,0.8529365658760071
102,train,0.667366087436676
102,train,1.2518521547317505
102,train,1.149428367614746
102,train,0.7911906838417053
102,train,0.763589084148407
102,train,0.9131388068199158
102,train,1.1086586713790894
102,train,0.9272305369377136
102,train,0.7898072004318237
102,train,0.7639179229736328
102,train,0.7933499813079834
103,train,0.8751400113105774
103,train,0.9043591022491455
103,train,0.6197008490562439
103,train,0.6639158725738525
103,train,0.663989245891571
103,train,0.6564579606056213
103,train,0.7752859592437744
103,train,0.72927325963974
103,train,1.1436100006103516
103,train,0.672180712223053
103,train,0.8860896825790405
103,train,1.0395737886428833
103,train,0.8371480107307434
103,train,0.6881793141365051
103,train,0.7713667154312134
103,train,0.5805779695510864
103,train,0.6910207271575928
103,train,0.9594153165817261
103,train,0.7794027328491211
103,train,0.6211989521980286
104,train,1.0792791843414307
104,train,0.9212870001792908
104,train,1.1545116901397705
104,train,0.7736913561820984
104,train,0.8177164196968079
104,train,0.6507880091667175
104,train,1.0733591318130493
104,train,0.689425528049469
104,train,0.6862987279891968
104,train,0.8379533886909485
104,train,0.7224364876747131
104,train,0.7964380979537964
104,train,0.8739503026008606
104,train,0.6262633800506592
104,train,0.5735570788383484
104,train,0.7999489307403564
104,train,0.7036922574043274
104,train,0.6765134334564209
104,train,0.8654250502586365
104,train,0.7790795564651489
105,train,0.9913027882575989
105,train,1.2026982307434082
105,train,1.0783369541168213
105,train,0.9492725729942322
105,train,0.6306314468383789
105,train,0.6163954734802246
105,train,0.7470836639404297
105,train,0.8261300325393677
105,train,0.6047581434249878
105,train,1.1292848587036133
105,train,1.1767373085021973
105,train,0.6241284608840942
105,train,0.6044818758964539
105,train,0.58040851354599
105,train,0.6790196299552917
105,train,0.5998643636703491
105,train,0.8918650150299072
105,train,0.663158118724823
105,train,0.6374979019165039
105,train,0.9185413718223572
106,train,0.954662561416626
106,train,0.8838120698928833
106,train,0.6063744425773621
106,train,0.7196727991104126
106,train,0.8175017833709717
106,train,0.6786810755729675
106,train,0.7150834202766418
106,train,1.0072094202041626
106,train,0.9337982535362244
106,train,0.9419564008712769
106,train,0.8364630341529846
106,train,0.7077127695083618
106,train,0.6639761924743652
106,train,0.992804765701294
106,train,0.9084902405738831
106,train,1.036405086517334
106,train,0.8976465463638306
106,train,0.6790424585342407
106,train,0.7281849980354309
106,train,0.945486307144165
107,train,1.1513124704360962
107,train,0.8073915839195251
107,train,0.843028724193573
107,train,0.9059503674507141
107,train,0.7271126508712769
107,train,1.0051100254058838
107,train,0.6102439165115356
107,train,0.8754682540893555
107,train,0.8566945791244507
107,train,0.8979054093360901
107,train,0.8412630558013916
107,train,0.9849770665168762
107,train,0.640306293964386
107,train,1.3781440258026123
107,train,0.6713456511497498
107,train,0.9975720643997192
107,train,0.8146762251853943
107,train,0.6732184886932373
107,train,0.619626522064209
107,train,0.7084211707115173
108,train,0.7031605243682861
108,train,0.683129608631134
108,train,0.7662511467933655
108,train,0.9886161088943481
108,train,0.9466784596443176
108,train,0.7992691993713379
108,train,0.9302350282669067
108,train,0.580891489982605
108,train,1.0015922784805298
108,train,1.2889440059661865
108,train,1.0223400592803955
108,train,0.6782498359680176
108,train,0.715441882610321
108,train,0.8355581164360046
108,train,0.9539337158203125
108,train,0.9281250834465027
108,train,0.8194720149040222
108,train,1.1088987588882446
108,train,0.8455528020858765
108,train,0.7199210524559021
109,train,0.6228675842285156
109,train,1.0378769636154175
109,train,0.7197681069374084
109,train,0.72988361120224
109,train,0.8693128228187561
109,train,0.6370093822479248
109,train,0.8109613656997681
109,train,0.9278382658958435
109,train,0.9810214638710022
109,train,0.8700361251831055
109,train,0.8803126811981201
109,train,0.730555534362793
109,train,0.7609525918960571
109,train,0.7106605172157288
109,train,0.8502388596534729
109,train,0.7218221426010132
109,train,0.7003442049026489
109,train,0.9818577170372009
109,train,0.660308837890625
109,train,1.066890001296997
110,train,0.7618797421455383
110,train,0.8425956964492798
110,train,0.6349649429321289
110,train,0.6394939422607422
110,train,0.6353026628494263
110,train,0.7474812269210815
110,train,0.8686232566833496
110,train,0.7918928265571594
110,train,0.7171803712844849
110,train,0.6592774987220764
110,train,0.6332597136497498
110,train,0.9581717848777771
110,train,0.675778329372406
110,train,0.7597214579582214
110,train,0.9275755882263184
110,train,0.8666109442710876
110,train,0.6000539064407349
110,train,0.7234498262405396
110,train,0.6810072660446167
110,train,0.64877849817276
111,train,0.8159227967262268
111,train,0.9877445101737976
111,train,0.5926845073699951
111,train,0.8356339931488037
111,train,0.9374880790710449
111,train,0.7319605350494385
111,train,0.8820064663887024
111,train,0.7028217911720276
111,train,0.902767539024353
111,train,0.6900871396064758
111,train,0.6660803556442261
111,train,0.7981011271476746
111,train,0.7966869473457336
111,train,1.2236953973770142
111,train,0.6472705006599426
111,train,1.002853512763977
111,train,0.7042732238769531
111,train,1.0637916326522827
111,train,0.9913788437843323
111,train,0.7884747385978699
112,train,0.8426564931869507
112,train,0.637042760848999
112,train,0.8617467880249023
112,train,0.9843939542770386
112,train,0.7144652605056763
112,train,0.7955387830734253
112,train,0.9336921572685242
112,train,0.6575539708137512
112,train,0.8131128549575806
112,train,0.9448806643486023
112,train,1.0528981685638428
112,train,0.7126415967941284
112,train,0.6574028134346008
112,train,0.7209912538528442
112,train,0.6423592567443848
112,train,0.8645073175430298
112,train,0.9957076907157898
112,train,0.7891545295715332
112,train,0.7948909997940063
112,train,0.8507527112960815
113,train,0.7721751928329468
113,train,0.7542898654937744
113,train,0.6984668374061584
113,train,0.6890133023262024
113,train,0.6280106902122498
113,train,0.7281617522239685
113,train,1.138418436050415
113,train,0.8553848266601562
113,train,0.6282954216003418
113,train,0.540433406829834
113,train,0.8394117951393127
113,train,0.6031239628791809
113,train,0.604511559009552
113,train,0.8475106954574585
113,train,0.8972765803337097
113,train,0.9013268351554871
113,train,1.1114320755004883
113,train,0.7189370393753052
113,train,0.8671947121620178
113,train,0.8184283375740051
114,train,0.7910981774330139
114,train,0.6860037446022034
114,train,0.8890851736068726
114,train,0.6286152601242065
114,train,0.6901640295982361
114,train,1.0331485271453857
114,train,0.6360766887664795
114,train,0.8083370923995972
114,train,0.6481927633285522
114,train,0.6508334279060364
114,train,0.876941978931427
114,train,0.5852178931236267
114,train,0.731590747833252
114,train,0.9413939714431763
114,train,0.6759883165359497
114,train,0.6366039514541626
114,train,0.7115653157234192
114,train,0.6579948663711548
114,train,0.6555256843566895
114,train,0.635498583316803
115,train,0.8478721976280212
115,train,1.0497828722000122
115,train,0.9319107532501221
115,train,0.6872279047966003
115,train,0.9301607012748718
115,train,0.7261548638343811
115,train,0.6490915417671204
115,train,0.9926437139511108
115,train,0.6963329315185547
115,train,1.0147122144699097
115,train,0.9965817928314209
115,train,0.8395189642906189
115,train,0.8678814172744751
115,train,0.6556797027587891
115,train,0.7190585732460022
115,train,0.8024083971977234
115,train,1.0907433032989502
115,train,0.6958288550376892
115,train,1.0107892751693726
115,train,1.0261117219924927
116,train,0.7054716944694519
116,train,0.9925717711448669
116,train,0.7110143303871155
116,train,0.9545993208885193
116,train,0.7843776941299438
116,train,0.7294161915779114
116,train,0.595377504825592
116,train,0.6089323163032532
116,train,0.9190443754196167
116,train,0.9340962171554565
116,train,0.8197869658470154
116,train,1.018775224685669
116,train,0.6342267394065857
116,train,0.7743496298789978
116,train,0.7079518437385559
116,train,0.9977893233299255
116,train,0.9286931157112122
116,train,0.7128708958625793
116,train,0.9853649139404297
116,train,0.6641306281089783
117,train,0.6329901814460754
117,train,0.8427643775939941
117,train,0.6513745784759521
117,train,0.8190746307373047
117,train,0.9002289175987244
117,train,0.9529253840446472
117,train,0.5682663321495056
117,train,0.7542967796325684
117,train,1.0096290111541748
117,train,0.5942021012306213
117,train,0.8789215087890625
117,train,0.8553446531295776
117,train,0.7159221768379211
117,train,0.90248703956604
117,train,0.7846783995628357
117,train,0.6364428400993347
117,train,0.6874704360961914
117,train,0.585918128490448
117,train,0.9555421471595764
117,train,0.7881364226341248
118,train,0.8225997090339661
118,train,0.7565783858299255
118,train,0.6081786751747131
118,train,0.7602942585945129
118,train,0.9150652885437012
118,train,1.0546883344650269
118,train,0.8684054017066956
118,train,0.5725807547569275
118,train,0.5677986145019531
118,train,0.8883295655250549
118,train,0.6048770546913147
118,train,0.8041148781776428
118,train,0.6182868480682373
118,train,1.0475773811340332
118,train,0.9801804423332214
118,train,0.9057725071907043
118,train,0.597030758857727
118,train,0.9839816093444824
118,train,0.8415747880935669
118,train,0.6053128838539124
119,train,0.9142282009124756
119,train,1.0686148405075073
119,train,0.9016215205192566
119,train,0.9252834320068359
119,train,0.8870053887367249
119,train,0.7517971992492676
119,train,0.9928331971168518
119,train,0.8455806374549866
119,train,0.7594055533409119
119,train,0.6380717754364014
119,train,0.8610979318618774
119,train,0.748799741268158
119,train,0.655948281288147
119,train,0.8724879622459412
119,train,1.0938361883163452
119,train,0.6499612927436829
119,train,0.7695562839508057
119,train,0.8444029688835144
119,train,0.6781488656997681
119,train,0.751742959022522
120,train,0.6374070048332214
120,train,1.0328279733657837
120,train,0.871766209602356
120,train,0.8299726247787476
120,train,0.658655047416687
120,train,0.884890079498291
120,train,0.6327304244041443
120,train,0.6541861295700073
120,train,0.8673842549324036
120,train,0.8259010314941406
120,train,0.6850857734680176
120,train,0.7533895969390869
120,train,0.809967041015625
120,train,0.7126505374908447
120,train,0.9844551086425781
120,train,0.6749433875083923
120,train,0.635539710521698
120,train,0.9123705625534058
120,train,0.7296772003173828
120,train,0.6198641061782837
121,train,0.6137047410011292
121,train,0.813632607460022
121,train,0.6823290586471558
121,train,0.6425421833992004
121,train,0.6095550060272217
121,train,0.6037077903747559
121,train,0.8756728172302246
121,train,0.7129876613616943
121,train,0.9754893183708191
121,train,0.8131608963012695
121,train,0.6195746064186096
121,train,0.5946164727210999
121,train,0.7573474645614624
121,train,0.8879413604736328
121,train,0.6977961659431458
121,train,0.8630349040031433
121,train,0.6554052829742432
121,train,0.6832787394523621
121,train,0.6074673533439636
121,train,0.6049177050590515
122,train,0.7794141173362732
122,train,0.9895912408828735
122,train,0.642706036567688
122,train,0.6521574258804321
122,train,0.8918702006340027
122,train,0.6409731507301331
122,train,0.6485828161239624
122,train,0.6491426825523376
122,train,0.6430205702781677
122,train,0.6131953001022339
122,train,0.7040963172912598
122,train,0.5941954851150513
122,train,0.551677405834198
122,train,0.9371433854103088
122,train,0.695327877998352
122,train,0.9818518757820129
122,train,0.9370706081390381
122,train,0.705157995223999
122,train,0.8785803318023682
122,train,0.7787342071533203
123,train,0.639947235584259
123,train,0.6796766519546509
123,train,0.6864100098609924
123,train,0.6140289902687073
123,train,0.7695562839508057
123,train,0.6367009878158569
123,train,1.0304023027420044
123,train,1.000849962234497
123,train,0.9628079533576965
123,train,0.6406524777412415
123,train,0.829740047454834
123,train,0.9000120162963867
123,train,1.1260629892349243
123,train,0.8141832947731018
123,train,0.5846198201179504
123,train,0.6780388355255127
123,train,0.8402396440505981
123,train,0.6523919701576233
123,train,0.900139331817627
123,train,0.7547149062156677
124,train,0.8658546209335327
124,train,0.763381838798523
124,train,0.8505434393882751
124,train,0.7150209546089172
124,train,0.6240230798721313
124,train,0.6741501092910767
124,train,0.6227138638496399
124,train,0.7223443984985352
124,train,0.7097667455673218
124,train,0.887130856513977
124,train,0.7906774878501892
124,train,0.8241068124771118
124,train,0.7043816447257996
124,train,0.6539749503135681
124,train,0.7165987491607666
124,train,0.810949981212616
124,train,0.8795588612556458
124,train,0.721858024597168
124,train,0.7130285501480103
124,train,0.6268377900123596
125,train,0.8105773329734802
125,train,0.947101354598999
125,train,0.8905315399169922
125,train,0.6601410508155823
125,train,0.673957884311676
125,train,0.8088600039482117
125,train,0.5993058681488037
125,train,0.9503186345100403
125,train,0.745789110660553
125,train,0.6540265679359436
125,train,0.6806471943855286
125,train,0.7152109146118164
125,train,0.936260461807251
125,train,0.8681713938713074
125,train,0.6275466084480286
125,train,0.7327508330345154
125,train,0.7932084798812866
125,train,0.8155699372291565
125,train,0.8317177891731262
125,train,0.647903323173523
126,train,0.6196989417076111
126,train,0.8620627522468567
126,train,0.9414142966270447
126,train,0.9358648061752319
126,train,0.8557956218719482
126,train,0.9385688304901123
126,train,0.6778994202613831
126,train,0.5979667901992798
126,train,0.6771923303604126
126,train,0.6718109846115112
126,train,0.6845580339431763
126,train,0.9184027314186096
126,train,0.5831754803657532
126,train,0.7254881858825684
126,train,0.9322556853294373
126,train,0.6046485304832458
126,train,0.8253774046897888
126,train,0.6760654449462891
126,train,1.1372947692871094
126,train,0.7076250910758972
127,train,0.5926315188407898
127,train,0.5859399437904358
127,train,0.660161554813385
127,train,0.717564046382904
127,train,0.5752139091491699
127,train,0.948214054107666
127,train,0.8271539211273193
127,train,0.6483637690544128
127,train,0.5995449423789978
127,train,0.8740637302398682
127,train,0.746005654335022
127,train,0.7435586452484131
127,train,0.6798755526542664
127,train,0.6580188274383545
127,train,1.070190191268921
127,train,0.8078586459159851
127,train,0.9353621006011963
127,train,0.7959659099578857
127,train,0.6093706488609314
127,train,0.6581437587738037
128,train,0.716560423374176
128,train,0.8286795020103455
128,train,0.6749324798583984
128,train,0.6495221853256226
128,train,0.8497118949890137
128,train,0.6394031047821045
128,train,0.7634729146957397
128,train,0.8081788420677185
128,train,0.599254846572876
128,train,0.5792086124420166
128,train,0.7607186436653137
128,train,0.6764760613441467
128,train,0.8485106229782104
128,train,0.9710699915885925
128,train,0.6566585302352905
128,train,0.7083054780960083
128,train,0.8281686305999756
128,train,0.6898984313011169
128,train,0.6383830308914185
128,train,0.8177942037582397
129,train,0.6664048433303833
129,train,0.7840533256530762
129,train,0.6275944709777832
129,train,0.878783643245697
129,train,1.0023845434188843
129,train,0.9384792447090149
129,train,0.7534592747688293
129,train,0.7048376202583313
129,train,0.9985273480415344
129,train,0.9148399233818054
129,train,0.7121397852897644
129,train,0.7774540781974792
129,train,0.6307831406593323
129,train,0.6857002377510071
129,train,0.6385119557380676
129,train,0.8577057719230652
129,train,0.8869873285293579
129,train,0.9950792789459229
129,train,0.6025121808052063
129,train,0.6406930685043335
130,train,0.6102213859558105
130,train,0.7377369403839111
130,train,0.8651727437973022
130,train,0.707432210445404
130,train,0.7037015557289124
130,train,0.6781385540962219
130,train,0.7076442241668701
130,train,0.6616709232330322
130,train,0.6267096400260925
130,train,1.0025277137756348
130,train,0.6415696740150452
130,train,0.6486638188362122
130,train,0.8106127381324768
130,train,0.8598342537879944
130,train,0.6493544578552246
130,train,1.073601245880127
130,train,0.9160086512565613
130,train,0.8714298605918884
130,train,0.7748744487762451
130,train,0.9102026224136353
131,train,0.7631910443305969
131,train,0.9424142241477966
131,train,0.9241108894348145
131,train,0.9302492737770081
131,train,1.0139058828353882
131,train,0.6234906315803528
131,train,0.5545561909675598
131,train,0.9970064759254456
131,train,1.0312896966934204
131,train,0.6750004291534424
131,train,0.49742960929870605
131,train,0.9758175015449524
131,train,0.8785004615783691
131,train,0.6361911296844482
131,train,0.8791508674621582
131,train,0.922011137008667
131,train,0.7252922654151917
131,train,1.0565626621246338
131,train,0.604589581489563
131,train,0.7193610668182373
132,train,0.7547581195831299
132,train,0.7991123199462891
132,train,0.8049503564834595
132,train,0.5870122313499451
132,train,0.910927951335907
132,train,0.6753776669502258
132,train,0.6619794368743896
132,train,0.916482150554657
132,train,0.7132813930511475
132,train,0.866370439529419
132,train,0.7345874905586243
132,train,0.6763961315155029
132,train,0.8552337288856506
132,train,0.5935215353965759
132,train,1.1031569242477417
132,train,0.969378650188446
132,train,0.8866053819656372
132,train,0.929931640625
132,train,0.8856399655342102
132,train,0.8605104684829712
133,train,0.6641878485679626
133,train,0.6443063020706177
133,train,1.0775842666625977
133,train,0.7835333943367004
133,train,1.0420821905136108
133,train,1.0478824377059937
133,train,0.9648764133453369
133,train,0.7069044709205627
133,train,0.6973330974578857
133,train,0.8664462566375732
133,train,0.8834059238433838
133,train,0.7910427451133728
133,train,0.7556625604629517
133,train,0.7220240831375122
133,train,0.6016218662261963
133,train,0.5927448272705078
133,train,0.6342579126358032
133,train,0.918556272983551
133,train,0.794334352016449
133,train,0.6362335681915283
134,train,0.9309625029563904
134,train,0.6572870016098022
134,train,0.5704525113105774
134,train,0.8100961446762085
134,train,0.5973054766654968
134,train,0.7512396574020386
134,train,0.909820020198822
134,train,0.6176260113716125
134,train,0.7679874300956726
134,train,0.9393160343170166
134,train,0.9068172574043274
134,train,0.8775726556777954
134,train,0.8792693614959717
134,train,0.9367685317993164
134,train,0.6354432106018066
134,train,0.6074895262718201
134,train,0.8218179941177368
134,train,0.961699366569519
134,train,0.8221352100372314
134,train,0.8711355924606323
135,train,0.7004365921020508
135,train,0.8966435790061951
135,train,0.8822288513183594
135,train,0.7399006485939026
135,train,0.7972687482833862
135,train,0.6620256900787354
135,train,0.7934830188751221
135,train,0.6149986386299133
135,train,0.7594926357269287
135,train,0.6104916334152222
135,train,0.7292811274528503
135,train,0.7770094275474548
135,train,0.877367377281189
135,train,0.6627264618873596
135,train,0.5893623232841492
135,train,0.7643305063247681
135,train,1.0287673473358154
135,train,0.6568655371665955
135,train,1.238997220993042
135,train,0.661403238773346
136,train,0.949921190738678
136,train,0.6727651357650757
136,train,1.0667037963867188
136,train,1.0102530717849731
136,train,0.6567354202270508
136,train,0.6112594604492188
136,train,0.7435017228126526
136,train,0.7820209264755249
136,train,0.5904732942581177
136,train,0.6290444135665894
136,train,0.9212124943733215
136,train,0.7844668030738831
136,train,0.6983540058135986
136,train,0.8468886017799377
136,train,0.7193312644958496
136,train,0.7834087610244751
136,train,0.9094541668891907
136,train,0.7858449220657349
136,train,1.0675277709960938
136,train,1.0131181478500366
137,train,0.5694679617881775
137,train,0.9073526263237
137,train,0.8398876190185547
137,train,0.9080785512924194
137,train,0.7009063959121704
137,train,0.5832521915435791
137,train,0.6059198379516602
137,train,0.7099185585975647
137,train,0.796772301197052
137,train,0.8255211710929871
137,train,0.6300273537635803
137,train,0.7878164052963257
137,train,0.6343688368797302
137,train,0.6058393716812134
137,train,0.6036210060119629
137,train,0.9285325407981873
137,train,0.7934250831604004
137,train,0.6379275321960449
137,train,0.6819230318069458
137,train,0.7741957902908325
138,train,0.6136963367462158
138,train,0.6706871390342712
138,train,0.6520474553108215
138,train,0.7998546957969666
138,train,0.7157388925552368
138,train,0.7952247262001038
138,train,0.5799819827079773
138,train,0.7453123927116394
138,train,0.6475201845169067
138,train,0.6979458928108215
138,train,0.5926263928413391
138,train,0.9165967702865601
138,train,0.654967725276947
138,train,1.0321921110153198
138,train,0.6177521347999573
138,train,0.7256804704666138
138,train,0.6735843420028687
138,train,0.7432162761688232
138,train,0.719962477684021
138,train,0.6346899271011353
139,train,0.783808708190918
139,train,0.5856918692588806
139,train,0.5695876479148865
139,train,0.6297410726547241
139,train,0.5439426898956299
139,train,0.8076696991920471
139,train,0.8257300853729248
139,train,0.6249034404754639
139,train,0.6428049206733704
139,train,0.6436743140220642
139,train,0.8604250550270081
139,train,0.816308856010437
139,train,0.6913581490516663
139,train,0.9113024473190308
139,train,0.7205941677093506
139,train,0.9126887917518616
139,train,0.7499298453330994
139,train,0.9638137817382812
139,train,0.8711996674537659
139,train,0.6428881883621216
140,train,0.736976683139801
140,train,0.6225129961967468
140,train,1.1427451372146606
140,train,0.7785053849220276
140,train,0.7964732646942139
140,train,0.7711856365203857
140,train,0.5918005704879761
140,train,0.5955058932304382
140,train,0.8802472352981567
140,train,0.6091204881668091
140,train,0.5643947124481201
140,train,0.6291831135749817
140,train,0.9474912285804749
140,train,0.8333092927932739
140,train,0.9261252880096436
140,train,0.836140513420105
140,train,0.619529664516449
140,train,0.8068323135375977
140,train,0.6930227279663086
140,train,0.7106274962425232
141,train,0.6121114492416382
141,train,0.727758526802063
141,train,0.6279996037483215
141,train,0.5868998765945435
141,train,0.6463195085525513
141,train,0.7615200877189636
141,train,0.9591495990753174
141,train,0.6977126002311707
141,train,0.6546727418899536
141,train,0.8656291961669922
141,train,0.7761008739471436
141,train,0.67426598072052
141,train,0.7475162148475647
141,train,0.5556337237358093
141,train,1.0561755895614624
141,train,0.6112803816795349
141,train,0.9788431525230408
141,train,0.9699085354804993
141,train,0.7178812026977539
141,train,0.8420747518539429
142,train,0.7962606549263
142,train,0.9722703695297241
142,train,0.8761396408081055
142,train,0.6503649950027466
142,train,0.64823317527771
142,train,0.6333533525466919
142,train,0.9035741686820984
142,train,0.6204787492752075
142,train,0.884377121925354
142,train,0.7533515691757202
142,train,0.9984486699104309
142,train,0.6159514784812927
142,train,0.6046919822692871
142,train,0.5652836561203003
142,train,0.9850897789001465
142,train,1.0143078565597534
142,train,0.7440532445907593
142,train,0.8509489893913269
142,train,0.6105004549026489
142,train,0.564778745174408
143,train,0.5969311594963074
143,train,0.9216808080673218
143,train,0.6360026001930237
143,train,0.5761942267417908
143,train,0.9330586194992065
143,train,0.5886138081550598
143,train,0.6730189919471741
143,train,0.7450430393218994
143,train,0.8002833127975464
143,train,0.8889874219894409
143,train,0.723728358745575
143,train,0.6210576891899109
143,train,0.7267888784408569
143,train,0.7069442272186279
143,train,0.810416579246521
143,train,0.7028347253799438
143,train,0.6382826566696167
143,train,0.6319717764854431
143,train,0.9152709245681763
143,train,0.5859840512275696
144,train,0.7480692863464355
144,train,0.8900527954101562
144,train,0.5855558514595032
144,train,0.8004441857337952
144,train,0.9322121739387512
144,train,0.7692690491676331
144,train,0.8288961052894592
144,train,0.6185522675514221
144,train,0.8098823428153992
144,train,0.7767677307128906
144,train,1.08419668674469
144,train,0.6560636162757874
144,train,0.8247498273849487
144,train,0.7781413197517395
144,train,0.7424641847610474
144,train,0.5833938121795654
144,train,0.7104628086090088
144,train,0.887222945690155
144,train,0.9340750575065613
144,train,0.7641355395317078
145,train,0.6993299722671509
145,train,0.8210888504981995
145,train,0.903589129447937
145,train,0.6609305143356323
145,train,0.9583108425140381
145,train,0.7084674835205078
145,train,0.6997230052947998
145,train,0.9080872535705566
145,train,0.8315175175666809
145,train,0.7590733766555786
145,train,0.9213905930519104
145,train,0.6154810786247253
145,train,0.8592376708984375
145,train,0.5740565061569214
145,train,0.8280988335609436
145,train,0.9459876418113708
145,train,0.8748312592506409
145,train,0.7194033265113831
145,train,0.7478411793708801
145,train,0.8751078248023987
146,train,0.7126082181930542
146,train,0.5960395932197571
146,train,0.9829427599906921
146,train,0.7706406116485596
146,train,0.633924126625061
146,train,0.6003912687301636
146,train,0.6227729916572571
146,train,0.8053485751152039
146,train,0.7081734538078308
146,train,1.0215351581573486
146,train,0.8001285195350647
146,train,0.7802723050117493
146,train,0.9431830048561096
146,train,0.8638725876808167
146,train,0.6290621757507324
146,train,1.0657148361206055
146,train,0.8512892127037048
146,train,0.6517186164855957
146,train,0.8472345471382141
146,train,0.7586556673049927
147,train,0.8485774397850037
147,train,1.0378992557525635
147,train,0.58809494972229
147,train,0.9117263555526733
147,train,0.6380907893180847
147,train,0.6265637874603271
147,train,0.7712001800537109
147,train,0.5848057866096497
147,train,0.9264572262763977
147,train,0.6208558082580566
147,train,0.6674532890319824
147,train,0.6586568355560303
147,train,0.6167210936546326
147,train,0.8007462620735168
147,train,0.7957903742790222
147,train,0.7961218953132629
147,train,0.7528380751609802
147,train,0.9843719005584717
147,train,0.55182945728302
147,train,0.8979616165161133
148,train,0.7339209318161011
148,train,0.5919865965843201
148,train,0.8548587560653687
148,train,0.7929912209510803
148,train,0.7873259782791138
148,train,0.6507635712623596
148,train,0.7801881432533264
148,train,1.05341637134552
148,train,0.6488643884658813
148,train,0.5739867687225342
148,train,0.7076193690299988
148,train,0.628126323223114
148,train,0.7787372469902039
148,train,0.7482358813285828
148,train,0.6734866499900818
148,train,0.9522250890731812
148,train,0.6097471117973328
148,train,0.9552508592605591
148,train,1.0234602689743042
148,train,0.6235877275466919
149,train,0.6819947957992554
149,train,0.6052678227424622
149,train,0.6808302402496338
149,train,0.6941647529602051
149,train,1.1068555116653442
149,train,0.6351205110549927
149,train,0.7265405058860779
149,train,0.5916725397109985
149,train,1.2643167972564697
149,train,0.5608781576156616
149,train,0.8306764960289001
149,train,0.7510297894477844
149,train,0.6660867929458618
149,train,0.6126254200935364
149,train,0.642808735370636
149,train,0.913009524345398
149,train,0.8065643310546875
149,train,1.0560253858566284
149,train,0.6565003991127014
149,train,0.6211508512496948
150,train,0.831842839717865
150,train,0.5617050528526306
150,train,0.6020296216011047
150,train,0.6626580953598022
150,train,0.731910228729248
150,train,1.0536047220230103
150,train,1.0174354314804077
150,train,0.8577129244804382
150,train,0.6661416292190552
150,train,0.7196241021156311
150,train,0.8897574543952942
150,train,0.7486300468444824
150,train,0.6259036064147949
150,train,0.8340744376182556
150,train,0.7447795867919922
150,train,0.7455982565879822
150,train,0.6913849115371704
150,train,0.885589063167572
150,train,0.6197133660316467
150,train,0.5829582810401917
151,train,0.7411199808120728
151,train,0.5515772700309753
151,train,0.574743390083313
151,train,0.6524006724357605
151,train,0.8355548977851868
151,train,0.652563750743866
151,train,0.6721493005752563
151,train,0.6887406706809998
151,train,0.7612053155899048
151,train,0.6888270378112793
151,train,0.7219632863998413
151,train,0.9170601963996887
151,train,1.0105764865875244
151,train,0.9444547891616821
151,train,0.8168197274208069
151,train,0.7647803425788879
151,train,0.7175734043121338
151,train,0.5717466473579407
151,train,0.9988167881965637
151,train,0.5961580276489258
152,train,0.582073450088501
152,train,0.6395516395568848
152,train,0.5873643159866333
152,train,0.9623093605041504
152,train,0.8424887657165527
152,train,0.9489402770996094
152,train,0.7782004475593567
152,train,0.6720154285430908
152,train,0.6412339806556702
152,train,0.6305535435676575
152,train,0.6034980416297913
152,train,0.7166153192520142
152,train,0.8258992433547974
152,train,1.0247498750686646
152,train,0.8413620591163635
152,train,0.6148219108581543
152,train,1.0124996900558472
152,train,0.6445633769035339
152,train,0.946794331073761
152,train,0.6950877904891968
153,train,0.6455007791519165
153,train,0.6733878254890442
153,train,0.5990837216377258
153,train,0.6782087683677673
153,train,1.2735332250595093
153,train,0.6381022930145264
153,train,0.6542711853981018
153,train,0.6489467620849609
153,train,0.7553138732910156
153,train,0.623652994632721
153,train,0.7872858047485352
153,train,0.9137674570083618
153,train,0.6125930547714233
153,train,0.6052215099334717
153,train,0.6354325413703918
153,train,0.6455185413360596
153,train,0.697844922542572
153,train,0.7420045137405396
153,train,0.7423852682113647
153,train,0.7816063761711121
154,train,0.8257474899291992
154,train,0.807845950126648
154,train,0.6414259076118469
154,train,0.6788148283958435
154,train,1.0422457456588745
154,train,0.6321607232093811
154,train,0.6088961958885193
154,train,0.6014682054519653
154,train,0.7115894556045532
154,train,0.6032944321632385
154,train,0.6205232739448547
154,train,0.6208825707435608
154,train,0.5947391390800476
154,train,0.6387728452682495
154,train,0.7523325085639954
154,train,0.6497578024864197
154,train,0.729148268699646
154,train,0.7090712189674377
154,train,0.6314353346824646
154,train,0.9385339021682739
155,train,0.7128996849060059
155,train,0.6111859679222107
155,train,0.829987108707428
155,train,0.8016334772109985
155,train,0.7592439651489258
155,train,0.6796171069145203
155,train,0.6320500373840332
155,train,0.6516298055648804
155,train,0.7903490662574768
155,train,0.5298156142234802
155,train,0.7494547367095947
155,train,0.6196519732475281
155,train,0.6783034801483154
155,train,0.8378747701644897
155,train,0.8634299635887146
155,train,0.568157434463501
155,train,0.8158643245697021
155,train,0.9630584120750427
155,train,0.6861852407455444
155,train,0.8362807631492615
156,train,0.6628322005271912
156,train,0.6693785190582275
156,train,0.6278390884399414
156,train,0.7963845133781433
156,train,0.9181311130523682
156,train,0.6614387631416321
156,train,0.9534768462181091
156,train,0.9366020560264587
156,train,0.7454177141189575
156,train,0.8591049909591675
156,train,0.6288918852806091
156,train,0.7111174464225769
156,train,0.6250129342079163
156,train,0.6780324578285217
156,train,0.7598087787628174
156,train,0.6196566820144653
156,train,0.6612294316291809
156,train,0.7584506869316101
156,train,0.8219893574714661
156,train,0.8800279498100281
157,train,0.7870907783508301
157,train,0.5103819966316223
157,train,0.9418007731437683
157,train,0.7977451682090759
157,train,0.8718950748443604
157,train,0.9998613595962524
157,train,0.807880163192749
157,train,0.654014527797699
157,train,0.7040922045707703
157,train,0.9970117211341858
157,train,0.6555671691894531
157,train,0.8517701625823975
157,train,0.6052315831184387
157,train,0.780515730381012
157,train,0.774789035320282
157,train,0.7258428931236267
157,train,0.6968024969100952
157,train,0.5922191739082336
157,train,0.8044416904449463
157,train,0.6046733856201172
158,train,0.5718274712562561
158,train,0.7119333148002625
158,train,0.6651092171669006
158,train,0.9081761240959167
158,train,0.5790131688117981
158,train,0.885825514793396
158,train,0.7520531415939331
158,train,0.6451655626296997
158,train,0.753525972366333
158,train,1.008697748184204
158,train,0.5849056839942932
158,train,1.0132544040679932
158,train,0.5773374438285828
158,train,0.6009917259216309
158,train,0.7748743891716003
158,train,0.7903732061386108
158,train,1.1081405878067017
158,train,1.0390613079071045
158,train,0.6599866151809692
158,train,0.5668507814407349
159,train,0.7691083550453186
159,train,0.768116295337677
159,train,0.7660301923751831
159,train,0.6232596039772034
159,train,0.8583452105522156
159,train,0.5750370025634766
159,train,0.6697171926498413
159,train,0.6216838955879211
159,train,0.6084874272346497
159,train,0.6857101321220398
159,train,0.8166224956512451
159,train,0.7099512815475464
159,train,0.5909399390220642
159,train,0.7540280222892761
159,train,0.6667115092277527
159,train,0.7769105434417725
159,train,0.9600730538368225
159,train,0.6558708548545837
159,train,0.572036623954773
159,train,0.608598530292511
160,train,0.9852194786071777
160,train,0.8943548798561096
160,train,0.5909561514854431
160,train,0.846772313117981
160,train,0.9464647173881531
160,train,0.7408621311187744
160,train,1.016242265701294
160,train,0.6074045300483704
160,train,0.9911437630653381
160,train,0.9045113921165466
160,train,0.7373523116111755
160,train,0.5909138917922974
160,train,0.5535561442375183
160,train,0.6052395105361938
160,train,0.6187516450881958
160,train,0.5580371022224426
160,train,0.8165620565414429
160,train,0.7331394553184509
160,train,0.8787944316864014
160,train,0.6171877980232239
161,train,0.5965456366539001
161,train,0.6077280044555664
161,train,0.7259219884872437
161,train,0.7674199938774109
161,train,0.6288642883300781
161,train,0.5946192145347595
161,train,0.7058061361312866
161,train,0.885553777217865
161,train,0.832348644733429
161,train,0.609233021736145
161,train,0.8154664635658264
161,train,0.6285954713821411
161,train,0.651894211769104
161,train,0.7944262027740479
161,train,0.6451380252838135
161,train,0.8592538833618164
161,train,0.8699169754981995
161,train,0.6402080655097961
161,train,0.8119655847549438
161,train,0.6109988689422607
162,train,0.7805010080337524
162,train,0.9025945663452148
162,train,0.5409925580024719
162,train,0.9667295217514038
162,train,1.0175745487213135
162,train,0.6658592820167542
162,train,0.728958249092102
162,train,0.5961031913757324
162,train,0.7442494034767151
162,train,0.5897738337516785
162,train,0.9185612797737122
162,train,0.7418249845504761
162,train,0.6424890160560608
162,train,0.5913792252540588
162,train,0.7914628982543945
162,train,0.6458823680877686
162,train,0.916326105594635
162,train,0.8280012011528015
162,train,0.8431901931762695
162,train,0.8662376403808594
163,train,0.9799981713294983
163,train,0.6574360132217407
163,train,0.764168381690979
163,train,0.5697856545448303
163,train,0.6562682390213013
163,train,0.7775731086730957
163,train,0.6327762007713318
163,train,0.7698847055435181
163,train,0.7250654697418213
163,train,0.6295263171195984
163,train,0.8071420788764954
163,train,0.875714898109436
163,train,0.8415470123291016
163,train,0.8945863842964172
163,train,0.646081805229187
163,train,0.9265170693397522
163,train,0.8545653820037842
163,train,0.7591201066970825
163,train,0.6378056406974792
163,train,0.7617394924163818
164,train,0.7583816051483154
164,train,0.6300530433654785
164,train,0.6407034993171692
164,train,0.636429488658905
164,train,0.7550915479660034
164,train,0.6510672569274902
164,train,0.6384443640708923
164,train,0.6281881928443909
164,train,0.9331656098365784
164,train,0.6539641618728638
164,train,0.7132728099822998
164,train,0.6644176244735718
164,train,0.7559014558792114
164,train,0.7664982080459595
164,train,1.0449784994125366
164,train,0.5889179706573486
164,train,0.8356675505638123
164,train,0.8930801749229431
164,train,0.8140021562576294
164,train,0.7196829319000244
165,train,0.8374887108802795
165,train,0.9785755276679993
165,train,0.5945191979408264
165,train,0.8428717851638794
165,train,1.0836819410324097
165,train,0.7787382006645203
165,train,0.9085661768913269
165,train,0.7864783406257629
165,train,0.8903167247772217
165,train,0.6585042476654053
165,train,0.6687463521957397
165,train,0.6736471652984619
165,train,0.7136159539222717
165,train,0.7587729096412659
165,train,0.6768079996109009
165,train,0.8918542265892029
165,train,0.705521821975708
165,train,0.8105555772781372
165,train,0.627242386341095
165,train,0.8705816268920898
166,train,0.6563754081726074
166,train,0.800565779209137
166,train,0.637565016746521
166,train,0.7261406779289246
166,train,0.6457864046096802
166,train,0.8171647191047668
166,train,0.7793045043945312
166,train,0.8650042414665222
166,train,0.8154317140579224
166,train,0.8884572982788086
166,train,0.9892754554748535
166,train,0.8378888368606567
166,train,0.7171111106872559
166,train,0.6647161841392517
166,train,0.6117873787879944
166,train,0.7899619936943054
166,train,1.218708872795105
166,train,1.2258518934249878
166,train,0.6567944288253784
166,train,0.8085017204284668
167,train,0.9251864552497864
167,train,0.8519346117973328
167,train,0.7046439051628113
167,train,0.587421715259552
167,train,1.0546377897262573
167,train,0.6071641445159912
167,train,0.566012978553772
167,train,0.8438215851783752
167,train,1.0526646375656128
167,train,0.5593137741088867
167,train,0.7429673671722412
167,train,0.582862377166748
167,train,0.6050788164138794
167,train,0.6825206875801086
167,train,0.8744465708732605
167,train,0.9767562747001648
167,train,0.5923341512680054
167,train,0.5617431402206421
167,train,0.7628797292709351
167,train,0.9615664482116699
168,train,0.6163308620452881
168,train,0.6620469093322754
168,train,0.6796563863754272
168,train,0.7183667421340942
168,train,0.650467574596405
168,train,0.6219174265861511
168,train,0.7570438981056213
168,train,0.7895326018333435
168,train,0.7204467058181763
168,train,0.6379100680351257
168,train,0.9213845133781433
168,train,0.8333835005760193
168,train,0.6367811560630798
168,train,0.8867114186286926
168,train,0.8513617515563965
168,train,0.8587214946746826
168,train,0.6332945227622986
168,train,0.708328366279602
168,train,0.6051172614097595
168,train,0.7988125681877136
169,train,0.6329683065414429
169,train,0.6877221465110779
169,train,0.5861645936965942
169,train,0.7673512101173401
169,train,0.7581941485404968
169,train,0.8001337051391602
169,train,0.8065350651741028
169,train,0.6906477212905884
169,train,0.6450795531272888
169,train,0.6613366007804871
169,train,0.6685755252838135
169,train,0.7259722352027893
169,train,0.8899015188217163
169,train,0.87112957239151
169,train,0.5537183880805969
169,train,0.9914048910140991
169,train,0.7117303609848022
169,train,0.6348084807395935
169,train,0.6700656414031982
169,train,0.6071030497550964
170,train,0.6550222635269165
170,train,0.5641465783119202
170,train,0.8187854886054993
170,train,0.7495896816253662
170,train,0.8096123337745667
170,train,0.5510022640228271
170,train,0.6748627424240112
170,train,0.9763855338096619
170,train,0.884111762046814
170,train,0.7082810401916504
170,train,0.8434574604034424
170,train,0.6696521639823914
170,train,0.7370187044143677
170,train,0.7892534732818604
170,train,0.8392929434776306
170,train,0.8719392418861389
170,train,0.6693651676177979
170,train,0.5972952842712402
170,train,0.5702176690101624
170,train,1.0868144035339355
171,train,0.60513836145401
171,train,0.5578968524932861
171,train,0.5748658180236816
171,train,0.8729550242424011
171,train,0.7786426544189453
171,train,0.8363507390022278
171,train,0.5126686096191406
171,train,0.6446306109428406
171,train,0.6285491585731506
171,train,0.6269351840019226
171,train,0.7762693166732788
171,train,0.7894062995910645
171,train,0.594933271408081
171,train,0.5785956382751465
171,train,0.5954031348228455
171,train,0.7038511037826538
171,train,0.62933349609375
171,train,1.0657269954681396
171,train,0.6076086759567261
171,train,0.6982848048210144
172,train,0.742216169834137
172,train,0.8248693346977234
172,train,0.9057048559188843
172,train,0.7604097723960876
172,train,0.8718655109405518
172,train,0.5700300335884094
172,train,0.7734052538871765
172,train,0.5792716145515442
172,train,0.8214633464813232
172,train,0.9762296080589294
172,train,0.8835952281951904
172,train,0.5023699998855591
172,train,0.7325136661529541
172,train,0.5946387648582458
172,train,0.5795193314552307
172,train,0.6755841970443726
172,train,0.6590274572372437
172,train,0.7621442079544067
172,train,0.5792547464370728
172,train,0.6480993628501892
173,train,0.9423255920410156
173,train,0.7385436296463013
173,train,0.6066271662712097
173,train,0.6157688498497009
173,train,0.640689492225647
173,train,0.7630061507225037
173,train,0.86946040391922
173,train,0.7412905693054199
173,train,0.663631796836853
173,train,0.7740687727928162
173,train,0.8360381722450256
173,train,0.6452810764312744
173,train,0.6331799030303955
173,train,0.7972025275230408
173,train,0.8429067134857178
173,train,0.5787599682807922
173,train,0.9542352557182312
173,train,0.9412183165550232
173,train,0.8684800267219543
173,train,0.6288952827453613
174,train,0.6085096001625061
174,train,0.9911981821060181
174,train,0.6836940050125122
174,train,0.8408088088035583
174,train,0.8278821706771851
174,train,0.574796199798584
174,train,0.6586952805519104
174,train,0.8616498708724976
174,train,0.8155320882797241
174,train,0.8443515300750732
174,train,0.7477365732192993
174,train,0.9617064595222473
174,train,0.8824709057807922
174,train,0.5872580409049988
174,train,0.6822674870491028
174,train,0.6782929301261902
174,train,0.7950012683868408
174,train,0.6045652627944946
174,train,0.7119842767715454
174,train,0.9957297444343567
175,train,0.5618568062782288
175,train,0.935602068901062
175,train,0.8575751185417175
175,train,0.7598991394042969
175,train,0.5425988435745239
175,train,0.8820146322250366
175,train,0.8187846541404724
175,train,0.6181520819664001
175,train,0.6484804153442383
175,train,0.7477485537528992
175,train,0.7492770552635193
175,train,0.66949862241745
175,train,0.7693473100662231
175,train,0.852647066116333
175,train,0.829433023929596
175,train,0.7587875723838806
175,train,0.5956937074661255
175,train,0.601698637008667
175,train,0.8793967366218567
175,train,0.8138636350631714
176,train,0.73044353723526
176,train,1.0695409774780273
176,train,0.8754596710205078
176,train,0.6608666181564331
176,train,0.889210045337677
176,train,0.7762196063995361
176,train,0.7970250844955444
176,train,0.8754764199256897
176,train,0.7313228845596313
176,train,0.570894181728363
176,train,0.7722512483596802
176,train,0.8465116024017334
176,train,0.625577449798584
176,train,0.78937828540802
176,train,0.6372712850570679
176,train,0.8521187901496887
176,train,0.7084782123565674
176,train,0.9167383313179016
176,train,1.0523277521133423
176,train,0.5792902708053589
177,train,0.6807268261909485
177,train,0.6835976243019104
177,train,0.6467739939689636
177,train,0.7573363780975342
177,train,0.5647873282432556
177,train,0.8708130121231079
177,train,0.7529360055923462
177,train,0.752256453037262
177,train,0.5387350916862488
177,train,1.042557716369629
177,train,0.662162184715271
177,train,0.7840308547019958
177,train,0.62325519323349
177,train,0.6654017567634583
177,train,0.8448154926300049
177,train,0.6642788052558899
177,train,0.621788740158081
177,train,0.6953807473182678
177,train,0.8879691958427429
177,train,0.6273671388626099
178,train,0.720220685005188
178,train,0.8483374714851379
178,train,0.7061637043952942
178,train,0.8266160488128662
178,train,0.8891163468360901
178,train,0.5535548329353333
178,train,0.5300079584121704
178,train,0.6213082671165466
178,train,0.7886295318603516
178,train,0.7393514513969421
178,train,0.5859881043434143
178,train,0.8847149610519409
178,train,0.5678972005844116
178,train,0.6238288879394531
178,train,0.6462114453315735
178,train,0.8369841575622559
178,train,0.9370203614234924
178,train,0.6446143984794617
178,train,0.7325148582458496
178,train,0.6600498557090759
179,train,0.6528534293174744
179,train,0.6560158133506775
179,train,0.9504579901695251
179,train,0.7991219162940979
179,train,0.607242226600647
179,train,0.5626009106636047
179,train,0.6447303295135498
179,train,0.6685797572135925
179,train,0.6910285353660583
179,train,0.7056540846824646
179,train,0.6653275489807129
179,train,0.9723761677742004
179,train,0.53706294298172
179,train,0.6482313871383667
179,train,0.8023228645324707
179,train,0.8231087327003479
179,train,0.8071838617324829
179,train,0.5705652832984924
179,train,0.5438164472579956
179,train,0.5477162003517151
180,train,0.7475920915603638
180,train,0.580726146697998
180,train,0.7427224516868591
180,train,0.6701875925064087
180,train,0.7198061943054199
180,train,0.6381081938743591
180,train,0.8965321779251099
180,train,0.8605878949165344
180,train,0.620272159576416
180,train,0.6072613000869751
180,train,0.7420884370803833
180,train,0.6366214156150818
180,train,0.6576848030090332
180,train,0.679309606552124
180,train,0.7278146743774414
180,train,0.8313497304916382
180,train,0.8217885494232178
180,train,0.6164376735687256
180,train,0.6275907754898071
180,train,0.7639121413230896
181,train,0.9974885582923889
181,train,0.870107889175415
181,train,0.6408178210258484
181,train,0.9363023638725281
181,train,0.7268550395965576
181,train,0.7052962183952332
181,train,0.7873708009719849
181,train,0.6867399215698242
181,train,0.821357250213623
181,train,0.552605926990509
181,train,0.8379653096199036
181,train,0.7740317583084106
181,train,0.5807567238807678
181,train,0.6487134695053101
181,train,0.8256693482398987
181,train,0.6587032079696655
181,train,0.5759285092353821
181,train,0.5908519625663757
181,train,0.6512698531150818
181,train,0.6649275422096252
182,train,0.5976070761680603
182,train,0.6837075352668762
182,train,0.5570533871650696
182,train,0.8603024482727051
182,train,0.7695649862289429
182,train,0.628002941608429
182,train,0.7693343758583069
182,train,0.781446099281311
182,train,0.7054875493049622
182,train,0.6825658082962036
182,train,0.5136451721191406
182,train,0.6001632809638977
182,train,0.7824530005455017
182,train,0.8189229369163513
182,train,0.8302862048149109
182,train,0.818540096282959
182,train,0.9614194631576538
182,train,0.6241030097007751
182,train,0.8448091745376587
182,train,0.6416389346122742
183,train,0.8611721992492676
183,train,0.792173445224762
183,train,0.8026703596115112
183,train,0.5812720060348511
183,train,0.7941528558731079
183,train,0.9644604921340942
183,train,0.7846104502677917
183,train,0.7402455806732178
183,train,0.9586568474769592
183,train,0.7242732048034668
183,train,0.6315165758132935
183,train,0.8392983675003052
183,train,0.6812186241149902
183,train,0.6716411113739014
183,train,0.6843643188476562
183,train,0.7346664071083069
183,train,0.825246274471283
183,train,0.7799770832061768
183,train,0.8735166192054749
183,train,0.8779500126838684
184,train,0.6767603158950806
184,train,0.5438649654388428
184,train,0.6046321988105774
184,train,0.6725946068763733
184,train,0.7314070463180542
184,train,0.8836419582366943
184,train,0.9499604105949402
184,train,0.6523768901824951
184,train,0.6191907525062561
184,train,0.6640185713768005
184,train,0.63584965467453
184,train,0.8199488520622253
184,train,0.5948354005813599
184,train,0.9419737458229065
184,train,0.5907291173934937
184,train,1.0785353183746338
184,train,0.6926697492599487
184,train,0.676270604133606
184,train,0.6295177936553955
184,train,1.0008906126022339
185,train,0.5737559199333191
185,train,0.7576373815536499
185,train,0.8674469590187073
185,train,0.6195974349975586
185,train,0.893263041973114
185,train,0.592465877532959
185,train,0.6249907612800598
185,train,0.8536351919174194
185,train,0.8547185659408569
185,train,0.6364188194274902
185,train,0.7545197010040283
185,train,0.8319474458694458
185,train,0.6109578609466553
185,train,0.5821347236633301
185,train,0.7586565613746643
185,train,0.7214261293411255
185,train,0.5888721942901611
185,train,1.040884256362915
185,train,0.810349702835083
185,train,0.5861498713493347
186,train,0.6326171159744263
186,train,0.6596367359161377
186,train,0.8443946838378906
186,train,0.5355150699615479
186,train,0.6627790927886963
186,train,0.8726276755332947
186,train,0.8706448078155518
186,train,0.5805727243423462
186,train,0.7789403200149536
186,train,0.7633293867111206
186,train,0.9706036448478699
186,train,0.6062316298484802
186,train,0.8070068955421448
186,train,0.5994816422462463
186,train,0.8649294972419739
186,train,0.5965031385421753
186,train,0.570253312587738
186,train,0.8100708723068237
186,train,0.6790392398834229
186,train,0.8106055855751038
187,train,0.8125100135803223
187,train,0.7512121796607971
187,train,0.5859483480453491
187,train,0.7349912524223328
187,train,0.5682668685913086
187,train,0.9238467216491699
187,train,0.9686285257339478
187,train,0.7471867799758911
187,train,0.5042736530303955
187,train,0.6215261816978455
187,train,0.7972736954689026
187,train,0.7366952300071716
187,train,0.9181708693504333
187,train,0.8895782232284546
187,train,0.5792383551597595
187,train,0.7846325635910034
187,train,0.5616079568862915
187,train,0.8010095953941345
187,train,0.6456954479217529
187,train,0.9282122254371643
188,train,0.6540454030036926
188,train,0.829321026802063
188,train,0.5998937487602234
188,train,0.7608057260513306
188,train,0.7931674122810364
188,train,0.6311953663825989
188,train,0.7976206541061401
188,train,0.582308828830719
188,train,0.6705437898635864
188,train,0.611147403717041
188,train,0.6038132905960083
188,train,0.6656219959259033
188,train,0.7770707607269287
188,train,0.8599258661270142
188,train,0.9985953569412231
188,train,0.9806234240531921
188,train,0.5532154440879822
188,train,0.5987246036529541
188,train,0.9608086943626404
188,train,0.8942724466323853
189,train,0.7448374629020691
189,train,0.5754817724227905
189,train,0.8543369770050049
189,train,0.5982535481452942
189,train,0.6801355481147766
189,train,0.7655434012413025
189,train,0.6856233477592468
189,train,0.6731683015823364
189,train,0.7863576412200928
189,train,0.6629363298416138
189,train,0.5950135588645935
189,train,0.7668853998184204
189,train,0.8743730783462524
189,train,0.6390404105186462
189,train,0.9058306813240051
189,train,0.7019960284233093
189,train,0.8232818245887756
189,train,0.7650248408317566
189,train,0.667080819606781
189,train,0.915684163570404
190,train,0.7868952751159668
190,train,0.6033998727798462
190,train,0.549242377281189
190,train,0.5536140203475952
190,train,0.9108140468597412
190,train,0.9367564916610718
190,train,0.6068922281265259
190,train,0.8889980316162109
190,train,0.612834632396698
190,train,0.6299862861633301
190,train,0.6659359931945801
190,train,0.6109819412231445
190,train,0.8572146892547607
190,train,0.8756693601608276
190,train,0.7315516471862793
190,train,0.8029254078865051
190,train,0.7405412793159485
190,train,0.9698346257209778
190,train,0.7114260792732239
190,train,0.7623213529586792
191,train,0.8424700498580933
191,train,0.8913730382919312
191,train,0.5398392677307129
191,train,0.8399204611778259
191,train,0.8155256509780884
191,train,0.7764434814453125
191,train,0.7133236527442932
191,train,0.6270619630813599
191,train,0.6917572617530823
191,train,0.8171147108078003
191,train,0.7763681411743164
191,train,0.7807499766349792
191,train,0.5651032328605652
191,train,0.7603396773338318
191,train,0.5960919260978699
191,train,0.6017116904258728
191,train,0.8181264996528625
191,train,0.7040091753005981
191,train,0.5832705497741699
191,train,0.7457553744316101
192,train,0.8397192358970642
192,train,0.8153425455093384
192,train,0.6173626780509949
192,train,0.6394372582435608
192,train,0.8031835556030273
192,train,0.6154912114143372
192,train,0.7739596366882324
192,train,0.7567477822303772
192,train,0.8227717876434326
192,train,0.6965388655662537
192,train,0.6905036568641663
192,train,0.6623148918151855
192,train,0.8300690650939941
192,train,0.7605209350585938
192,train,0.790741503238678
192,train,0.8649503588676453
192,train,0.7932278513908386
192,train,0.6009442806243896
192,train,0.8257013559341431
192,train,0.5534982681274414
193,train,0.7589442729949951
193,train,0.7071555852890015
193,train,0.6788511276245117
193,train,0.940702497959137
193,train,0.7535513043403625
193,train,0.8375893831253052
193,train,0.8079031705856323
193,train,0.5356238484382629
193,train,0.5596926808357239
193,train,0.6679989099502563
193,train,0.630972683429718
193,train,0.7480188012123108
193,train,0.7625641226768494
193,train,0.9576758146286011
193,train,0.8043251633644104
193,train,0.8350277543067932
193,train,0.8071030974388123
193,train,0.5972421169281006
193,train,0.860988438129425
193,train,0.6150004863739014
194,train,0.5714735388755798
194,train,0.5893660187721252
194,train,0.690131664276123
194,train,0.9480776190757751
194,train,0.7787066102027893
194,train,0.8023209571838379
194,train,0.6020136475563049
194,train,0.5996273159980774
194,train,0.9196824431419373
194,train,0.7666018009185791
194,train,0.6775028705596924
194,train,0.5696581602096558
194,train,0.8353679776191711
194,train,0.7888414263725281
194,train,0.6506322622299194
194,train,0.7298546433448792
194,train,0.8756376504898071
194,train,0.5866633057594299
194,train,0.6261954307556152
194,train,0.5782786011695862
195,train,0.5762966871261597
195,train,0.6063693761825562
195,train,0.7864534258842468
195,train,0.6963966488838196
195,train,0.7908046841621399
195,train,0.8157583475112915
195,train,0.6318109035491943
195,train,0.704559326171875
195,train,0.8669589757919312
195,train,0.8172968029975891
195,train,0.773801326751709
195,train,0.8813527226448059
195,train,0.740997850894928
195,train,0.8102037310600281
195,train,0.8148201704025269
195,train,0.6934874653816223
195,train,0.6388238072395325
195,train,0.5604612827301025
195,train,0.6399503946304321
195,train,0.7219241857528687
196,train,0.8404998779296875
196,train,0.8512122631072998
196,train,0.791557788848877
196,train,0.6375790238380432
196,train,0.8783266544342041
196,train,0.5921955108642578
196,train,0.6569836735725403
196,train,0.8718127012252808
196,train,0.8194950222969055
196,train,0.7086666226387024
196,train,0.9177877902984619
196,train,0.6038783192634583
196,train,0.688899040222168
196,train,0.735957682132721
196,train,0.8234419226646423
196,train,0.7198193669319153
196,train,0.567754328250885
196,train,0.6290765404701233
196,train,0.4969962239265442
196,train,0.7832587361335754
197,train,0.618883490562439
197,train,0.5987738370895386
197,train,0.8702875375747681
197,train,0.7402968406677246
197,train,0.597517728805542
197,train,0.56962651014328
197,train,1.063232183456421
197,train,0.6059009432792664
197,train,0.8442969918251038
197,train,0.8432656526565552
197,train,0.8792208433151245
197,train,0.9502301216125488
197,train,0.6823737025260925
197,train,0.815294086933136
197,train,0.7888804078102112
197,train,0.650173544883728
197,train,0.6056868433952332
197,train,0.6015523672103882
197,train,0.5526400804519653
197,train,0.7214665412902832
198,train,0.7445369362831116
198,train,0.7651187777519226
198,train,0.7962756752967834
198,train,0.6542812585830688
198,train,0.6584599018096924
198,train,0.5808029174804688
198,train,0.6077864170074463
198,train,0.5897800922393799
198,train,0.5893321633338928
198,train,0.914892315864563
198,train,0.6270835399627686
198,train,0.7138102054595947
198,train,0.5881314873695374
198,train,0.768444836139679
198,train,0.7928407192230225
198,train,0.7213456034660339
198,train,0.8444874286651611
198,train,0.8028050065040588
198,train,0.5611865520477295
198,train,0.7616307735443115
199,train,0.7249743938446045
199,train,0.9173998832702637
199,train,0.6708840727806091
199,train,0.7936651110649109
199,train,0.8451424241065979
199,train,0.6647446155548096
199,train,0.8558604717254639
199,train,0.6514462232589722
199,train,0.641789972782135
199,train,0.5449651479721069
199,train,0.6021348834037781
199,train,0.5975760817527771
199,train,0.6707388162612915
199,train,0.6249713897705078
199,train,0.9442134499549866
199,train,0.7020757794380188
199,train,0.7808648943901062
199,train,0.6298710107803345
199,train,0.7079060673713684
199,train,0.580009400844574
200,train,1.1251511573791504
200,train,0.7217289209365845
200,train,0.807307779788971
200,train,0.5725210905075073
200,train,0.7223327159881592
200,train,0.695905864238739
200,train,0.6513702273368835
200,train,0.5314556360244751
200,train,0.8103230595588684
200,train,0.7736570239067078
200,train,0.7854576110839844
200,train,0.7026998996734619
200,train,0.5752035975456238
200,train,0.8822564482688904
200,train,0.7844889760017395
200,train,0.6803713440895081
200,train,0.7085527181625366
200,train,0.6590530872344971
200,train,0.6752259731292725
200,train,0.8583794832229614
201,train,0.6063874363899231
201,train,0.7967827320098877
201,train,0.6055051684379578
201,train,0.7640860080718994
201,train,0.6688149571418762
201,train,0.9466294050216675
201,train,0.8118252158164978
201,train,0.8499338030815125
201,train,0.6047359108924866
201,train,0.5748711228370667
201,train,0.7530146837234497
201,train,0.7874959707260132
201,train,0.7442826628684998
201,train,0.6459366679191589
201,train,0.7538023591041565
201,train,0.8651842474937439
201,train,0.5725240707397461
201,train,0.6244974136352539
201,train,0.6587173938751221
201,train,0.7645636200904846
202,train,0.863723874092102
202,train,0.6572121977806091
202,train,0.6199615001678467
202,train,0.8406411409378052
202,train,0.9530746340751648
202,train,0.6074603796005249
202,train,0.8003348112106323
202,train,0.7618242502212524
202,train,0.8579041957855225
202,train,0.7657662630081177
202,train,0.6770617961883545
202,train,0.5899773240089417
202,train,0.6203281879425049
202,train,0.6059792041778564
202,train,0.708627462387085
202,train,0.5381573438644409
202,train,0.9149852991104126
202,train,0.6320878863334656
202,train,0.6229649782180786
202,train,0.7620389461517334
203,train,0.5487008094787598
203,train,0.7082831859588623
203,train,0.6069355010986328
203,train,0.7545863389968872
203,train,0.7395205497741699
203,train,0.8231856822967529
203,train,0.8284305334091187
203,train,0.8532329201698303
203,train,0.7428805828094482
203,train,0.5436339974403381
203,train,0.6404420137405396
203,train,0.963674008846283
203,train,0.6876127123832703
203,train,0.5777512192726135
203,train,0.6814556121826172
203,train,0.9819017052650452
203,train,0.8310856819152832
203,train,0.6380898952484131
203,train,0.5323891639709473
203,train,0.902618944644928
204,train,0.5360711812973022
204,train,0.5743909478187561
204,train,0.565824031829834
204,train,0.8359458446502686
204,train,0.7388226389884949
204,train,0.6092527508735657
204,train,0.8336577415466309
204,train,0.7725545167922974
204,train,0.7687968611717224
204,train,0.6195546388626099
204,train,0.6029071807861328
204,train,0.7879990935325623
204,train,0.799622118473053
204,train,0.6220136880874634
204,train,0.8579466342926025
204,train,0.7037835717201233
204,train,0.839944064617157
204,train,0.6623918414115906
204,train,0.9033424258232117
204,train,0.864227294921875
205,train,0.726578414440155
205,train,0.8733742833137512
205,train,0.8156024813652039
205,train,0.687521755695343
205,train,0.8020675182342529
205,train,0.6557748317718506
205,train,0.8246169686317444
205,train,0.6404127478599548
205,train,0.598339855670929
205,train,0.6723644733428955
205,train,0.5936120748519897
205,train,0.7736183404922485
205,train,0.6700277924537659
205,train,0.6883297562599182
205,train,0.910435140132904
205,train,0.7746936678886414
205,train,1.0179970264434814
205,train,0.6902843713760376
205,train,0.9058954119682312
205,train,0.5773128271102905
206,train,0.8348519206047058
206,train,0.7229530811309814
206,train,0.6774867177009583
206,train,0.9396470785140991
206,train,0.8934028148651123
206,train,1.048593521118164
206,train,0.534767210483551
206,train,0.7630340456962585
206,train,0.6424272656440735
206,train,0.7258177399635315
206,train,0.7208382487297058
206,train,0.5462529063224792
206,train,1.0202659368515015
206,train,0.6431711912155151
206,train,0.8610753417015076
206,train,0.8389655351638794
206,train,0.6278647780418396
206,train,0.5934267640113831
206,train,0.7598078846931458
206,train,0.7526935338973999
207,train,0.6560856103897095
207,train,0.7893792986869812
207,train,0.6477696895599365
207,train,0.7222662568092346
207,train,0.677852213382721
207,train,0.7494465708732605
207,train,0.8139047026634216
207,train,0.7172014713287354
207,train,0.9692999720573425
207,train,0.8198659420013428
207,train,0.7644492387771606
207,train,0.7996781468391418
207,train,0.6712116003036499
207,train,0.5817275643348694
207,train,0.5767822265625
207,train,0.629788875579834
207,train,0.8334364295005798
207,train,0.8194628953933716
207,train,0.8035353422164917
207,train,0.6970427632331848
208,train,0.8659498691558838
208,train,0.8494869470596313
208,train,0.7597116827964783
208,train,0.8058785200119019
208,train,0.6155575513839722
208,train,0.5685507655143738
208,train,0.6098625659942627
208,train,0.6988980770111084
208,train,0.5424057245254517
208,train,0.5771762728691101
208,train,0.8741123676300049
208,train,0.7514201998710632
208,train,0.6905707716941833
208,train,0.7940220832824707
208,train,0.880389392375946
208,train,0.7764785289764404
208,train,0.7517346143722534
208,train,0.6760378479957581
208,train,0.5832821726799011
208,train,0.7703830599784851
209,train,0.6421282887458801
209,train,0.7324855327606201
209,train,0.7697847485542297
209,train,0.78751540184021
209,train,0.6715383529663086
209,train,0.6197596788406372
209,train,1.087597370147705
209,train,0.8348117470741272
209,train,0.6118049621582031
209,train,0.6260871291160583
209,train,0.6466394066810608
209,train,0.6063486933708191
209,train,0.9949387311935425
209,train,0.6242239475250244
209,train,0.5806676149368286
209,train,0.810139000415802
209,train,0.7313350439071655
209,train,0.7788848280906677
209,train,0.7701021432876587
209,train,0.8784559369087219
210,train,0.7446557879447937
210,train,0.6242948770523071
210,train,0.534907341003418
210,train,0.8615619540214539
210,train,0.8674746155738831
210,train,0.6189989447593689
210,train,0.6416420936584473
210,train,0.8253275752067566
210,train,0.8453273773193359
210,train,0.6276999115943909
210,train,0.7133395075798035
210,train,0.7407057285308838
210,train,0.7968810796737671
210,train,0.9075450897216797
210,train,0.6946655511856079
210,train,0.6067277193069458
210,train,1.0746718645095825
210,train,0.6456270217895508
210,train,0.569458544254303
210,train,1.136863112449646
211,train,1.0453940629959106
211,train,0.6990647912025452
211,train,0.8942252993583679
211,train,0.6933427453041077
211,train,0.6967616677284241
211,train,0.8870360851287842
211,train,0.6901341080665588
211,train,0.6113183498382568
211,train,0.7930225133895874
211,train,0.6333557963371277
211,train,0.7779569625854492
211,train,0.704592764377594
211,train,0.6176406145095825
211,train,0.6253945827484131
211,train,0.8185392022132874
211,train,0.5342690348625183
211,train,0.8062880635261536
211,train,0.7379167079925537
211,train,0.816817581653595
211,train,0.82746821641922
212,train,0.8756464123725891
212,train,0.5765066146850586
212,train,0.7405436635017395
212,train,0.733616828918457
212,train,0.5429896116256714
212,train,0.6394554972648621
212,train,0.8370832204818726
212,train,0.917661190032959
212,train,0.8554067611694336
212,train,0.7973253726959229
212,train,0.7821797728538513
212,train,0.5715962052345276
212,train,0.9410937428474426
212,train,0.7152207493782043
212,train,0.7304536700248718
212,train,0.6168783903121948
212,train,0.6339489817619324
212,train,0.6238117218017578
212,train,0.6014953851699829
212,train,0.7912120819091797
213,train,0.9523302316665649
213,train,0.5990080833435059
213,train,0.5805352926254272
213,train,0.6599785685539246
213,train,0.9189642667770386
213,train,0.7456748485565186
213,train,0.6179414391517639
213,train,0.836398720741272
213,train,0.7978379726409912
213,train,0.9450128674507141
213,train,0.5414278507232666
213,train,0.7278320789337158
213,train,0.582281768321991
213,train,0.9593145251274109
213,train,0.8358447551727295
213,train,0.581794023513794
213,train,0.7712960243225098
213,train,0.5965883135795593
213,train,0.6123183965682983
213,train,0.7508578896522522
214,train,0.8244428634643555
214,train,0.7385068535804749
214,train,0.5901921987533569
214,train,0.7868106961250305
214,train,0.7915155291557312
214,train,0.7389259338378906
214,train,0.892928421497345
214,train,0.6393834948539734
214,train,0.5909469127655029
214,train,0.6989411115646362
214,train,0.922197163105011
214,train,0.5510427951812744
214,train,0.8261274099349976
214,train,0.8049699068069458
214,train,0.8301370739936829
214,train,0.5692736506462097
214,train,0.6219372153282166
214,train,0.7061375379562378
214,train,0.8849879503250122
214,train,0.6034111976623535
215,train,0.5553030371665955
215,train,0.9223133325576782
215,train,0.5745917558670044
215,train,0.9167200326919556
215,train,0.5895385146141052
215,train,0.8751627206802368
215,train,0.7371866106987
215,train,0.7800023555755615
215,train,0.6708521842956543
215,train,0.6290632486343384
215,train,0.6732971668243408
215,train,0.7359756231307983
215,train,0.7359247207641602
215,train,0.7678195238113403
215,train,0.7789682149887085
215,train,0.7370875477790833
215,train,0.7171649932861328
215,train,0.5714095830917358
215,train,0.7944605350494385
215,train,0.6787379384040833
216,train,0.5564690828323364
216,train,0.8031603097915649
216,train,0.890651285648346
216,train,0.6799430251121521
216,train,0.6635821461677551
216,train,0.8174206018447876
216,train,0.7182686924934387
216,train,0.640998125076294
216,train,0.571220338344574
216,train,0.6478269100189209
216,train,0.848812997341156
216,train,0.6074853539466858
216,train,0.6340380907058716
216,train,0.7738655209541321
216,train,0.7655586004257202
216,train,0.9865958094596863
216,train,0.7225287556648254
216,train,0.6465821862220764
216,train,0.5998570322990417
216,train,0.5858216285705566
217,train,0.8733523488044739
217,train,0.9336006045341492
217,train,0.7623705863952637
217,train,0.6746998429298401
217,train,0.6316745281219482
217,train,0.8039858341217041
217,train,0.6364150047302246
217,train,0.8354190587997437
217,train,0.5849938988685608
217,train,0.6143973469734192
217,train,0.9187501668930054
217,train,0.6516172289848328
217,train,0.6964264512062073
217,train,0.7933652997016907
217,train,0.5974657535552979
217,train,0.5985866189002991
217,train,0.8219689726829529
217,train,0.683070182800293
217,train,0.6243380308151245
217,train,0.8659479022026062
218,train,0.8112989664077759
218,train,0.8134886622428894
218,train,0.9264469742774963
218,train,0.7238043546676636
218,train,0.7519449591636658
218,train,0.7354390025138855
218,train,0.6694192290306091
218,train,0.5619974136352539
218,train,0.7690573334693909
218,train,0.6413127779960632
218,train,0.6477149128913879
218,train,0.5617573857307434
218,train,0.7927144765853882
218,train,0.7000051140785217
218,train,0.8402109742164612
218,train,0.6491757035255432
218,train,0.6777073740959167
218,train,0.9215685129165649
218,train,0.5787418484687805
218,train,0.6845750212669373
219,train,0.581153154373169
219,train,0.5750132203102112
219,train,0.6990018486976624
219,train,0.5524488091468811
219,train,0.9240266680717468
219,train,0.7389104962348938
219,train,0.673167884349823
219,train,0.822700023651123
219,train,0.5869705080986023
219,train,0.7181868553161621
219,train,0.5715640783309937
219,train,0.762069582939148
219,train,1.0136752128601074
219,train,0.7518249154090881
219,train,0.6247132420539856
219,train,0.7474706172943115
219,train,0.6033658385276794
219,train,0.9295034408569336
219,train,0.6201334595680237
219,train,0.7021157741546631
220,train,0.7603704333305359
220,train,0.5926550626754761
220,train,0.6703362464904785
220,train,0.579239547252655
220,train,0.7345781922340393
220,train,0.7029352188110352
220,train,0.6781502366065979
220,train,0.5131747722625732
220,train,0.5986396670341492
220,train,0.6479581594467163
220,train,0.7193784117698669
220,train,0.8112965822219849
220,train,0.8842878341674805
220,train,0.8415228724479675
220,train,0.8247194290161133
220,train,0.6085126996040344
220,train,0.8543147444725037
220,train,0.5864108204841614
220,train,0.5522885918617249
220,train,0.6936326026916504
221,train,0.553412914276123
221,train,0.5637334585189819
221,train,0.6225544214248657
221,train,0.5441191792488098
221,train,0.7040829062461853
221,train,0.6377481818199158
221,train,0.6019507646560669
221,train,0.6475139260292053
221,train,0.6543172001838684
221,train,0.7358306646347046
221,train,0.7608847618103027
221,train,0.7544787526130676
221,train,0.5746495127677917
221,train,0.718549370765686
221,train,0.581714928150177
221,train,0.6107588410377502
221,train,0.7739717960357666
221,train,0.5309692621231079
221,train,0.6090642809867859
221,train,1.0865691900253296
222,train,0.7514755129814148
222,train,0.8042728304862976
222,train,0.6309071183204651
222,train,0.7048232555389404
222,train,0.6835251450538635
222,train,0.7126787304878235
222,train,0.6321881413459778
222,train,0.6276914477348328
222,train,0.677026629447937
222,train,0.7622249126434326
222,train,0.5885030031204224
222,train,0.6025330424308777
222,train,1.0157819986343384
222,train,0.6991430521011353
222,train,0.8261120915412903
222,train,0.7029253840446472
222,train,0.6017348766326904
222,train,0.5572419762611389
222,train,0.607039213180542
222,train,0.7169291377067566
223,train,0.5372546315193176
223,train,0.69256991147995
223,train,0.6979163885116577
223,train,0.8316622376441956
223,train,0.5485582947731018
223,train,0.7092463374137878
223,train,1.0176712274551392
223,train,0.5637277364730835
223,train,0.8701599836349487
223,train,1.0110876560211182
223,train,0.5645577311515808
223,train,0.8437821865081787
223,train,0.6136696338653564
223,train,0.5342612862586975
223,train,0.7728127837181091
223,train,0.68448805809021
223,train,0.7103330492973328
223,train,0.6979432702064514
223,train,0.5828114151954651
223,train,0.5510866641998291
224,train,0.6683501601219177
224,train,0.5899085998535156
224,train,0.5848646759986877
224,train,0.6766423583030701
224,train,0.6911786794662476
224,train,0.9238775968551636
224,train,0.7229101061820984
224,train,0.7002350091934204
224,train,0.5414121150970459
224,train,0.5686106085777283
224,train,0.7548253536224365
224,train,0.6072815656661987
224,train,0.6975910067558289
224,train,0.7288632988929749
224,train,0.8225427269935608
224,train,0.6746261119842529
224,train,0.7632469534873962
224,train,0.5923960208892822
224,train,0.7585903406143188
224,train,0.9029017090797424
225,train,0.7170323133468628
225,train,0.9481268525123596
225,train,0.6648403406143188
225,train,0.8186367750167847
225,train,0.8373259902000427
225,train,0.521946370601654
225,train,0.7345443964004517
225,train,0.5732339024543762
225,train,0.6481043100357056
225,train,0.7563005089759827
225,train,0.8022031784057617
225,train,0.5820524096488953
225,train,0.5501498579978943
225,train,0.5806435942649841
225,train,0.8747879862785339
225,train,0.9598562717437744
225,train,0.8644856810569763
225,train,0.7655252814292908
225,train,0.6609601974487305
225,train,0.7309467196464539
226,train,0.8676513433456421
226,train,0.6602176427841187
226,train,0.6476859450340271
226,train,0.7954750657081604
226,train,0.7659316658973694
226,train,0.7150866389274597
226,train,0.7428083419799805
226,train,0.6154167056083679
226,train,0.7981840372085571
226,train,0.5930641293525696
226,train,0.594575047492981
226,train,0.6241843700408936
226,train,0.544616162776947
226,train,0.6383382678031921
226,train,0.8397718071937561
226,train,0.7962192893028259
226,train,0.6338793635368347
226,train,0.8306968808174133
226,train,0.7768067717552185
226,train,0.8001349568367004
227,train,0.6367316246032715
227,train,0.5932125449180603
227,train,0.5867553949356079
227,train,0.8060317039489746
227,train,0.6260847449302673
227,train,0.5826194882392883
227,train,0.646011471748352
227,train,0.8873406648635864
227,train,0.7313920259475708
227,train,0.6795626282691956
227,train,0.780212938785553
227,train,0.49414482712745667
227,train,0.7789285778999329
227,train,0.831639289855957
227,train,0.6432135701179504
227,train,0.741828203201294
227,train,0.8217039108276367
227,train,0.5433714985847473
227,train,0.7092894315719604
227,train,0.8005238771438599
228,train,0.7594279646873474
228,train,0.5756711363792419
228,train,0.5461134910583496
228,train,0.854762852191925
228,train,0.6116815805435181
228,train,0.6089864373207092
228,train,0.8745529651641846
228,train,0.6572070121765137
228,train,0.7475195527076721
228,train,0.7457497119903564
228,train,0.7704675197601318
228,train,0.5242237448692322
228,train,0.6975080966949463
228,train,0.5653136372566223
228,train,0.8937187790870667
228,train,0.759917140007019
228,train,0.7317131757736206
228,train,0.8269100785255432
228,train,0.6418898105621338
228,train,0.5590280890464783
229,train,0.813138484954834
229,train,0.6673383712768555
229,train,0.8937241435050964
229,train,0.5892778635025024
229,train,0.6427393555641174
229,train,0.6228041648864746
229,train,0.6974557638168335
229,train,1.0508726835250854
229,train,0.927184522151947
229,train,0.6403877139091492
229,train,0.7361069917678833
229,train,0.6763004660606384
229,train,0.6798087358474731
229,train,0.6108924150466919
229,train,0.6187171339988708
229,train,0.9738332033157349
229,train,0.6266578435897827
229,train,0.9734982848167419
229,train,0.5574731230735779
229,train,0.5552545785903931
230,train,0.7051354646682739
230,train,0.8056140542030334
230,train,0.7776086926460266
230,train,0.5818151235580444
230,train,0.7557005286216736
230,train,0.6719820499420166
230,train,0.5910414457321167
230,train,0.8820229172706604
230,train,0.7538343667984009
230,train,0.6133705377578735
230,train,0.5989583134651184
230,train,0.6407963633537292
230,train,0.7166496515274048
230,train,0.9553297162055969
230,train,0.5572984218597412
230,train,0.6043267250061035
230,train,0.763035774230957
230,train,0.6994702219963074
230,train,1.003584384918213
230,train,0.681352436542511
231,train,0.7763927578926086
231,train,0.6516345739364624
231,train,0.6035047769546509
231,train,0.6047295928001404
231,train,0.58824223279953
231,train,0.8554852604866028
231,train,0.7891461849212646
231,train,0.6968690752983093
231,train,0.6150057315826416
231,train,0.704603374004364
231,train,0.7536133527755737
231,train,0.5452518463134766
231,train,0.6793937087059021
231,train,0.6537916660308838
231,train,0.5817477107048035
231,train,0.6679808497428894
231,train,0.8615385890007019
231,train,0.6028753519058228
231,train,0.8267775177955627
231,train,0.9520552158355713
232,train,0.7300757169723511
232,train,0.55109703540802
232,train,0.5630394816398621
232,train,0.7100887298583984
232,train,0.6198191046714783
232,train,0.588444173336029
232,train,0.6890602111816406
232,train,0.8973896503448486
232,train,0.6323220133781433
232,train,0.6872914433479309
232,train,0.7385079264640808
232,train,0.6744784116744995
232,train,0.6897955536842346
232,train,0.589669406414032
232,train,0.6968097686767578
232,train,0.6676297783851624
232,train,0.5571197867393494
232,train,0.6992040276527405
232,train,0.9891860485076904
232,train,0.6791008710861206
233,train,0.6328157186508179
233,train,0.7257487773895264
233,train,0.5605161190032959
233,train,0.5673944354057312
233,train,0.8026658892631531
233,train,0.7404181361198425
233,train,0.6496949195861816
233,train,0.802320122718811
233,train,0.6023107767105103
233,train,0.9095866680145264
233,train,1.0044256448745728
233,train,0.7972378134727478
233,train,0.9207608103752136
233,train,0.63427734375
233,train,0.7325826287269592
233,train,0.6253557205200195
233,train,0.6663474440574646
233,train,0.9619430899620056
233,train,0.5619375705718994
233,train,0.5701878070831299
234,train,0.565094530582428
234,train,0.779037356376648
234,train,0.5438525080680847
234,train,0.546705424785614
234,train,0.700394868850708
234,train,0.7479721307754517
234,train,0.7029473781585693
234,train,0.5786597728729248
234,train,0.5382527112960815
234,train,0.6177311539649963
234,train,0.5475706458091736
234,train,0.6105140447616577
234,train,0.7661471962928772
234,train,0.5920791029930115
234,train,0.629552960395813
234,train,0.7389839887619019
234,train,0.7706463932991028
234,train,0.5981465578079224
234,train,0.8744451999664307
234,train,0.786180853843689
235,train,0.8072375655174255
235,train,0.8295459747314453
235,train,0.5788192749023438
235,train,0.7114524245262146
235,train,0.7492938041687012
235,train,0.7435333132743835
235,train,0.646686315536499
235,train,0.6171664595603943
235,train,0.5795347094535828
235,train,0.8233351111412048
235,train,0.7135438323020935
235,train,0.561230480670929
235,train,0.6072036623954773
235,train,0.6046611666679382
235,train,0.6241093873977661
235,train,0.6298401355743408
235,train,0.8440713882446289
235,train,0.6026875376701355
235,train,0.7046026587486267
235,train,0.7983804941177368
236,train,0.7350857257843018
236,train,0.9571763277053833
236,train,0.6167692542076111
236,train,0.7364102005958557
236,train,0.69859778881073
236,train,0.7123984694480896
236,train,0.6726022362709045
236,train,0.8322585225105286
236,train,0.5450690984725952
236,train,0.5512629747390747
236,train,0.6667269468307495
236,train,0.6764900088310242
236,train,1.0245219469070435
236,train,0.6292149424552917
236,train,0.6171942949295044
236,train,0.7671379446983337
236,train,0.6696130633354187
236,train,0.6456705927848816
236,train,0.6759636998176575
236,train,0.8166337013244629
237,train,0.8041919469833374
237,train,0.7172397971153259
237,train,0.6189739108085632
237,train,0.6082075238227844
237,train,0.5771136283874512
237,train,0.6582701206207275
237,train,0.5612562298774719
237,train,0.6091131567955017
237,train,0.7027169466018677
237,train,0.9150171875953674
237,train,0.6176267862319946
237,train,0.662537157535553
237,train,0.6106123328208923
237,train,0.7705498337745667
237,train,0.7016505599021912
237,train,0.6242322325706482
237,train,0.7341306805610657
237,train,0.5370545387268066
237,train,0.7479427456855774
237,train,0.8547991514205933
238,train,0.6486772298812866
238,train,0.6240925192832947
238,train,0.7883653044700623
238,train,0.7743886113166809
238,train,0.8035271763801575
238,train,0.8451971411705017
238,train,0.756653368473053
238,train,0.7456769347190857
238,train,0.6159356832504272
238,train,0.7172767519950867
238,train,0.6101872324943542
238,train,0.8327397704124451
238,train,0.7358900904655457
238,train,0.9540301561355591
238,train,0.9282282590866089
238,train,0.7435835599899292
238,train,0.7641780972480774
238,train,0.5397793054580688
238,train,0.705451250076294
238,train,0.8476952314376831
239,train,0.809680700302124
239,train,0.8024312257766724
239,train,0.687880277633667
239,train,0.6412339806556702
239,train,0.7498733997344971
239,train,0.6530207395553589
239,train,0.9032639861106873
239,train,0.5476176738739014
239,train,0.7719075083732605
239,train,0.7989380359649658
239,train,0.6738202571868896
239,train,0.5466127991676331
239,train,0.6342118382453918
239,train,1.092574119567871
239,train,0.601538896560669
239,train,0.9751090407371521
239,train,0.6997994780540466
239,train,0.6516141891479492
239,train,0.7508427500724792
239,train,0.6771489381790161
240,train,0.5982459783554077
240,train,0.591080367565155
240,train,0.7509652972221375
240,train,0.7287566661834717
240,train,0.7104013562202454
240,train,0.6503496766090393
240,train,0.7242826819419861
240,train,0.7419400215148926
240,train,0.6355470418930054
240,train,0.5797310471534729
240,train,0.5829598307609558
240,train,0.6669040322303772
240,train,0.5607805848121643
240,train,0.6205509901046753
240,train,0.8323671221733093
240,train,0.6119723916053772
240,train,0.5484650135040283
240,train,0.8056719303131104
240,train,1.046440601348877
240,train,0.6263079643249512
241,train,0.7641029953956604
241,train,0.6029238104820251
241,train,0.7881192564964294
241,train,0.7088725566864014
241,train,0.6291798949241638
241,train,0.7041100859642029
241,train,0.5599769353866577
241,train,0.9227726459503174
241,train,0.7147365808486938
241,train,0.5829139351844788
241,train,0.7425235509872437
241,train,0.8318370580673218
241,train,0.6776643395423889
241,train,0.6902593374252319
241,train,0.670056939125061
241,train,0.759689450263977
241,train,0.9793227314949036
241,train,0.8252776265144348
241,train,1.1192127466201782
241,train,0.5610350966453552
242,train,0.7749939560890198
242,train,0.609252393245697
242,train,0.7495117783546448
242,train,0.7918963432312012
242,train,0.5690784454345703
242,train,0.8190124034881592
242,train,0.6149309873580933
242,train,0.5542023777961731
242,train,0.799812376499176
242,train,0.7693896293640137
242,train,0.7085238099098206
242,train,0.736625611782074
242,train,0.6878668665885925
242,train,0.7260842323303223
242,train,0.6543068885803223
242,train,0.5787439942359924
242,train,0.7942491769790649
242,train,0.7351557016372681
242,train,0.5684188008308411
242,train,0.8125790953636169
243,train,0.7472580075263977
243,train,0.7460100650787354
243,train,0.7866188287734985
243,train,0.7570204138755798
243,train,0.6285115480422974
243,train,0.7287582159042358
243,train,0.7066583037376404
243,train,0.7913087606430054
243,train,0.5822466611862183
243,train,0.7145988941192627
243,train,0.545254111289978
243,train,0.6520501971244812
243,train,0.5690588355064392
243,train,0.5736916661262512
243,train,0.8308759331703186
243,train,0.6060020923614502
243,train,0.5656329989433289
243,train,0.7958356738090515
243,train,0.7705418467521667
243,train,0.6863312125205994
244,train,0.8437050580978394
244,train,0.6832804679870605
244,train,0.7319167852401733
244,train,0.7256467342376709
244,train,0.5992595553398132
244,train,0.8300421833992004
244,train,0.5317507386207581
244,train,0.6685395836830139
244,train,0.6841298341751099
244,train,0.6783578395843506
244,train,0.5719014406204224
244,train,0.5306093692779541
244,train,0.6182731986045837
244,train,0.6512269377708435
244,train,0.7816734910011292
244,train,0.6598095893859863
244,train,0.5656042695045471
244,train,0.6083558797836304
244,train,0.7123615741729736
244,train,0.6234411001205444
245,train,0.653751015663147
245,train,0.5605654716491699
245,train,0.8695390820503235
245,train,0.7526740431785583
245,train,0.905489981174469
245,train,0.7015383839607239
245,train,0.5853316783905029
245,train,0.5526458621025085
245,train,0.8010249733924866
245,train,0.8558053374290466
245,train,0.5285858511924744
245,train,0.6717920303344727
245,train,0.5980222821235657
245,train,0.5613458752632141
245,train,0.648568332195282
245,train,0.6060236096382141
245,train,0.8299248814582825
245,train,0.5855010747909546
245,train,0.8569891452789307
245,train,0.5753329992294312
246,train,0.7051937580108643
246,train,0.7713713049888611
246,train,0.5673160552978516
246,train,0.6378768682479858
246,train,0.9332805275917053
246,train,0.5359445214271545
246,train,0.6044054627418518
246,train,0.5514609217643738
246,train,0.584265410900116
246,train,0.8384149074554443
246,train,0.6698883175849915
246,train,0.7661926746368408
246,train,0.7643359899520874
246,train,0.7464767694473267
246,train,0.63511723279953
246,train,0.7404376268386841
246,train,0.547734797000885
246,train,0.5448994636535645
246,train,0.6133053302764893
246,train,0.943062424659729
247,train,0.5500043630599976
247,train,0.7619581818580627
247,train,0.615951418876648
247,train,0.6982895731925964
247,train,0.6763648986816406
247,train,0.803852379322052
247,train,0.7547316551208496
247,train,0.5726244449615479
247,train,0.5847691893577576
247,train,0.77260822057724
247,train,0.591707170009613
247,train,0.670879065990448
247,train,0.5952540040016174
247,train,0.5517876148223877
247,train,0.7521828413009644
247,train,0.731384813785553
247,train,0.5732181072235107
247,train,0.6717638373374939
247,train,0.8805811405181885
247,train,0.8087479472160339
248,train,0.6102737784385681
248,train,0.5725162625312805
248,train,0.5388088226318359
248,train,0.6164379715919495
248,train,0.7729575634002686
248,train,0.6849309802055359
248,train,0.664677083492279
248,train,0.7514728903770447
248,train,0.5252854824066162
248,train,0.7579065561294556
248,train,0.7461078763008118
248,train,0.6103355884552002
248,train,0.772697389125824
248,train,0.9431113600730896
248,train,0.6380279660224915
248,train,0.5752005577087402
248,train,0.68875652551651
248,train,0.769653856754303
248,train,0.7276230454444885
248,train,0.6078989505767822
249,train,0.5585454106330872
249,train,0.7505242228507996
249,train,0.5747767686843872
249,train,0.7806744575500488
249,train,0.6748949885368347
249,train,0.5802891254425049
249,train,0.6572774052619934
249,train,0.5632239580154419
249,train,0.5732820630073547
249,train,0.8833395838737488
249,train,0.8013981580734253
249,train,0.7493683099746704
249,train,0.6144887804985046
249,train,0.533962607383728
249,train,0.6507326364517212
249,train,0.5908249020576477
249,train,0.8424538969993591
249,train,0.7137712836265564
249,train,0.5836525559425354
249,train,0.6077737808227539
250,train,0.6099246740341187
250,train,0.5387473702430725
250,train,0.6232399940490723
250,train,0.5749427080154419
250,train,0.8605652451515198
250,train,0.8846682906150818
250,train,0.827754020690918
250,train,0.7277857065200806
250,train,0.7100322246551514
250,train,0.5946775674819946
250,train,0.6992447376251221
250,train,0.5754684209823608
250,train,0.6516429781913757
250,train,0.6414306163787842
250,train,0.8720256090164185
250,train,0.683596670627594
250,train,0.611266553401947
250,train,0.5565148591995239
250,train,0.5632762908935547
250,train,0.5892590880393982
251,train,0.728020966053009
251,train,0.8079484701156616
251,train,0.7081841826438904
251,train,0.6678681969642639
251,train,0.6648429036140442
251,train,0.7949666976928711
251,train,0.5647518634796143
251,train,0.778275191783905
251,train,0.5695680379867554
251,train,0.7045361995697021
251,train,0.6559906601905823
251,train,0.5931586027145386
251,train,0.872549295425415
251,train,0.6680658459663391
251,train,0.6899010539054871
251,train,0.7117411494255066
251,train,0.5246396660804749
251,train,0.5800975561141968
251,train,0.8279920220375061
251,train,0.613752007484436
252,train,0.6473458409309387
252,train,0.7701131105422974
252,train,0.5483714938163757
252,train,0.615223228931427
252,train,0.6260877251625061
252,train,0.8659846782684326
252,train,0.7515793442726135
252,train,0.7818845510482788
252,train,0.8099009990692139
252,train,0.7557358145713806
252,train,0.5577864050865173
252,train,0.710021436214447
252,train,0.5339143872261047
252,train,0.5548305511474609
252,train,0.853522002696991
252,train,0.5657498836517334
252,train,0.5968679785728455
252,train,0.5644324421882629
252,train,0.6239097714424133
252,train,0.5999588370323181
253,train,0.7181042432785034
253,train,0.6956338286399841
253,train,0.5194395184516907
253,train,0.5983555316925049
253,train,0.7408437132835388
253,train,0.754747211933136
253,train,0.5588410496711731
253,train,0.8280569314956665
253,train,0.6397275328636169
253,train,0.6903135180473328
253,train,0.6124867796897888
253,train,0.7022218704223633
253,train,0.5755320191383362
253,train,0.5801600813865662
253,train,0.873930037021637
253,train,0.6779992580413818
253,train,0.7066676020622253
253,train,0.7603065967559814
253,train,0.7516350150108337
253,train,0.5684943795204163
254,train,0.5941726565361023
254,train,0.5947938561439514
254,train,0.6208419799804688
254,train,0.7264633774757385
254,train,0.6049405336380005
254,train,0.785961389541626
254,train,0.5797490477561951
254,train,0.6187545657157898
254,train,0.6260855197906494
254,train,0.8822582960128784
254,train,0.5375685095787048
254,train,0.6783340573310852
254,train,0.7800833582878113
254,train,0.5444048047065735
254,train,0.5463318824768066
254,train,0.9656251072883606
254,train,0.5836570262908936
254,train,0.889342725276947
254,train,0.7750369906425476
254,train,0.5873537659645081
255,train,0.6865575909614563
255,train,0.5486958026885986
255,train,0.6183250546455383
255,train,0.6032115817070007
255,train,0.7661250829696655
255,train,0.7652935981750488
255,train,0.6904017925262451
255,train,0.6684223413467407
255,train,0.6985465288162231
255,train,0.7407961487770081
255,train,0.6294780969619751
255,train,0.5798629522323608
255,train,0.7466936707496643
255,train,0.5121361017227173
255,train,0.7141603827476501
255,train,0.7608977556228638
255,train,0.8116894960403442
255,train,0.540145993232727
255,train,0.6307761073112488
255,train,0.7363675832748413
256,train,0.714760422706604
256,train,0.6185190081596375
256,train,0.6650598645210266
256,train,0.7182514667510986
256,train,0.7515028715133667
256,train,0.7141289114952087
256,train,0.5930302143096924
256,train,0.5140284299850464
256,train,0.531044602394104
256,train,0.5646552443504333
256,train,0.6774070262908936
256,train,0.6407754421234131
256,train,0.8186865448951721
256,train,0.7817079424858093
256,train,0.6344094276428223
256,train,0.7710163593292236
256,train,0.7713756561279297
256,train,0.502788782119751
256,train,0.5938529968261719
256,train,0.647379994392395
257,train,0.6970385313034058
257,train,0.7917572855949402
257,train,0.7978883385658264
257,train,0.7057412266731262
257,train,0.6746808290481567
257,train,0.5402226448059082
257,train,0.7643870711326599
257,train,0.6457895636558533
257,train,0.5402120351791382
257,train,0.8151475191116333
257,train,0.6475467085838318
257,train,0.7455453872680664
257,train,0.6553730964660645
257,train,0.5985994338989258
257,train,0.6175622940063477
257,train,0.6961677074432373
257,train,0.578425407409668
257,train,0.7408336400985718
257,train,0.6497707366943359
257,train,0.608569860458374
258,train,0.6472780704498291
258,train,0.7544060349464417
258,train,0.6647645235061646
258,train,0.9919036030769348
258,train,0.9231155514717102
258,train,0.6177708506584167
258,train,0.7828630208969116
258,train,0.7124195694923401
258,train,0.5936298966407776
258,train,0.7957968711853027
258,train,0.800762414932251
258,train,0.6494767069816589
258,train,0.7137177586555481
258,train,0.636405885219574
258,train,0.694393515586853
258,train,0.7390562295913696
258,train,0.6204926371574402
258,train,0.7261000275611877
258,train,0.5788185000419617
258,train,0.5392299294471741
259,train,0.6916186213493347
259,train,0.5972735285758972
259,train,0.736674964427948
259,train,0.5797666311264038
259,train,0.7409105896949768
259,train,0.6144919395446777
259,train,0.7916514277458191
259,train,0.784960150718689
259,train,0.6107304096221924
259,train,0.870917797088623
259,train,0.7355422377586365
259,train,0.6313045024871826
259,train,0.6825722455978394
259,train,0.6697863340377808
259,train,0.5569547414779663
259,train,0.5538814663887024
259,train,0.5471046566963196
259,train,0.6190430521965027
259,train,0.7412599921226501
259,train,0.7816041111946106
260,train,0.6024932861328125
260,train,0.6360512375831604
260,train,0.857847273349762
260,train,0.7758009433746338
260,train,0.6062694787979126
260,train,0.7582984566688538
260,train,0.670417845249176
260,train,0.5853692889213562
260,train,0.7243489623069763
260,train,0.6888958811759949
260,train,0.653746485710144
260,train,0.6728742122650146
260,train,0.6800939440727234
260,train,0.5586561560630798
260,train,0.6684154272079468
260,train,0.6933025121688843
260,train,0.8065529465675354
260,train,0.8018513917922974
260,train,0.8449060916900635
260,train,0.5998126268386841
261,train,0.6890621185302734
261,train,0.6005134582519531
261,train,0.8758271932601929
261,train,0.6669520139694214
261,train,0.596294105052948
261,train,0.6846807599067688
261,train,0.5374413132667542
261,train,0.714539647102356
261,train,0.5778157114982605
261,train,0.717627227306366
261,train,0.5831848382949829
261,train,0.5506619215011597
261,train,0.5398761630058289
261,train,0.8095913529396057
261,train,0.6109111905097961
261,train,0.5739877820014954
261,train,0.5261194109916687
261,train,0.7435044050216675
261,train,0.7439253926277161
261,train,0.6701145768165588
262,train,0.5745185613632202
262,train,0.5927326679229736
262,train,0.5156393647193909
262,train,0.7122143507003784
262,train,0.7096283435821533
262,train,0.8643401265144348
262,train,0.617083728313446
262,train,0.6872406601905823
262,train,0.744213342666626
262,train,0.5710507035255432
262,train,0.5376102328300476
262,train,0.8360643982887268
262,train,0.6749812960624695
262,train,0.7191429138183594
262,train,0.5673260688781738
262,train,0.9556169509887695
262,train,0.6968134045600891
262,train,0.5269462466239929
262,train,0.6463672518730164
262,train,0.5305681824684143
263,train,0.6144258379936218
263,train,0.5726010799407959
263,train,0.7086858749389648
263,train,0.7205759286880493
263,train,0.6101102232933044
263,train,0.8106000423431396
263,train,0.5719254612922668
263,train,0.6781840324401855
263,train,0.7679206728935242
263,train,0.6235690712928772
263,train,0.5476218461990356
263,train,0.5675779581069946
263,train,0.7722454071044922
263,train,0.5995928049087524
263,train,0.6655134558677673
263,train,0.6170661449432373
263,train,0.5382568836212158
263,train,0.7943226099014282
263,train,0.6613304018974304
263,train,0.763645589351654
264,train,0.7446543574333191
264,train,0.5259557366371155
264,train,0.5796547532081604
264,train,0.6028783321380615
264,train,0.5363286733627319
264,train,0.8041765093803406
264,train,0.6072779297828674
264,train,0.8434630632400513
264,train,0.7427449822425842
264,train,0.7529186010360718
264,train,0.8717198371887207
264,train,0.5916844606399536
264,train,0.5772274136543274
264,train,0.6607522368431091
264,train,0.8556650876998901
264,train,0.8274102807044983
264,train,0.5403779149055481
264,train,0.5811644792556763
264,train,0.7778273224830627
264,train,0.8110933303833008
265,train,0.7119234800338745
265,train,0.6794772744178772
265,train,0.5838128328323364
265,train,0.8522894382476807
265,train,0.750252366065979
265,train,0.595922589302063
265,train,0.5503897666931152
265,train,0.7033793330192566
265,train,0.7300739884376526
265,train,0.7476618885993958
265,train,0.6224611401557922
265,train,0.6350237727165222
265,train,0.700547993183136
265,train,0.5794780254364014
265,train,0.7084596157073975
265,train,0.7620670795440674
265,train,0.6399759650230408
265,train,0.7778414487838745
265,train,0.9213382601737976
265,train,0.7021481990814209
266,train,0.7913833856582642
266,train,0.6533839106559753
266,train,0.5730723142623901
266,train,0.5407443046569824
266,train,0.6946990489959717
266,train,0.7829087376594543
266,train,0.9274364709854126
266,train,0.7586328387260437
266,train,0.5776520371437073
266,train,0.6726826429367065
266,train,0.5524753332138062
266,train,0.8779157996177673
266,train,0.6832715272903442
266,train,0.5431877970695496
266,train,0.7371771335601807
266,train,0.6026164889335632
266,train,0.5946336388587952
266,train,0.7455551624298096
266,train,0.6000046730041504
266,train,0.7577013969421387
267,train,0.7439883351325989
267,train,0.7692995667457581
267,train,0.832859992980957
267,train,0.6068078875541687
267,train,0.7043365240097046
267,train,0.857100248336792
267,train,0.7618745565414429
267,train,0.8167800903320312
267,train,0.6550114750862122
267,train,0.742214024066925
267,train,0.734188437461853
267,train,0.569661021232605
267,train,0.5554201602935791
267,train,0.6353747844696045
267,train,0.5853102803230286
267,train,0.7556427121162415
267,train,0.576268196105957
267,train,0.5765567421913147
267,train,0.6611933708190918
267,train,0.5626043677330017
268,train,0.6699140071868896
268,train,0.7528505921363831
268,train,0.8947135806083679
268,train,0.6315438747406006
268,train,0.7222301959991455
268,train,0.6996055841445923
268,train,0.5469404458999634
268,train,0.5486884713172913
268,train,0.48550304770469666
268,train,0.8451361060142517
268,train,0.7131509780883789
268,train,0.6122138500213623
268,train,0.6811410188674927
268,train,0.6899885535240173
268,train,0.6394193768501282
268,train,0.5375145673751831
268,train,0.6726646423339844
268,train,0.6596695184707642
268,train,0.7588942646980286
268,train,0.7395857572555542
269,train,0.601542592048645
269,train,0.7819410562515259
269,train,0.7906681299209595
269,train,0.6386335492134094
269,train,0.7494839429855347
269,train,0.5616734623908997
269,train,0.5844649076461792
269,train,0.5616456866264343
269,train,0.7454513907432556
269,train,0.7061139345169067
269,train,0.6106187105178833
269,train,0.703741729259491
269,train,0.7437427043914795
269,train,0.6442275643348694
269,train,0.7434508800506592
269,train,0.6002526879310608
269,train,0.8913238048553467
269,train,0.884114146232605
269,train,0.7151259183883667
269,train,0.6012905240058899
270,train,0.5836997628211975
270,train,0.615509569644928
270,train,0.7360477447509766
270,train,0.6319343447685242
270,train,0.5312302708625793
270,train,0.5663468241691589
270,train,0.6820257902145386
270,train,0.9034759402275085
270,train,0.7088286876678467
270,train,0.5612540245056152
270,train,0.7069496512413025
270,train,0.7731095552444458
270,train,0.7264951467514038
270,train,0.7021044492721558
270,train,0.7328304648399353
270,train,0.6013874411582947
270,train,0.5883144736289978
270,train,0.5891168713569641
270,train,0.609457790851593
270,train,0.7463969588279724
271,train,0.7995294332504272
271,train,0.653712272644043
271,train,0.5620853304862976
271,train,0.8802660703659058
271,train,0.689780592918396
271,train,0.6625447273254395
271,train,0.6146703362464905
271,train,0.8583716154098511
271,train,0.6324241757392883
271,train,0.5466776490211487
271,train,0.8471823930740356
271,train,0.5999675393104553
271,train,0.9619256258010864
271,train,0.756601095199585
271,train,0.7298350930213928
271,train,0.5513209700584412
271,train,0.8416346907615662
271,train,0.7077957391738892
271,train,0.6056869029998779
271,train,0.6735243797302246
272,train,0.6816598176956177
272,train,0.6351267695426941
272,train,0.6700836420059204
272,train,0.6108265519142151
272,train,0.7698911428451538
272,train,0.637220561504364
272,train,0.6138525009155273
272,train,0.5356632471084595
272,train,0.8214899301528931
272,train,0.5876277089118958
272,train,0.5959078073501587
272,train,0.6982907652854919
272,train,0.7831296324729919
272,train,0.7057809233665466
272,train,0.68735671043396
272,train,0.6186996698379517
272,train,0.8349600434303284
272,train,0.5535422563552856
272,train,0.6747058629989624
272,train,0.685607373714447
273,train,0.9939042925834656
273,train,0.74717116355896
273,train,0.560299813747406
273,train,0.6520668268203735
273,train,0.674001157283783
273,train,0.554118275642395
273,train,0.8963432908058167
273,train,0.7281705141067505
273,train,0.6921794414520264
273,train,0.9760368466377258
273,train,0.7307014465332031
273,train,0.6998754143714905
273,train,0.8536569476127625
273,train,0.5873906016349792
273,train,0.5814018249511719
273,train,0.5347673296928406
273,train,0.54931640625
273,train,0.7458502650260925
273,train,0.6894396543502808
273,train,0.8295595645904541
274,train,0.6328620910644531
274,train,0.8121616244316101
274,train,0.8137106895446777
274,train,0.7175397276878357
274,train,0.5963112115859985
274,train,0.716562032699585
274,train,0.7432428002357483
274,train,0.7427182793617249
274,train,0.5238246321678162
274,train,0.5722140669822693
274,train,0.5612159967422485
274,train,0.6406952142715454
274,train,0.9446471929550171
274,train,0.5387923121452332
274,train,0.4940217435359955
274,train,0.8595041036605835
274,train,0.7366127371788025
274,train,0.5576279759407043
274,train,0.6838704347610474
274,train,0.5450627207756042
275,train,0.6564390659332275
275,train,0.7750272154808044
275,train,0.596626877784729
275,train,0.70899498462677
275,train,0.62297523021698
275,train,0.7181050181388855
275,train,0.9087437987327576
275,train,0.6529154777526855
275,train,0.6139393448829651
275,train,0.6988277435302734
275,train,0.8314244151115417
275,train,0.5030326843261719
275,train,0.5163353681564331
275,train,0.5430301427841187
275,train,0.789078414440155
275,train,0.6977059841156006
275,train,0.6776231527328491
275,train,0.6700507402420044
275,train,0.5750607848167419
275,train,0.8275525569915771
276,train,0.6932033896446228
276,train,0.9435486793518066
276,train,0.5252611637115479
276,train,0.624821662902832
276,train,0.6125093102455139
276,train,0.630222737789154
276,train,0.7490532994270325
276,train,0.8469937443733215
276,train,0.8655797243118286
276,train,0.6032271981239319
276,train,0.5210621356964111
276,train,0.67891925573349
276,train,0.5843589305877686
276,train,0.5245038866996765
276,train,0.6867807507514954
276,train,0.7336244583129883
276,train,0.5173072218894958
276,train,0.5615103244781494
276,train,0.7630897760391235
276,train,0.7966939806938171
277,train,0.5188206434249878
277,train,0.6291694045066833
277,train,0.7495423555374146
277,train,0.8360506892204285
277,train,0.6287503838539124
277,train,0.7051235437393188
277,train,0.6380897164344788
277,train,0.9463530778884888
277,train,0.6029272079467773
277,train,0.5619259476661682
277,train,0.6588016748428345
277,train,0.6246967315673828
277,train,0.5747855305671692
277,train,0.5738433599472046
277,train,0.6419081687927246
277,train,0.659155011177063
277,train,0.8558849692344666
277,train,0.6245311498641968
277,train,0.6272436380386353
277,train,0.6652514338493347
278,train,0.825413167476654
278,train,0.5431405305862427
278,train,0.7930397391319275
278,train,0.696922242641449
278,train,0.5436151623725891
278,train,0.6831576824188232
278,train,0.5438924431800842
278,train,0.7813000082969666
278,train,0.7816414833068848
278,train,0.6510652899742126
278,train,0.7197868227958679
278,train,0.7954082489013672
278,train,0.7206214666366577
278,train,0.6033962965011597
278,train,0.7522972226142883
278,train,0.6848637461662292
278,train,0.7258943915367126
278,train,0.7930221557617188
278,train,0.8992022275924683
278,train,0.6922647356987
279,train,0.6364760994911194
279,train,0.7786972522735596
279,train,0.7286065816879272
279,train,0.6486814618110657
279,train,0.7763820886611938
279,train,0.602026104927063
279,train,0.7629415988922119
279,train,0.5188547968864441
279,train,0.7347846627235413
279,train,0.7944360971450806
279,train,0.7508654594421387
279,train,0.6815641522407532
279,train,0.5409993529319763
279,train,0.5931763648986816
279,train,0.8151183128356934
279,train,0.601294994354248
279,train,0.6277469992637634
279,train,0.6487372517585754
279,train,0.8454217314720154
279,train,0.9029672741889954
280,train,0.7413525581359863
280,train,0.6907153129577637
280,train,0.5865090489387512
280,train,0.612015426158905
280,train,0.7249854207038879
280,train,0.6126227378845215
280,train,0.7319913506507874
280,train,0.708021879196167
280,train,0.6550332903862
280,train,0.5061162710189819
280,train,0.6679432988166809
280,train,0.6264289021492004
280,train,0.7491366267204285
280,train,0.5302624702453613
280,train,0.7342961430549622
280,train,0.6795271039009094
280,train,0.751343309879303
280,train,0.5456138253211975
280,train,0.7904606461524963
280,train,0.7310562133789062
281,train,0.560551106929779
281,train,0.6176747679710388
281,train,0.7670251131057739
281,train,0.6135732531547546
281,train,0.6734103560447693
281,train,0.5913299322128296
281,train,0.7348220944404602
281,train,0.6838821768760681
281,train,0.64188551902771
281,train,0.5659967660903931
281,train,0.5820013880729675
281,train,0.6673189401626587
281,train,0.7338259220123291
281,train,0.5955432057380676
281,train,0.571394681930542
281,train,0.5707656741142273
281,train,0.6364410519599915
281,train,0.6761261820793152
281,train,0.5637274384498596
281,train,0.6305953860282898
282,train,0.7948834300041199
282,train,0.7733302712440491
282,train,0.6244547963142395
282,train,0.8104896545410156
282,train,0.5721456408500671
282,train,0.7141144871711731
282,train,0.6219927072525024
282,train,0.8018260598182678
282,train,0.5959494709968567
282,train,0.7947256565093994
282,train,0.5985599160194397
282,train,0.8064908981323242
282,train,0.7758270502090454
282,train,0.8829455971717834
282,train,0.6979182958602905
282,train,0.5161762237548828
282,train,0.59822678565979
282,train,0.8573406338691711
282,train,0.637112021446228
282,train,0.5711702704429626
283,train,0.6395999789237976
283,train,0.6056257486343384
283,train,0.6616278290748596
283,train,0.6679916381835938
283,train,0.6676037311553955
283,train,0.6916484236717224
283,train,0.5694793462753296
283,train,0.5531638264656067
283,train,0.5549666881561279
283,train,0.521102786064148
283,train,0.614212155342102
283,train,0.5504195690155029
283,train,0.6935346722602844
283,train,0.8080747723579407
283,train,0.5540371537208557
283,train,0.809574544429779
283,train,0.5357425808906555
283,train,0.676144003868103
283,train,0.7524752616882324
283,train,0.5240329504013062
284,train,0.6740542054176331
284,train,0.7090526223182678
284,train,0.6224569082260132
284,train,0.6709113121032715
284,train,0.9012596011161804
284,train,0.7353302240371704
284,train,0.7332863807678223
284,train,0.5857174396514893
284,train,0.6428924202919006
284,train,0.620756208896637
284,train,0.6736575365066528
284,train,0.680288553237915
284,train,0.7374920845031738
284,train,0.670650839805603
284,train,0.6490975618362427
284,train,0.557771623134613
284,train,0.7055711150169373
284,train,0.8559161424636841
284,train,0.6598092317581177
284,train,0.796876847743988
285,train,0.7388414740562439
285,train,0.6861077547073364
285,train,0.7046366333961487
285,train,0.5572906732559204
285,train,0.7228761315345764
285,train,0.7282455563545227
285,train,0.7599285244941711
285,train,0.5666069984436035
285,train,0.6408631205558777
285,train,0.6737825274467468
285,train,0.5621307492256165
285,train,0.6066907644271851
285,train,0.8374865055084229
285,train,0.5436363816261292
285,train,0.6816267371177673
285,train,0.5867111086845398
285,train,0.5671854019165039
285,train,0.7557645440101624
285,train,0.5488620400428772
285,train,0.5715232491493225
286,train,0.728188157081604
286,train,0.5148894786834717
286,train,0.7191684246063232
286,train,0.5893632769584656
286,train,0.6286795735359192
286,train,0.6589558124542236
286,train,0.7512760162353516
286,train,0.5950003862380981
286,train,0.8417466878890991
286,train,0.6068312525749207
286,train,0.5156234502792358
286,train,0.6498008966445923
286,train,0.7208976745605469
286,train,0.7831661105155945
286,train,0.5488956570625305
286,train,0.5344714522361755
286,train,0.5921257734298706
286,train,0.8160536885261536
286,train,0.6594353914260864
286,train,0.6842299103736877
287,train,0.5159654021263123
287,train,0.5466029047966003
287,train,0.6381683349609375
287,train,0.6093869209289551
287,train,0.859500527381897
287,train,0.7812851071357727
287,train,0.5684307813644409
287,train,0.7131285071372986
287,train,0.7028999924659729
287,train,0.8412681221961975
287,train,0.7699567675590515
287,train,0.7341912388801575
287,train,0.7257579565048218
287,train,0.5047855377197266
287,train,0.7440157532691956
287,train,0.6810010671615601
287,train,0.5974090099334717
287,train,0.607751190662384
287,train,0.5729577541351318
287,train,0.7644191384315491
288,train,0.615967333316803
288,train,0.6659248471260071
288,train,0.6963939666748047
288,train,0.6498735547065735
288,train,0.5733245015144348
288,train,0.6039942502975464
288,train,0.7482368350028992
288,train,0.6848978996276855
288,train,0.8484185934066772
288,train,0.6302884817123413
288,train,0.7577291131019592
288,train,0.8051801323890686
288,train,0.6868782043457031
288,train,0.5668956637382507
288,train,0.6796022653579712
288,train,0.7554894685745239
288,train,0.5307187438011169
288,train,0.807198166847229
288,train,0.7652267813682556
288,train,0.6374539732933044
289,train,0.5983121395111084
289,train,0.5589107275009155
289,train,0.5415052771568298
289,train,0.5663138628005981
289,train,0.5232924222946167
289,train,0.6336736083030701
289,train,0.6010637283325195
289,train,0.927966833114624
289,train,0.9117923974990845
289,train,0.6221606731414795
289,train,0.6901474595069885
289,train,0.6921207308769226
289,train,0.5831379890441895
289,train,0.6667757034301758
289,train,0.803001880645752
289,train,0.6855745911598206
289,train,0.5949656367301941
289,train,0.6885786056518555
289,train,0.6561663746833801
289,train,0.7287225723266602
290,train,0.6861962676048279
290,train,0.6327051520347595
290,train,0.5241647362709045
290,train,0.607999324798584
290,train,0.7060487270355225
290,train,0.6963154673576355
290,train,0.6463563442230225
290,train,0.6427705883979797
290,train,0.7595810890197754
290,train,0.584194004535675
290,train,0.682462751865387
290,train,0.6140974760055542
290,train,0.7323577404022217
290,train,0.6226415634155273
290,train,0.7515364289283752
290,train,0.7276229858398438
290,train,0.7227745056152344
290,train,0.6404551267623901
290,train,0.6793699264526367
290,train,0.6234418749809265
291,train,0.7337545156478882
291,train,0.8673494458198547
291,train,0.6111149191856384
291,train,0.6344029307365417
291,train,0.728851318359375
291,train,0.612731397151947
291,train,0.6061917543411255
291,train,0.5619129538536072
291,train,0.8410769701004028
291,train,0.7102147340774536
291,train,0.7568797469139099
291,train,0.5860578417778015
291,train,0.7271050214767456
291,train,0.7265618443489075
291,train,0.677829384803772
291,train,0.714968740940094
291,train,0.7137990593910217
291,train,0.4741865396499634
291,train,0.5759223103523254
291,train,0.8194290995597839
292,train,0.7020813226699829
292,train,0.7645964622497559
292,train,0.6595099568367004
292,train,0.7826438546180725
292,train,0.5721761584281921
292,train,0.6890836358070374
292,train,0.6575791239738464
292,train,0.8095018863677979
292,train,0.664548397064209
292,train,0.7742615938186646
292,train,0.5210427045822144
292,train,0.6411290764808655
292,train,0.5506311655044556
292,train,0.6516947746276855
292,train,0.6840589046478271
292,train,0.642033040523529
292,train,0.7977083921432495
292,train,0.682672917842865
292,train,0.6079757809638977
292,train,0.5884692668914795
293,train,0.5956324338912964
293,train,0.7091754078865051
293,train,0.5578870177268982
293,train,0.7893615365028381
293,train,0.7006633877754211
293,train,0.5798041820526123
293,train,0.6373955607414246
293,train,0.6696436405181885
293,train,0.6016766428947449
293,train,0.7352588772773743
293,train,0.6448802947998047
293,train,0.6882272362709045
293,train,0.7121792435646057
293,train,0.5632163882255554
293,train,0.7042176723480225
293,train,0.8716082572937012
293,train,0.6475103497505188
293,train,0.656144380569458
293,train,0.6009289026260376
293,train,0.6074836850166321
294,train,0.6148198843002319
294,train,0.7292224764823914
294,train,0.8103351593017578
294,train,0.5436002016067505
294,train,0.8737480640411377
294,train,0.7436469793319702
294,train,0.8395399451255798
294,train,0.730783998966217
294,train,0.5382570028305054
294,train,0.545963704586029
294,train,0.8009686470031738
294,train,0.5839739441871643
294,train,0.866686999797821
294,train,0.8526318669319153
294,train,0.6909066438674927
294,train,0.5681899189949036
294,train,0.6822503805160522
294,train,0.6658951044082642
294,train,0.579633355140686
294,train,0.5373417735099792
295,train,0.674595296382904
295,train,0.5178177952766418
295,train,0.6986286640167236
295,train,0.7485870718955994
295,train,0.8071669936180115
295,train,0.6894383430480957
295,train,0.7300218343734741
295,train,0.7005599141120911
295,train,0.6321483850479126
295,train,0.6555084586143494
295,train,0.5405701398849487
295,train,0.5204910635948181
295,train,0.5600417256355286
295,train,0.7714237570762634
295,train,0.6815675497055054
295,train,0.6391484141349792
295,train,0.6759780049324036
295,train,0.6098069548606873
295,train,0.7723291516304016
295,train,0.6251204013824463
296,train,0.677712082862854
296,train,0.5440764427185059
296,train,0.5180051922798157
296,train,0.5658475756645203
296,train,0.6066856980323792
296,train,0.6493722796440125
296,train,0.68412846326828
296,train,0.6481149792671204
296,train,0.6375592947006226
296,train,0.615138053894043
296,train,0.5401856303215027
296,train,0.5882386565208435
296,train,0.51408451795578
296,train,0.6412166953086853
296,train,0.550322949886322
296,train,0.6709996461868286
296,train,0.8770793080329895
296,train,0.5883069634437561
296,train,0.8028008937835693
296,train,0.5293553471565247
297,train,0.6636494398117065
297,train,0.5833397507667542
297,train,0.5271741151809692
297,train,0.5437456369400024
297,train,0.6823016405105591
297,train,0.7286595702171326
297,train,0.6109613180160522
297,train,0.5574495792388916
297,train,0.6102606654167175
297,train,0.6688662767410278
297,train,0.5689780116081238
297,train,0.5843793749809265
297,train,0.5521023273468018
297,train,0.9018888473510742
297,train,0.5639849901199341
297,train,0.6606013178825378
297,train,0.5679103136062622
297,train,0.7060024738311768
297,train,0.6753705143928528
297,train,0.6689879894256592
298,train,0.4775892198085785
298,train,0.6275434494018555
298,train,0.7012843489646912
298,train,0.7089123129844666
298,train,0.5044510960578918
298,train,0.7063920497894287
298,train,0.7040188908576965
298,train,0.7029134035110474
298,train,0.7523623108863831
298,train,0.6210564374923706
298,train,0.78575199842453
298,train,0.5701996088027954
298,train,0.5771198272705078
298,train,0.8304437398910522
298,train,0.6988686323165894
298,train,0.6253839135169983
298,train,0.6215304732322693
298,train,0.680779755115509
298,train,0.5623552203178406
298,train,0.6258876323699951
299,train,0.9194690585136414
299,train,0.6643697023391724
299,train,0.727416455745697
299,train,0.5385287404060364
299,train,0.669662356376648
299,train,0.7921056747436523
299,train,0.6366113424301147
299,train,0.7010144591331482
299,train,0.7253090739250183
299,train,0.6139671206474304
299,train,0.7350327372550964
299,train,0.6963516473770142
299,train,0.6476506590843201
299,train,0.8293514847755432
299,train,0.8901107907295227
299,train,0.7116389870643616
299,train,0.533136248588562
299,train,0.7425249814987183
299,train,0.5872602462768555
299,train,0.8538500070571899
0,valid,2.520192861557007
1,valid,2.2430226802825928
2,valid,2.0144970417022705
3,valid,1.4756296873092651
4,valid,1.3644202947616577
5,valid,1.2512294054031372
6,valid,1.2645118236541748
7,valid,1.2355923652648926
8,valid,1.2538883686065674
9,valid,1.1672968864440918
10,valid,1.1518473625183105
11,valid,1.1090025901794434
12,valid,1.12446129322052
13,valid,1.122381329536438
14,valid,1.1929676532745361
15,valid,1.170363426208496
16,valid,1.1258187294006348
17,valid,1.094831943511963
18,valid,1.1163346767425537
19,valid,1.1106340885162354
20,valid,1.079228162765503
21,valid,1.079351544380188
22,valid,1.0215510129928589
23,valid,1.0564438104629517
24,valid,1.0313798189163208
25,valid,1.0309157371520996
26,valid,1.0361095666885376
27,valid,1.0611146688461304
28,valid,1.0376991033554077
29,valid,0.9829790592193604
30,valid,1.0131793022155762
31,valid,1.0007282495498657
32,valid,1.0274312496185303
33,valid,1.0547819137573242
34,valid,1.0368247032165527
35,valid,1.0188459157943726
36,valid,1.020070195198059
37,valid,0.9885497093200684
38,valid,1.11568021774292
39,valid,1.0019100904464722
40,valid,0.9740699529647827
41,valid,0.9671640992164612
42,valid,0.9665838479995728
43,valid,0.9992144703865051
44,valid,0.9434157013893127
45,valid,0.9431025981903076
46,valid,0.9531958103179932
47,valid,0.956623911857605
48,valid,0.996146559715271
49,valid,0.9178779721260071
50,valid,0.9801861643791199
51,valid,1.038795828819275
52,valid,0.9626476764678955
53,valid,0.9198174476623535
54,valid,1.074232578277588
55,valid,0.9434244632720947
56,valid,0.9295780658721924
57,valid,0.9561151266098022
58,valid,0.9504072070121765
59,valid,0.9179629683494568
60,valid,0.950998842716217
61,valid,0.9684851169586182
62,valid,0.9336164593696594
63,valid,0.9178289771080017
64,valid,0.907653272151947
65,valid,0.9315804839134216
66,valid,0.9514219164848328
67,valid,0.9825215339660645
68,valid,0.9105108380317688
69,valid,0.9196791052818298
70,valid,0.9493496417999268
71,valid,0.934380292892456
72,valid,0.9442449808120728
73,valid,0.9329014420509338
74,valid,0.9242408275604248
75,valid,0.9163671731948853
76,valid,0.9152161478996277
77,valid,0.9137850999832153
78,valid,0.9095858931541443
79,valid,0.8989652395248413
80,valid,0.8963838219642639
81,valid,0.9460393786430359
82,valid,0.8961439728736877
83,valid,0.9252695441246033
84,valid,0.9272863864898682
85,valid,0.9554208517074585
86,valid,0.9082427024841309
87,valid,0.9362368583679199
88,valid,0.898621678352356
89,valid,0.8903964161872864
90,valid,0.8759798407554626
91,valid,0.9120386242866516
92,valid,0.934944748878479
93,valid,0.9273736476898193
94,valid,0.8862155079841614
95,valid,0.9162924289703369
96,valid,0.9162554740905762
97,valid,0.9014698266983032
98,valid,0.9052945971488953
99,valid,0.8911895751953125
100,valid,0.8831775784492493
101,valid,0.9153919816017151
102,valid,0.9327636957168579
103,valid,0.9046341776847839
104,valid,0.9030715823173523
105,valid,0.9298864603042603
106,valid,0.9270946979522705
107,valid,0.9034072160720825
108,valid,0.8938290476799011
109,valid,0.8940295577049255
110,valid,0.9424201250076294
111,valid,0.8907406330108643
112,valid,0.9205414652824402
113,valid,0.9010860323905945
114,valid,0.9330084919929504
115,valid,0.9413852691650391
116,valid,0.9000358581542969
117,valid,0.8809072375297546
118,valid,0.8790236115455627
119,valid,0.8811978101730347
120,valid,0.8861623406410217
121,valid,0.8788841962814331
122,valid,0.8764582872390747
123,valid,0.8702609539031982
124,valid,0.9163303375244141
125,valid,0.882952094078064
126,valid,0.8751742839813232
127,valid,0.8911148309707642
128,valid,0.8924118876457214
129,valid,0.8894046545028687
130,valid,0.8767710328102112
131,valid,0.8684546947479248
132,valid,0.9048328399658203
133,valid,0.8875677585601807
134,valid,0.8766070604324341
135,valid,0.8934471607208252
136,valid,0.8711724877357483
137,valid,0.8720920085906982
138,valid,0.8795391321182251
139,valid,0.8834585547447205
140,valid,0.868702232837677
141,valid,0.9031772017478943
142,valid,0.9040364027023315
143,valid,0.8691748976707458
144,valid,0.9050507545471191
145,valid,0.8970950245857239
146,valid,0.8889167904853821
147,valid,0.8718909621238708
148,valid,0.871056079864502
149,valid,0.8988510966300964
150,valid,0.8676745891571045
151,valid,0.8977112770080566
152,valid,0.8920987844467163
153,valid,0.8712454438209534
154,valid,0.8948943614959717
155,valid,0.8798855543136597
156,valid,0.8775098323822021
157,valid,0.8720756769180298
158,valid,0.9096115231513977
159,valid,0.8785755634307861
160,valid,0.8830056190490723
161,valid,0.8825651407241821
162,valid,0.8909058570861816
163,valid,0.8790234327316284
164,valid,0.8736397624015808
165,valid,0.9001963138580322
166,valid,0.9028160572052002
167,valid,0.9249401092529297
168,valid,0.8835850358009338
169,valid,0.8649697303771973
170,valid,0.8842004537582397
171,valid,0.8635656833648682
172,valid,0.8740472197532654
173,valid,0.8929402828216553
174,valid,0.8776346445083618
175,valid,0.9035652875900269
176,valid,0.8860704898834229
177,valid,0.9156292080879211
178,valid,0.8754100799560547
179,valid,0.8716680407524109
180,valid,0.8808899521827698
181,valid,0.8952198624610901
182,valid,0.9051045179367065
183,valid,0.8672457337379456
184,valid,0.8662201166152954
185,valid,0.885831892490387
186,valid,0.8792091608047485
187,valid,0.8627321720123291
188,valid,0.8658318519592285
189,valid,0.8656876087188721
190,valid,0.897074282169342
191,valid,0.856060802936554
192,valid,0.9110606908798218
193,valid,0.8732024431228638
194,valid,0.894126296043396
195,valid,0.878143846988678
196,valid,0.8852158188819885
197,valid,0.932056188583374
198,valid,0.8804114460945129
199,valid,0.8769876956939697
200,valid,0.8762675523757935
201,valid,0.8649431467056274
202,valid,0.8962817192077637
203,valid,0.8778323531150818
204,valid,0.9309377074241638
205,valid,0.8837476372718811
206,valid,0.8667814135551453
207,valid,0.8755226135253906
208,valid,0.8595279455184937
209,valid,0.8761900067329407
210,valid,0.880079984664917
211,valid,0.8811033368110657
212,valid,0.8704307675361633
213,valid,0.8680220246315002
214,valid,0.8762375712394714
215,valid,0.8996516466140747
216,valid,0.8748559355735779
217,valid,0.8740490078926086
218,valid,0.8655359148979187
219,valid,0.8701030611991882
220,valid,0.8629834651947021
221,valid,0.8685541749000549
222,valid,0.8667885065078735
223,valid,0.869454562664032
224,valid,0.8752781748771667
225,valid,0.8598878979682922
226,valid,0.8729586005210876
227,valid,0.8759894371032715
228,valid,0.8785836696624756
229,valid,0.8636186122894287
230,valid,0.8675284385681152
231,valid,0.8657078742980957
232,valid,0.8710013628005981
233,valid,0.8642921447753906
234,valid,0.8753740787506104
235,valid,0.8729345202445984
236,valid,0.868541419506073
237,valid,0.8885080814361572
238,valid,0.8622800707817078
239,valid,0.8620360493659973
240,valid,0.8711069226264954
241,valid,0.888913631439209
242,valid,0.8788052201271057
243,valid,0.8799484372138977
244,valid,0.8622547388076782
245,valid,0.8588234782218933
246,valid,0.8553589582443237
247,valid,0.8627561330795288
248,valid,0.8635638356208801
249,valid,0.876221776008606
250,valid,0.8569946885108948
251,valid,0.8611255884170532
252,valid,0.8621457815170288
253,valid,0.8804736137390137
254,valid,0.8791446089744568
255,valid,0.8573943376541138
256,valid,0.8894020318984985
257,valid,0.8668990135192871
258,valid,0.8613444566726685
259,valid,0.8716410994529724
260,valid,0.8729004859924316
261,valid,0.8715714812278748
262,valid,0.8640716671943665
263,valid,0.8790670037269592
264,valid,0.8711814880371094
265,valid,0.8542815446853638
266,valid,0.8778440952301025
267,valid,0.8691425323486328
268,valid,0.8751156330108643
269,valid,0.8839641809463501
270,valid,0.8652305603027344
271,valid,0.8750884532928467
272,valid,0.8826846480369568
273,valid,0.8722818493843079
274,valid,0.8636839985847473
275,valid,0.8901282548904419
276,valid,0.882933497428894
277,valid,0.8804948925971985
278,valid,0.8801954388618469
279,valid,0.8850609660148621
280,valid,0.8773676156997681
281,valid,0.8846958875656128
282,valid,0.8709256649017334
283,valid,0.8771252632141113
284,valid,0.8710894584655762
285,valid,0.9007102251052856
286,valid,0.8707683682441711
287,valid,0.8839077949523926
288,valid,0.8893958926200867
289,valid,0.8838320374488831
290,valid,0.8804160356521606
291,valid,0.8953625559806824
292,valid,0.870713472366333
293,valid,0.8787458539009094
294,valid,0.8738082647323608
295,valid,0.8788483142852783
296,valid,0.8884139060974121
297,valid,0.8756809830665588
298,valid,0.875914454460144
299,valid,0.876473605632782
