epoch,split,loss
0,train,5.005164623260498
0,train,5.726471900939941
0,train,2.2228407859802246
0,train,4.5748724937438965
0,train,3.336378574371338
0,train,2.6493895053863525
0,train,2.9483284950256348
0,train,1.8728030920028687
0,train,3.5989246368408203
0,train,3.001258134841919
0,train,1.9518115520477295
0,train,2.1923611164093018
0,train,1.5686309337615967
0,train,1.8904480934143066
0,train,1.5457379817962646
0,train,2.7323436737060547
0,train,3.920492172241211
0,train,2.058851718902588
0,train,2.7128732204437256
0,train,3.651780843734741
1,train,3.4435200691223145
1,train,3.7145209312438965
1,train,1.628935694694519
1,train,2.628462791442871
1,train,2.23633074760437
1,train,2.2060678005218506
1,train,2.002358913421631
1,train,1.7616726160049438
1,train,2.3117835521698
1,train,3.9112045764923096
1,train,3.215214490890503
1,train,3.9180972576141357
1,train,4.077436447143555
1,train,2.901174545288086
1,train,2.0643813610076904
1,train,3.398972272872925
1,train,2.2587857246398926
1,train,3.3822638988494873
1,train,2.039170742034912
1,train,2.6548912525177
2,train,2.756446599960327
2,train,3.1128807067871094
2,train,2.5941672325134277
2,train,2.098351001739502
2,train,2.9724066257476807
2,train,1.8369178771972656
2,train,1.9234509468078613
2,train,2.7776060104370117
2,train,2.298245668411255
2,train,2.754793167114258
2,train,1.940153956413269
2,train,2.1889402866363525
2,train,1.2713688611984253
2,train,2.3711490631103516
2,train,1.173103928565979
2,train,1.922935962677002
2,train,1.3364490270614624
2,train,1.9548308849334717
2,train,1.8803436756134033
2,train,1.3689122200012207
3,train,1.779005765914917
3,train,1.8620493412017822
3,train,1.0288431644439697
3,train,1.4829144477844238
3,train,1.5801113843917847
3,train,1.5765966176986694
3,train,1.824895977973938
3,train,1.2328238487243652
3,train,0.9914883375167847
3,train,1.6137975454330444
3,train,2.051605701446533
3,train,1.5241371393203735
3,train,1.8292914628982544
3,train,1.281133770942688
3,train,1.3503310680389404
3,train,1.2600936889648438
3,train,1.6280996799468994
3,train,1.2653411626815796
3,train,0.9723619818687439
3,train,1.4655836820602417
4,train,1.1372528076171875
4,train,1.4269475936889648
4,train,1.6432937383651733
4,train,1.0755904912948608
4,train,1.7817963361740112
4,train,1.6532392501831055
4,train,1.570529818534851
4,train,1.4265369176864624
4,train,1.7641830444335938
4,train,1.7760807275772095
4,train,1.1386382579803467
4,train,1.2696532011032104
4,train,1.3979367017745972
4,train,1.07227623462677
4,train,1.9833396673202515
4,train,1.2610796689987183
4,train,1.3313772678375244
4,train,1.4185060262680054
4,train,1.5019748210906982
4,train,1.4348491430282593
5,train,1.613956332206726
5,train,1.5909662246704102
5,train,1.4225064516067505
5,train,1.1241182088851929
5,train,1.3813802003860474
5,train,1.1008692979812622
5,train,1.2110230922698975
5,train,1.4110424518585205
5,train,1.3613600730895996
5,train,1.4302624464035034
5,train,1.1131514310836792
5,train,1.3044524192810059
5,train,0.9815992116928101
5,train,1.1316744089126587
5,train,2.164051055908203
5,train,1.8410810232162476
5,train,1.432235836982727
5,train,1.0235027074813843
5,train,1.5394620895385742
5,train,1.0470550060272217
6,train,1.02091383934021
6,train,1.474315881729126
6,train,1.2961492538452148
6,train,1.6096361875534058
6,train,0.8651989102363586
6,train,1.0931891202926636
6,train,1.850069284439087
6,train,1.40012526512146
6,train,1.0615030527114868
6,train,1.0266003608703613
6,train,1.1731977462768555
6,train,0.9402551054954529
6,train,1.4668183326721191
6,train,1.5993402004241943
6,train,1.4188625812530518
6,train,0.9979353547096252
6,train,1.3288532495498657
6,train,1.0330859422683716
6,train,1.244710087776184
6,train,1.15999174118042
7,train,1.0538431406021118
7,train,1.63968825340271
7,train,1.0627038478851318
7,train,0.9439623355865479
7,train,1.8024364709854126
7,train,1.6142433881759644
7,train,1.3033744096755981
7,train,1.227702260017395
7,train,1.2842239141464233
7,train,1.972415566444397
7,train,1.4154577255249023
7,train,1.2036254405975342
7,train,0.9503574967384338
7,train,0.8564996123313904
7,train,1.7774001359939575
7,train,1.169950008392334
7,train,0.8882144689559937
7,train,0.9428992867469788
7,train,0.9127903580665588
7,train,1.1817162036895752
8,train,1.0150234699249268
8,train,1.8471089601516724
8,train,1.5403071641921997
8,train,0.815130352973938
8,train,1.2062004804611206
8,train,1.1637250185012817
8,train,0.8584349155426025
8,train,1.049340009689331
8,train,1.3291901350021362
8,train,1.0068992376327515
8,train,1.1774946451187134
8,train,1.3776426315307617
8,train,0.9023617506027222
8,train,1.1135878562927246
8,train,1.8164840936660767
8,train,1.1623351573944092
8,train,0.9568752646446228
8,train,1.1739864349365234
8,train,0.8782238960266113
8,train,1.1668282747268677
9,train,0.8288930654525757
9,train,1.1720380783081055
9,train,1.06838858127594
9,train,1.0419092178344727
9,train,0.9135783314704895
9,train,0.9719028472900391
9,train,0.9511213302612305
9,train,1.2240313291549683
9,train,1.509040117263794
9,train,0.9104833602905273
9,train,1.1188920736312866
9,train,1.0732150077819824
9,train,1.3193082809448242
9,train,0.8873586654663086
9,train,1.0729767084121704
9,train,1.0020227432250977
9,train,1.3203098773956299
9,train,1.6480666399002075
9,train,1.074580430984497
9,train,1.3812212944030762
10,train,1.2112513780593872
10,train,0.9586445093154907
10,train,1.0015021562576294
10,train,1.4142780303955078
10,train,0.9458580613136292
10,train,0.8881160020828247
10,train,1.094275951385498
10,train,0.9452642202377319
10,train,1.376211166381836
10,train,1.1414482593536377
10,train,1.3659178018569946
10,train,1.0329567193984985
10,train,1.043578863143921
10,train,0.9313771724700928
10,train,1.066223382949829
10,train,1.1572697162628174
10,train,0.9678763151168823
10,train,0.9527860283851624
10,train,0.8775030374526978
10,train,0.9112960696220398
11,train,1.1763992309570312
11,train,0.8658317923545837
11,train,1.1196986436843872
11,train,1.085958480834961
11,train,1.0223852396011353
11,train,0.7402017712593079
11,train,0.8462216258049011
11,train,0.9116953611373901
11,train,1.1177695989608765
11,train,0.9106804728507996
11,train,1.4152299165725708
11,train,1.25910484790802
11,train,0.8978680372238159
11,train,0.9649783968925476
11,train,0.8499698638916016
11,train,1.247125506401062
11,train,1.3482427597045898
11,train,0.9912397861480713
11,train,1.0286895036697388
11,train,1.065073847770691
12,train,1.063307523727417
12,train,0.9133207201957703
12,train,1.1448040008544922
12,train,0.8846273422241211
12,train,1.3589048385620117
12,train,1.0442359447479248
12,train,0.7782466411590576
12,train,1.31940495967865
12,train,1.5472400188446045
12,train,1.5236778259277344
12,train,1.1861841678619385
12,train,1.3950788974761963
12,train,1.4061622619628906
12,train,0.8897401094436646
12,train,0.934889018535614
12,train,0.7739174962043762
12,train,1.2632975578308105
12,train,0.7837185263633728
12,train,1.4059494733810425
12,train,1.4887518882751465
13,train,1.0665690898895264
13,train,0.9306170344352722
13,train,0.7657668590545654
13,train,0.7846443057060242
13,train,1.0174751281738281
13,train,1.0464684963226318
13,train,0.8172221183776855
13,train,1.8544862270355225
13,train,1.060366153717041
13,train,1.0632457733154297
13,train,1.0659791231155396
13,train,0.8405649065971375
13,train,1.2350199222564697
13,train,1.4335837364196777
13,train,0.8627274632453918
13,train,1.3689637184143066
13,train,1.4947750568389893
13,train,0.9330237507820129
13,train,0.9215068221092224
13,train,0.8476421236991882
14,train,1.18424654006958
14,train,0.8744643330574036
14,train,0.9253186583518982
14,train,0.8196256756782532
14,train,1.2346235513687134
14,train,0.907754123210907
14,train,0.986075222492218
14,train,1.186601996421814
14,train,0.9701709747314453
14,train,1.429078459739685
14,train,1.135754942893982
14,train,1.0295734405517578
14,train,0.9507580995559692
14,train,0.9366506338119507
14,train,0.934991717338562
14,train,1.2223761081695557
14,train,0.8904262185096741
14,train,1.0227129459381104
14,train,0.8321468234062195
14,train,1.1698018312454224
15,train,0.9598480463027954
15,train,0.8734719753265381
15,train,0.9028065800666809
15,train,1.1846816539764404
15,train,0.7743433713912964
15,train,0.9836698174476624
15,train,1.0759928226470947
15,train,0.8805198669433594
15,train,1.3424855470657349
15,train,0.9651051163673401
15,train,1.1653084754943848
15,train,1.6670719385147095
15,train,0.9481322765350342
15,train,0.9943167567253113
15,train,1.003343105316162
15,train,1.6667274236679077
15,train,1.045214056968689
15,train,1.3772791624069214
15,train,0.9453834295272827
15,train,0.8440515995025635
16,train,1.0289702415466309
16,train,0.9296136498451233
16,train,1.100379228591919
16,train,0.8385394215583801
16,train,0.8458819389343262
16,train,1.0410727262496948
16,train,1.2871419191360474
16,train,0.8818626403808594
16,train,1.179548740386963
16,train,0.8884717226028442
16,train,1.1297028064727783
16,train,0.9566589593887329
16,train,1.1906548738479614
16,train,0.8214522004127502
16,train,0.7494146823883057
16,train,1.0034396648406982
16,train,0.9076189994812012
16,train,1.107292890548706
16,train,1.2213596105575562
16,train,0.9300028085708618
17,train,0.9683301448822021
17,train,0.7864159941673279
17,train,0.7910919189453125
17,train,1.0388648509979248
17,train,0.9370082020759583
17,train,1.3407673835754395
17,train,1.3551561832427979
17,train,0.9160470366477966
17,train,0.7723263502120972
17,train,0.9508798122406006
17,train,1.299405813217163
17,train,0.920856237411499
17,train,1.783965826034546
17,train,0.8986668586730957
17,train,1.411005973815918
17,train,1.1096117496490479
17,train,0.8299494385719299
17,train,0.8157593011856079
17,train,0.9057332277297974
17,train,0.947675347328186
18,train,1.3294059038162231
18,train,0.8539187908172607
18,train,0.8131880164146423
18,train,0.845157265663147
18,train,1.0832207202911377
18,train,0.8247425556182861
18,train,0.7566354870796204
18,train,0.8753272294998169
18,train,1.1310324668884277
18,train,1.8017150163650513
18,train,1.7042279243469238
18,train,1.1706899404525757
18,train,1.1178219318389893
18,train,0.7532256245613098
18,train,0.9294391870498657
18,train,1.128840446472168
18,train,0.805302083492279
18,train,0.9446449279785156
18,train,1.0691767930984497
18,train,1.0906990766525269
19,train,1.0398902893066406
19,train,1.1833163499832153
19,train,1.2098729610443115
19,train,1.085329532623291
19,train,1.140511393547058
19,train,1.0283218622207642
19,train,0.9276130795478821
19,train,1.1411075592041016
19,train,1.3131226301193237
19,train,0.8540511727333069
19,train,0.8661656379699707
19,train,0.8036589026451111
19,train,0.8364949822425842
19,train,0.9697778224945068
19,train,0.7272698283195496
19,train,1.1831634044647217
19,train,0.8283303380012512
19,train,0.8356211185455322
19,train,0.7899240851402283
19,train,1.1454017162322998
20,train,1.3402478694915771
20,train,0.9278934001922607
20,train,1.2726229429244995
20,train,0.7952371835708618
20,train,1.2654998302459717
20,train,1.2766848802566528
20,train,1.1147829294204712
20,train,1.0654016733169556
20,train,1.1171625852584839
20,train,0.8765115141868591
20,train,0.9499093890190125
20,train,1.2394740581512451
20,train,1.4150148630142212
20,train,0.7549487948417664
20,train,0.8458572030067444
20,train,1.4701499938964844
20,train,0.9626299142837524
20,train,1.0519033670425415
20,train,1.242532730102539
20,train,1.3360483646392822
21,train,0.8145986795425415
21,train,1.0350587368011475
21,train,1.438706636428833
21,train,0.8281103372573853
21,train,0.8148335218429565
21,train,1.0004258155822754
21,train,0.8438428044319153
21,train,1.025070071220398
21,train,1.131104826927185
21,train,1.192216396331787
21,train,1.1048234701156616
21,train,0.8439841866493225
21,train,0.8317528963088989
21,train,0.889488697052002
21,train,1.3009365797042847
21,train,1.2922497987747192
21,train,0.9025369882583618
21,train,1.1366771459579468
21,train,0.8467569351196289
21,train,1.0544973611831665
22,train,0.7064650058746338
22,train,0.9432610273361206
22,train,1.3337615728378296
22,train,1.1144492626190186
22,train,0.8528383374214172
22,train,1.1534610986709595
22,train,1.1882543563842773
22,train,1.1714537143707275
22,train,0.8460146188735962
22,train,0.8792662620544434
22,train,0.8482978343963623
22,train,1.5540796518325806
22,train,1.1828045845031738
22,train,0.9536760449409485
22,train,0.7732048630714417
22,train,1.4779988527297974
22,train,0.8197990655899048
22,train,0.8840375542640686
22,train,0.8128960132598877
22,train,0.8557280898094177
23,train,1.2495977878570557
23,train,1.027655005455017
23,train,0.7785542607307434
23,train,1.0799410343170166
23,train,0.7242335677146912
23,train,0.8941144347190857
23,train,0.7372866272926331
23,train,0.9187099933624268
23,train,0.7479574680328369
23,train,1.286099910736084
23,train,0.9624278545379639
23,train,1.0489915609359741
23,train,1.0451431274414062
23,train,1.3999203443527222
23,train,1.1673794984817505
23,train,0.7299656271934509
23,train,0.9662973880767822
23,train,1.1351537704467773
23,train,1.0378185510635376
23,train,1.2843900918960571
24,train,0.9644550085067749
24,train,0.7467156648635864
24,train,0.8951370716094971
24,train,1.060254454612732
24,train,0.8757585287094116
24,train,0.7768406271934509
24,train,0.8930245041847229
24,train,1.0236788988113403
24,train,0.905032753944397
24,train,1.2334554195404053
24,train,1.0363088846206665
24,train,0.7878313660621643
24,train,1.2458416223526
24,train,0.8518431782722473
24,train,0.765746533870697
24,train,1.0666452646255493
24,train,0.7870615720748901
24,train,0.8174948692321777
24,train,1.046707272529602
24,train,1.1962645053863525
25,train,1.2906166315078735
25,train,0.9725528359413147
25,train,0.7758042216300964
25,train,0.8629595041275024
25,train,0.812888503074646
25,train,1.0435360670089722
25,train,0.784773051738739
25,train,1.3252383470535278
25,train,0.9512547254562378
25,train,0.9858264923095703
25,train,0.8189123868942261
25,train,1.0059003829956055
25,train,0.938460648059845
25,train,1.142623782157898
25,train,1.0426645278930664
25,train,1.0238643884658813
25,train,1.0858657360076904
25,train,0.8392223715782166
25,train,0.7673943042755127
25,train,0.8129905462265015
26,train,0.8124367594718933
26,train,0.832781970500946
26,train,0.833571195602417
26,train,0.9758478999137878
26,train,1.17600417137146
26,train,0.8540543913841248
26,train,1.0202568769454956
26,train,0.9914745688438416
26,train,1.3851698637008667
26,train,0.6864158511161804
26,train,0.7675428986549377
26,train,0.8819511532783508
26,train,0.853445827960968
26,train,1.0514945983886719
26,train,0.6281797885894775
26,train,0.9976630806922913
26,train,0.9218950271606445
26,train,1.148471713066101
26,train,1.2956799268722534
26,train,1.2777683734893799
27,train,0.7648873329162598
27,train,0.7933889031410217
27,train,1.5620195865631104
27,train,0.961165189743042
27,train,1.285675287246704
27,train,1.3728054761886597
27,train,0.8357442021369934
27,train,0.9339332580566406
27,train,0.8051611185073853
27,train,0.8838320374488831
27,train,0.7809678316116333
27,train,0.8860961198806763
27,train,0.9849783182144165
27,train,0.8200653791427612
27,train,1.0786242485046387
27,train,0.7631655335426331
27,train,0.8117502331733704
27,train,0.8193524479866028
27,train,1.0247807502746582
27,train,1.1145648956298828
28,train,0.6350650787353516
28,train,1.2104171514511108
28,train,1.0167337656021118
28,train,0.7842727899551392
28,train,0.9984112977981567
28,train,0.7485826015472412
28,train,1.1379797458648682
28,train,0.794185221195221
28,train,1.0597609281539917
28,train,1.0648165941238403
28,train,0.9572319984436035
28,train,0.910007119178772
28,train,1.2310535907745361
28,train,1.020985722541809
28,train,0.9455285668373108
28,train,0.8449495434761047
28,train,0.7394936680793762
28,train,0.911727249622345
28,train,0.9905599355697632
28,train,1.4137282371520996
29,train,0.9876124262809753
29,train,1.5610790252685547
29,train,0.7858661413192749
29,train,0.7883574962615967
29,train,0.9342696666717529
29,train,0.8308560252189636
29,train,0.7206642627716064
29,train,0.7921465039253235
29,train,0.8954324126243591
29,train,0.8449291586875916
29,train,1.2921243906021118
29,train,0.7755014300346375
29,train,1.3369790315628052
29,train,0.7693930864334106
29,train,1.1106774806976318
29,train,1.0894813537597656
29,train,0.7335727214813232
29,train,0.7623993158340454
29,train,0.7514505982398987
29,train,0.7317209243774414
30,train,1.216688632965088
30,train,0.7865723371505737
30,train,1.6435738801956177
30,train,1.1600884199142456
30,train,1.304986596107483
30,train,0.7491520047187805
30,train,1.2435204982757568
30,train,0.7604377269744873
30,train,1.1349788904190063
30,train,0.7435718774795532
30,train,0.8324151039123535
30,train,0.7044517993927002
30,train,0.9072403907775879
30,train,1.2918345928192139
30,train,1.2239291667938232
30,train,0.7415282726287842
30,train,0.804186999797821
30,train,1.0454930067062378
30,train,0.8325859308242798
30,train,0.7963447570800781
31,train,0.8363175392150879
31,train,0.8179683089256287
31,train,0.8181671500205994
31,train,0.876764178276062
31,train,0.7683677077293396
31,train,0.7891142964363098
31,train,0.7400017380714417
31,train,0.7372989058494568
31,train,1.1591147184371948
31,train,1.0304410457611084
31,train,1.1683681011199951
31,train,0.7672820091247559
31,train,0.9169352650642395
31,train,1.115293264389038
31,train,1.2372918128967285
31,train,1.0734349489212036
31,train,1.022711157798767
31,train,0.9678165316581726
31,train,0.8127002120018005
31,train,1.322560429573059
32,train,0.803272545337677
32,train,1.1023120880126953
32,train,1.211871862411499
32,train,0.9896088242530823
32,train,0.9664567112922668
32,train,0.7382787466049194
32,train,0.7982648611068726
32,train,0.8348059058189392
32,train,0.7946918606758118
32,train,0.9878470301628113
32,train,0.7360849380493164
32,train,0.746749758720398
32,train,0.8793437480926514
32,train,0.9277743697166443
32,train,0.8542793989181519
32,train,0.7694103717803955
32,train,0.7301375865936279
32,train,1.2613465785980225
32,train,0.9173350930213928
32,train,0.8781372904777527
33,train,1.1141624450683594
33,train,1.4804942607879639
33,train,1.1381324529647827
33,train,1.186477780342102
33,train,0.7403045892715454
33,train,0.7716977596282959
33,train,1.017693281173706
33,train,0.9920176267623901
33,train,0.8475247025489807
33,train,1.0563400983810425
33,train,0.7125500440597534
33,train,0.8106474876403809
33,train,0.7635666131973267
33,train,0.785613477230072
33,train,0.7898905277252197
33,train,0.8543259501457214
33,train,0.7306548953056335
33,train,1.145226001739502
33,train,0.7017536163330078
33,train,0.882468581199646
34,train,1.1938705444335938
34,train,0.8674136996269226
34,train,0.9950317740440369
34,train,1.0881022214889526
34,train,0.7890806794166565
34,train,1.1354528665542603
34,train,1.1084574460983276
34,train,0.7101954817771912
34,train,1.106249451637268
34,train,1.0729172229766846
34,train,0.8309776186943054
34,train,0.9144161939620972
34,train,1.135737419128418
34,train,1.068056583404541
34,train,0.9246053099632263
34,train,0.8667618632316589
34,train,0.7766625881195068
34,train,0.9342437386512756
34,train,1.0200892686843872
34,train,0.922828197479248
35,train,1.1969393491744995
35,train,0.7499127388000488
35,train,0.9389400482177734
35,train,0.9732370972633362
35,train,0.7227491140365601
35,train,0.9281175136566162
35,train,1.0733145475387573
35,train,0.8332081437110901
35,train,0.8102841377258301
35,train,1.0328785181045532
35,train,1.2119663953781128
35,train,0.8776777386665344
35,train,0.783770740032196
35,train,0.829528272151947
35,train,1.0810259580612183
35,train,1.0875585079193115
35,train,0.8775395750999451
35,train,1.0099234580993652
35,train,1.3681268692016602
35,train,1.1824445724487305
36,train,1.0091569423675537
36,train,1.1725964546203613
36,train,0.7801318168640137
36,train,1.1960721015930176
36,train,1.1031405925750732
36,train,0.8793740272521973
36,train,0.650791585445404
36,train,0.7777259945869446
36,train,1.0700914859771729
36,train,0.786126971244812
36,train,0.6810436844825745
36,train,0.8965202569961548
36,train,0.9442448616027832
36,train,1.2126952409744263
36,train,1.011182427406311
36,train,0.8951163291931152
36,train,0.8079895973205566
36,train,0.6866004467010498
36,train,0.8921390771865845
36,train,1.0314075946807861
37,train,1.2047686576843262
37,train,0.7290069460868835
37,train,1.1644026041030884
37,train,0.708956241607666
37,train,0.7648013830184937
37,train,0.8191384077072144
37,train,1.041857361793518
37,train,0.741465151309967
37,train,0.9233961701393127
37,train,0.9427675008773804
37,train,0.9890318512916565
37,train,0.9926093220710754
37,train,1.3796435594558716
37,train,0.9957579970359802
37,train,1.027812123298645
37,train,0.7451339960098267
37,train,0.7704477310180664
37,train,0.7746416926383972
37,train,0.784652054309845
37,train,1.2075303792953491
38,train,0.6861631870269775
38,train,1.0677542686462402
38,train,0.9334219694137573
38,train,0.7749688029289246
38,train,0.7005149722099304
38,train,1.4408608675003052
38,train,0.7239120006561279
38,train,0.6862751841545105
38,train,0.8555490374565125
38,train,0.839290201663971
38,train,0.8120059967041016
38,train,0.7480711340904236
38,train,0.7874653935432434
38,train,0.8349143862724304
38,train,0.752240777015686
38,train,1.0599952936172485
38,train,0.851661741733551
38,train,0.8313682675361633
38,train,0.7243274450302124
38,train,1.1847864389419556
39,train,0.8042282462120056
39,train,0.9562145471572876
39,train,0.9522443413734436
39,train,0.7916074991226196
39,train,0.9437732100486755
39,train,0.9025915265083313
39,train,1.0025333166122437
39,train,0.7804534435272217
39,train,0.8614498376846313
39,train,1.0865478515625
39,train,0.7140309810638428
39,train,0.8529258966445923
39,train,0.7899828553199768
39,train,0.7854806184768677
39,train,1.0498160123825073
39,train,0.6848070025444031
39,train,1.1021548509597778
39,train,0.5966612696647644
39,train,1.2222411632537842
39,train,1.113293170928955
40,train,0.9028345346450806
40,train,0.9897363781929016
40,train,0.7767200469970703
40,train,0.7130485773086548
40,train,1.1164441108703613
40,train,1.0381897687911987
40,train,1.0946804285049438
40,train,1.7085305452346802
40,train,0.7725398540496826
40,train,1.1992405652999878
40,train,0.7942583560943604
40,train,0.924567461013794
40,train,1.021824598312378
40,train,0.8734010457992554
40,train,0.7117384076118469
40,train,0.9212871193885803
40,train,0.7751194834709167
40,train,1.0240384340286255
40,train,0.9358875751495361
40,train,0.8681987524032593
41,train,0.9414710402488708
41,train,0.8538829684257507
41,train,0.7779988646507263
41,train,1.0372190475463867
41,train,1.0381755828857422
41,train,0.9428851008415222
41,train,1.0406132936477661
41,train,1.034460425376892
41,train,1.2838290929794312
41,train,1.357818841934204
41,train,0.621871292591095
41,train,1.121630072593689
41,train,1.079806923866272
41,train,0.7478917837142944
41,train,1.1921391487121582
41,train,0.7951975464820862
41,train,1.2152342796325684
41,train,1.1258935928344727
41,train,0.7866738438606262
41,train,0.9048585891723633
42,train,0.739539623260498
42,train,0.8704676032066345
42,train,0.7930501699447632
42,train,1.1514697074890137
42,train,0.9432864189147949
42,train,0.6793218851089478
42,train,0.8277114033699036
42,train,1.1305570602416992
42,train,1.022466778755188
42,train,0.8918940424919128
42,train,0.9060177206993103
42,train,0.8861759305000305
42,train,0.9408686757087708
42,train,1.1328166723251343
42,train,0.9673604965209961
42,train,0.6887699365615845
42,train,1.2370351552963257
42,train,0.7964555621147156
42,train,1.3206417560577393
42,train,1.027502179145813
43,train,1.1259958744049072
43,train,0.8997120261192322
43,train,0.6552358865737915
43,train,1.1719121932983398
43,train,1.0948903560638428
43,train,0.8271901607513428
43,train,0.7722059488296509
43,train,0.8906279802322388
43,train,0.8566343188285828
43,train,1.18011474609375
43,train,1.0049644708633423
43,train,0.661422073841095
43,train,0.9009853601455688
43,train,0.7537207007408142
43,train,0.6673166751861572
43,train,0.9398468732833862
43,train,1.1415014266967773
43,train,1.0557161569595337
43,train,1.1708860397338867
43,train,0.7442148923873901
44,train,1.2736332416534424
44,train,0.8876376152038574
44,train,1.1261833906173706
44,train,0.9552047252655029
44,train,0.8343263864517212
44,train,0.6817754507064819
44,train,0.8774546980857849
44,train,0.8818901777267456
44,train,1.2615761756896973
44,train,0.6799861192703247
44,train,0.7538956999778748
44,train,0.725521981716156
44,train,1.102337121963501
44,train,0.9531336426734924
44,train,1.269127368927002
44,train,0.7615612745285034
44,train,0.9365787506103516
44,train,0.7458786368370056
44,train,0.8814452290534973
44,train,1.0908808708190918
45,train,1.2381733655929565
45,train,0.7622918486595154
45,train,0.7907341122627258
45,train,0.8030911684036255
45,train,0.7537291646003723
45,train,0.6906570792198181
45,train,0.9122065901756287
45,train,0.7906695008277893
45,train,0.7366231083869934
45,train,0.8570594191551208
45,train,0.994094967842102
45,train,0.7361853718757629
45,train,0.7227771282196045
45,train,1.1007509231567383
45,train,0.7723174095153809
45,train,1.0314966440200806
45,train,0.9819396138191223
45,train,0.9100822806358337
45,train,0.7879441380500793
45,train,1.0967507362365723
46,train,0.7614409327507019
46,train,0.8551226258277893
46,train,1.0721267461776733
46,train,0.9513975381851196
46,train,0.6832544207572937
46,train,1.1224596500396729
46,train,0.9720005989074707
46,train,1.2128835916519165
46,train,0.9169350266456604
46,train,0.7746914625167847
46,train,0.9178362488746643
46,train,0.873691201210022
46,train,1.2602629661560059
46,train,1.1054654121398926
46,train,0.9758331179618835
46,train,0.9275963306427002
46,train,1.1921645402908325
46,train,0.8409663438796997
46,train,1.2412701845169067
46,train,0.9949374794960022
47,train,0.7996747493743896
47,train,1.0221976041793823
47,train,1.1444343328475952
47,train,0.8306649327278137
47,train,1.2863816022872925
47,train,0.9746047258377075
47,train,0.827908992767334
47,train,0.7847046256065369
47,train,0.7290124893188477
47,train,0.8689500093460083
47,train,1.0171306133270264
47,train,0.8989964723587036
47,train,0.9269235730171204
47,train,1.005488634109497
47,train,0.9459580183029175
47,train,0.8189452290534973
47,train,1.1096035242080688
47,train,0.9162763953208923
47,train,0.8722245693206787
47,train,0.7193184494972229
48,train,0.7803239226341248
48,train,0.9205112457275391
48,train,0.7593675851821899
48,train,0.7744287848472595
48,train,0.6834790110588074
48,train,0.9930203557014465
48,train,0.9548237323760986
48,train,0.7081943154335022
48,train,0.7614651918411255
48,train,0.8333786129951477
48,train,0.7754141092300415
48,train,0.7909120917320251
48,train,1.123354434967041
48,train,0.8654356598854065
48,train,0.9114930033683777
48,train,0.7127327919006348
48,train,0.6472143530845642
48,train,1.4477752447128296
48,train,0.7430207133293152
48,train,1.0339230298995972
49,train,1.191977858543396
49,train,1.1412441730499268
49,train,1.0370635986328125
49,train,0.9272093176841736
49,train,0.6586848497390747
49,train,0.9403460025787354
49,train,0.7491331100463867
49,train,0.6901350021362305
49,train,0.9296054244041443
49,train,0.8289709687232971
49,train,0.7017573714256287
49,train,0.786060631275177
49,train,0.8244956135749817
49,train,0.6896693706512451
49,train,1.2131434679031372
49,train,0.7891751527786255
49,train,0.9960384368896484
49,train,1.1431918144226074
49,train,0.8038687109947205
49,train,1.0321393013000488
50,train,1.3749274015426636
50,train,0.7368244528770447
50,train,0.7204787731170654
50,train,0.7806853652000427
50,train,0.6734804511070251
50,train,1.3451206684112549
50,train,0.9448809623718262
50,train,0.8228195309638977
50,train,0.9990553259849548
50,train,0.7384579181671143
50,train,0.8596465587615967
50,train,0.7037144899368286
50,train,0.8527254462242126
50,train,0.7937824130058289
50,train,1.250658631324768
50,train,1.0078336000442505
50,train,0.7262048125267029
50,train,1.0302287340164185
50,train,0.8382098078727722
50,train,1.1523761749267578
51,train,0.9763166308403015
51,train,1.1185957193374634
51,train,0.7297910451889038
51,train,0.8207334876060486
51,train,0.9591211080551147
51,train,1.0407010316848755
51,train,0.7078940272331238
51,train,0.8184071779251099
51,train,1.170976161956787
51,train,1.1124128103256226
51,train,1.0937225818634033
51,train,0.8908411264419556
51,train,0.7146859765052795
51,train,0.9381567239761353
51,train,1.0689767599105835
51,train,0.806380033493042
51,train,0.7770205140113831
51,train,0.8226829767227173
51,train,0.7873525619506836
51,train,0.7710028290748596
52,train,1.1454682350158691
52,train,1.0575861930847168
52,train,0.7769098877906799
52,train,0.7759578824043274
52,train,0.888614296913147
52,train,0.8839648962020874
52,train,0.7503355741500854
52,train,0.9962837100028992
52,train,1.2358498573303223
52,train,1.055039882659912
52,train,0.8289283514022827
52,train,0.7623427510261536
52,train,0.5960825681686401
52,train,0.8765617609024048
52,train,0.7159923911094666
52,train,0.7558249235153198
52,train,0.6602292060852051
52,train,0.6886418461799622
52,train,1.119460940361023
52,train,1.0500538349151611
53,train,0.7547329664230347
53,train,0.8448359370231628
53,train,0.7645928263664246
53,train,0.6645416021347046
53,train,0.7826550006866455
53,train,0.9575163722038269
53,train,0.8151007890701294
53,train,0.7664843797683716
53,train,0.7002307176589966
53,train,0.7153970003128052
53,train,0.7290797233581543
53,train,1.0109267234802246
53,train,0.9909371733665466
53,train,1.0123119354248047
53,train,0.870854914188385
53,train,1.0132354497909546
53,train,0.6285392045974731
53,train,0.9815953373908997
53,train,0.8414996266365051
53,train,0.8705403804779053
54,train,0.6954185962677002
54,train,0.9587922096252441
54,train,0.7853646874427795
54,train,0.8007223606109619
54,train,0.7864877581596375
54,train,0.9341222047805786
54,train,0.7777970433235168
54,train,0.7731974720954895
54,train,0.9071252346038818
54,train,0.8004441261291504
54,train,0.7719050049781799
54,train,1.0972002744674683
54,train,0.9329407811164856
54,train,0.9448623061180115
54,train,0.7314955592155457
54,train,0.7152785062789917
54,train,0.6477280855178833
54,train,0.8104352951049805
54,train,0.5954464673995972
54,train,0.7241568565368652
55,train,1.039783000946045
55,train,0.7044720649719238
55,train,1.2738661766052246
55,train,0.9638386368751526
55,train,0.9662684202194214
55,train,0.9674918055534363
55,train,1.0099061727523804
55,train,0.7612500786781311
55,train,0.7624814510345459
55,train,1.1196798086166382
55,train,1.1540181636810303
55,train,0.9904419183731079
55,train,0.7696747779846191
55,train,0.8389550447463989
55,train,0.6889140009880066
55,train,1.0575841665267944
55,train,0.9698889851570129
55,train,0.8629174828529358
55,train,0.9712169766426086
55,train,1.3728564977645874
56,train,0.7281038761138916
56,train,0.7352444529533386
56,train,0.8551954627037048
56,train,0.7653725743293762
56,train,0.7461546659469604
56,train,0.7128345966339111
56,train,0.7982999086380005
56,train,1.017798662185669
56,train,0.7115978598594666
56,train,1.2947001457214355
56,train,0.8633373975753784
56,train,1.0420722961425781
56,train,0.8757839798927307
56,train,0.7739256024360657
56,train,0.774928867816925
56,train,0.774444043636322
56,train,0.9270263910293579
56,train,0.9413504600524902
56,train,0.6756784915924072
56,train,0.8215017914772034
57,train,0.924248456954956
57,train,1.1884121894836426
57,train,0.7516809701919556
57,train,0.666511595249176
57,train,0.7659081220626831
57,train,0.7928429245948792
57,train,0.7059235572814941
57,train,0.7618167400360107
57,train,0.6915995478630066
57,train,0.604243814945221
57,train,0.9519665837287903
57,train,0.6865060925483704
57,train,1.0018843412399292
57,train,0.6178549528121948
57,train,0.9234275221824646
57,train,0.9454972743988037
57,train,1.063724398612976
57,train,0.6983880400657654
57,train,1.063020944595337
57,train,0.9240975975990295
58,train,0.6271401643753052
58,train,1.1098015308380127
58,train,0.6575150489807129
58,train,0.7521432638168335
58,train,1.0313167572021484
58,train,0.9378995895385742
58,train,0.7093076705932617
58,train,0.6723060607910156
58,train,0.7278274297714233
58,train,0.8575243353843689
58,train,1.0432602167129517
58,train,0.867002546787262
58,train,0.7471019625663757
58,train,1.1556978225708008
58,train,1.287790060043335
58,train,0.8174113631248474
58,train,0.9694588780403137
58,train,0.9619993567466736
58,train,1.076019525527954
58,train,1.3793693780899048
59,train,0.8639975190162659
59,train,0.7577643990516663
59,train,0.8527534604072571
59,train,0.7168652415275574
59,train,0.6761772036552429
59,train,1.0914214849472046
59,train,0.9585254192352295
59,train,0.7928401827812195
59,train,1.1026192903518677
59,train,1.1787735223770142
59,train,0.8980584740638733
59,train,1.0152372121810913
59,train,0.9412977695465088
59,train,0.9649773836135864
59,train,0.7931601405143738
59,train,1.2415043115615845
59,train,0.8323291540145874
59,train,0.9908557534217834
59,train,0.9355707168579102
59,train,0.8402557969093323
60,train,0.7133862972259521
60,train,0.668912947177887
60,train,0.9331309795379639
60,train,1.202209234237671
60,train,1.0228986740112305
60,train,0.6912789940834045
60,train,0.8104676008224487
60,train,0.9504351019859314
60,train,1.0891046524047852
60,train,0.6683989763259888
60,train,1.0429366827011108
60,train,0.7171062231063843
60,train,0.8404892683029175
60,train,0.9253023862838745
60,train,0.7532615065574646
60,train,0.9808776378631592
60,train,0.9077277183532715
60,train,1.0576621294021606
60,train,0.9003008604049683
60,train,0.7099192142486572
61,train,0.911203145980835
61,train,1.3717665672302246
61,train,0.7526512145996094
61,train,0.951982855796814
61,train,0.8420714735984802
61,train,0.7283302545547485
61,train,0.6792186498641968
61,train,0.7152237296104431
61,train,0.7545655369758606
61,train,0.9048397541046143
61,train,0.8013796806335449
61,train,1.0829172134399414
61,train,0.7205783128738403
61,train,0.7451092004776001
61,train,1.0455336570739746
61,train,0.6372616291046143
61,train,0.994064450263977
61,train,0.7081109881401062
61,train,0.7824935913085938
61,train,0.7403932809829712
62,train,0.9237065315246582
62,train,0.7904062867164612
62,train,1.0629918575286865
62,train,1.2308152914047241
62,train,0.9325916767120361
62,train,1.2271053791046143
62,train,0.9864614009857178
62,train,0.7182282209396362
62,train,1.1842676401138306
62,train,1.0144453048706055
62,train,1.08811354637146
62,train,1.0468332767486572
62,train,0.7010624408721924
62,train,0.6940851807594299
62,train,0.6776850819587708
62,train,0.9308501482009888
62,train,0.9835732579231262
62,train,0.795194685459137
62,train,0.6942840218544006
62,train,0.7261254787445068
63,train,0.9251483678817749
63,train,0.7578327059745789
63,train,1.0278935432434082
63,train,0.7333429455757141
63,train,0.8989241719245911
63,train,0.7517755031585693
63,train,0.9370712637901306
63,train,0.8959370851516724
63,train,0.923972487449646
63,train,0.693359375
63,train,0.804875910282135
63,train,1.128048300743103
63,train,1.1579288244247437
63,train,0.8394688963890076
63,train,0.6373313069343567
63,train,1.037943959236145
63,train,0.9264495968818665
63,train,0.8312112092971802
63,train,0.6589282155036926
63,train,0.8838046789169312
64,train,0.7300170660018921
64,train,0.7277465462684631
64,train,0.6189165711402893
64,train,0.7269669771194458
64,train,0.7232372760772705
64,train,0.8362889885902405
64,train,0.8768435120582581
64,train,0.6200652122497559
64,train,0.8109204769134521
64,train,1.0088880062103271
64,train,0.7264215350151062
64,train,0.9464634656906128
64,train,1.1597459316253662
64,train,1.183984398841858
64,train,0.6742559671401978
64,train,0.6935008764266968
64,train,1.0358930826187134
64,train,1.198507308959961
64,train,0.657191812992096
64,train,0.6812374591827393
65,train,0.5775486826896667
65,train,0.8467994928359985
65,train,0.874843180179596
65,train,0.767751157283783
65,train,1.1261004209518433
65,train,0.6556122303009033
65,train,0.6161197423934937
65,train,1.1128290891647339
65,train,0.920551598072052
65,train,0.8805996179580688
65,train,1.0776424407958984
65,train,1.1185141801834106
65,train,0.9196093082427979
65,train,0.8672025799751282
65,train,1.027348518371582
65,train,0.9746683835983276
65,train,1.0796184539794922
65,train,0.9249565601348877
65,train,0.7242326140403748
65,train,0.7551836967468262
66,train,0.9546133279800415
66,train,1.3547664880752563
66,train,1.2272495031356812
66,train,0.7255514860153198
66,train,0.765986979007721
66,train,1.3142309188842773
66,train,0.7611541152000427
66,train,0.8624784350395203
66,train,0.66765958070755
66,train,0.700581431388855
66,train,0.7341569662094116
66,train,0.9643654227256775
66,train,0.9588692784309387
66,train,0.7172848582267761
66,train,0.7173433899879456
66,train,0.9805551767349243
66,train,1.05191969871521
66,train,0.7902363538742065
66,train,0.9900257587432861
66,train,1.2747299671173096
67,train,0.6877580881118774
67,train,1.0012506246566772
67,train,0.8610978126525879
67,train,1.1490391492843628
67,train,0.8300840258598328
67,train,0.9500635862350464
67,train,1.4306343793869019
67,train,0.6886718273162842
67,train,0.7163317799568176
67,train,0.7496811151504517
67,train,0.70322585105896
67,train,0.9522965550422668
67,train,0.8654820919036865
67,train,1.1380149126052856
67,train,0.7014144062995911
67,train,0.6609154343605042
67,train,1.0427229404449463
67,train,0.9338807463645935
67,train,0.6790072917938232
67,train,0.6830556988716125
68,train,0.8987675309181213
68,train,1.3367887735366821
68,train,0.752774715423584
68,train,1.1541396379470825
68,train,0.6832255125045776
68,train,0.757469892501831
68,train,0.6899363398551941
68,train,0.742926836013794
68,train,0.6644566059112549
68,train,1.0172998905181885
68,train,0.9334825277328491
68,train,0.9327890276908875
68,train,0.7152314782142639
68,train,1.152316689491272
68,train,0.9328786134719849
68,train,0.8247421979904175
68,train,0.5872186422348022
68,train,0.7802730202674866
68,train,0.8617761135101318
68,train,0.7259373664855957
69,train,1.0661603212356567
69,train,0.6873588562011719
69,train,1.006266474723816
69,train,0.9325523972511292
69,train,1.0721375942230225
69,train,0.9104806184768677
69,train,0.6939267516136169
69,train,0.707687497138977
69,train,0.668887197971344
69,train,1.0829015970230103
69,train,0.6253693699836731
69,train,1.1725244522094727
69,train,0.8849987983703613
69,train,0.9833887815475464
69,train,0.6822717189788818
69,train,0.8518484830856323
69,train,0.8502129316329956
69,train,1.244951844215393
69,train,1.1064785718917847
69,train,0.7727091908454895
70,train,0.75102299451828
70,train,0.6749528646469116
70,train,0.9989315867424011
70,train,1.0641182661056519
70,train,1.128098487854004
70,train,0.664142370223999
70,train,1.1920485496520996
70,train,0.7187426090240479
70,train,0.8706274032592773
70,train,0.9935774803161621
70,train,1.29952871799469
70,train,0.8827317357063293
70,train,0.9100648164749146
70,train,0.7811172008514404
70,train,0.6955951452255249
70,train,0.8349528908729553
70,train,0.6010679006576538
70,train,1.2197227478027344
70,train,0.8470950722694397
70,train,0.8216915130615234
71,train,0.8093580007553101
71,train,0.671951413154602
71,train,0.780045747756958
71,train,1.111616611480713
71,train,0.7564385533332825
71,train,0.7025816440582275
71,train,0.7002522945404053
71,train,0.9581896662712097
71,train,0.7660446763038635
71,train,1.131061315536499
71,train,0.8777843117713928
71,train,0.918712854385376
71,train,0.9505636096000671
71,train,0.7602348923683167
71,train,0.7043246030807495
71,train,1.2854151725769043
71,train,0.8044546246528625
71,train,0.8186832666397095
71,train,0.7142369747161865
71,train,0.9154594540596008
72,train,0.9720278978347778
72,train,0.9000048041343689
72,train,0.6869811415672302
72,train,1.1314990520477295
72,train,1.2923705577850342
72,train,1.2250783443450928
72,train,0.8089335560798645
72,train,1.0363283157348633
72,train,0.7554747462272644
72,train,0.8506988286972046
72,train,1.1001900434494019
72,train,0.8415806889533997
72,train,0.6369797587394714
72,train,0.7389634251594543
72,train,0.6330321431159973
72,train,0.6824730634689331
72,train,0.7690988183021545
72,train,0.8399955630302429
72,train,0.6491819620132446
72,train,1.0958502292633057
73,train,0.7902268171310425
73,train,0.8116418123245239
73,train,0.8567810654640198
73,train,1.069024920463562
73,train,0.860725462436676
73,train,0.8485053181648254
73,train,0.747504711151123
73,train,0.8909881711006165
73,train,1.4878495931625366
73,train,0.9848224520683289
73,train,1.099843978881836
73,train,0.9071574211120605
73,train,0.6489347219467163
73,train,0.700877845287323
73,train,0.7330319285392761
73,train,0.69474196434021
73,train,1.0290262699127197
73,train,0.6542249917984009
73,train,0.9224090576171875
73,train,0.6369187235832214
74,train,0.7222269773483276
74,train,0.8005185127258301
74,train,0.8401225805282593
74,train,0.6713568568229675
74,train,0.6605033874511719
74,train,0.6843687891960144
74,train,0.7499591708183289
74,train,1.0770856142044067
74,train,0.8549550771713257
74,train,0.6318849325180054
74,train,0.7882382869720459
74,train,0.8348631262779236
74,train,0.8965139985084534
74,train,0.8217921257019043
74,train,0.7823666334152222
74,train,0.9528546929359436
74,train,0.9371581673622131
74,train,0.7496567368507385
74,train,0.8778415322303772
74,train,1.0595942735671997
75,train,1.8637183904647827
75,train,0.7800195217132568
75,train,1.0757319927215576
75,train,0.8942384123802185
75,train,0.7320520281791687
75,train,0.6351473331451416
75,train,0.6054166555404663
75,train,0.9139426350593567
75,train,1.0638329982757568
75,train,0.7600114345550537
75,train,0.8942593932151794
75,train,0.762561559677124
75,train,1.1928808689117432
75,train,0.6573997735977173
75,train,1.3299219608306885
75,train,0.8146575689315796
75,train,0.9150112271308899
75,train,0.7283051013946533
75,train,0.6694027781486511
75,train,0.966593861579895
76,train,0.7782072424888611
76,train,0.859380304813385
76,train,1.1028690338134766
76,train,0.6741814613342285
76,train,0.6575813293457031
76,train,0.9144312739372253
76,train,0.7168888449668884
76,train,0.5913492441177368
76,train,1.7015159130096436
76,train,0.8384029269218445
76,train,0.8698592185974121
76,train,0.6734386682510376
76,train,0.643854022026062
76,train,0.8788043856620789
76,train,0.6570915579795837
76,train,0.6512131690979004
76,train,0.7429848909378052
76,train,0.9621539115905762
76,train,0.8356239795684814
76,train,0.7304368019104004
77,train,0.8707059621810913
77,train,0.8125990033149719
77,train,0.8204587697982788
77,train,0.732255756855011
77,train,0.6474372148513794
77,train,0.9652112126350403
77,train,0.7160253524780273
77,train,0.9821746349334717
77,train,0.7074884176254272
77,train,0.7362160682678223
77,train,0.7563590407371521
77,train,0.8362972736358643
77,train,0.6561742424964905
77,train,0.9165031909942627
77,train,1.0681846141815186
77,train,1.010643482208252
77,train,1.0924288034439087
77,train,0.7446309328079224
77,train,0.7023412585258484
77,train,0.6585983633995056
78,train,0.5587189197540283
78,train,0.7230559587478638
78,train,0.8380799293518066
78,train,0.8682567477226257
78,train,1.0736485719680786
78,train,0.7898501753807068
78,train,0.6695218682289124
78,train,0.7661802768707275
78,train,0.9516858458518982
78,train,0.7629424333572388
78,train,0.8885897994041443
78,train,0.7684365510940552
78,train,0.6172239184379578
78,train,0.9174415469169617
78,train,0.8325223922729492
78,train,0.7291513681411743
78,train,1.1504848003387451
78,train,0.7173985838890076
78,train,0.9257853031158447
78,train,0.7870033383369446
79,train,0.7277355194091797
79,train,0.6473238468170166
79,train,0.6294665336608887
79,train,0.7510193586349487
79,train,0.9243003726005554
79,train,1.160378336906433
79,train,0.7105504870414734
79,train,0.8037698268890381
79,train,0.7978512048721313
79,train,1.048133373260498
79,train,0.9353756904602051
79,train,0.8601287603378296
79,train,0.7069825530052185
79,train,0.8887315988540649
79,train,0.9143247604370117
79,train,0.6984046697616577
79,train,0.9259340167045593
79,train,0.9027705192565918
79,train,0.6891565322875977
79,train,0.9771788120269775
80,train,0.7227460145950317
80,train,0.7322485446929932
80,train,0.7589166760444641
80,train,0.6868759989738464
80,train,0.9602952003479004
80,train,0.8442740440368652
80,train,0.8032236099243164
80,train,1.0439703464508057
80,train,0.6641747355461121
80,train,0.88506680727005
80,train,0.9016028046607971
80,train,1.0487147569656372
80,train,0.8709622025489807
80,train,0.9984886646270752
80,train,0.6464186310768127
80,train,0.6329407095909119
80,train,0.9110411405563354
80,train,0.7948166728019714
80,train,0.6282141804695129
80,train,0.6841681599617004
81,train,1.140466332435608
81,train,0.786017119884491
81,train,0.7854976058006287
81,train,0.6421762108802795
81,train,0.7105241417884827
81,train,0.9627025127410889
81,train,0.6234142184257507
81,train,0.696946918964386
81,train,1.0991053581237793
81,train,0.7768821716308594
81,train,1.032460331916809
81,train,0.8529388904571533
81,train,0.70179283618927
81,train,0.6316656470298767
81,train,0.7162156701087952
81,train,0.8722529411315918
81,train,0.826442539691925
81,train,0.9449209570884705
81,train,0.9091728925704956
81,train,0.6487151980400085
82,train,0.9478409290313721
82,train,0.7568733096122742
82,train,0.8655010461807251
82,train,0.639055073261261
82,train,0.9209724068641663
82,train,0.982232391834259
82,train,0.7314709424972534
82,train,1.2016972303390503
82,train,0.98188716173172
82,train,0.9208860993385315
82,train,0.6763937473297119
82,train,0.7993354797363281
82,train,1.0587329864501953
82,train,0.9535935521125793
82,train,0.6882742643356323
82,train,0.6817863583564758
82,train,0.7039422988891602
82,train,1.0257221460342407
82,train,0.7007067799568176
82,train,1.0415831804275513
83,train,0.8466689586639404
83,train,1.0727962255477905
83,train,1.3158271312713623
83,train,0.8001517057418823
83,train,1.0639350414276123
83,train,1.541630506515503
83,train,0.8531759977340698
83,train,0.6359415650367737
83,train,1.06805419921875
83,train,1.134916067123413
83,train,0.9750232696533203
83,train,0.8555205464363098
83,train,1.006245493888855
83,train,0.7090845704078674
83,train,0.9451017379760742
83,train,0.9476062655448914
83,train,0.7130764722824097
83,train,0.6222862601280212
83,train,0.6468623280525208
83,train,0.5953148007392883
84,train,0.7203670740127563
84,train,0.7357068657875061
84,train,0.8535388708114624
84,train,0.6837300658226013
84,train,0.957695722579956
84,train,0.9387270212173462
84,train,0.6819103956222534
84,train,0.7563843727111816
84,train,1.0186748504638672
84,train,0.6786295175552368
84,train,1.2508727312088013
84,train,0.7500850558280945
84,train,0.9459631443023682
84,train,0.6873407363891602
84,train,0.7275343537330627
84,train,0.9300910830497742
84,train,0.8313289284706116
84,train,0.6336269974708557
84,train,1.0534902811050415
84,train,1.12970769405365
85,train,0.6229503750801086
85,train,0.9448466300964355
85,train,0.9991415739059448
85,train,0.9055826663970947
85,train,0.6672086119651794
85,train,0.911133348941803
85,train,1.2319538593292236
85,train,0.8497676849365234
85,train,0.742357611656189
85,train,0.7200995683670044
85,train,0.6161869764328003
85,train,0.8716132640838623
85,train,0.7638603448867798
85,train,1.171919345855713
85,train,0.796048104763031
85,train,0.7842745780944824
85,train,0.9102206826210022
85,train,0.8133304119110107
85,train,0.5995767116546631
85,train,0.7434780597686768
86,train,0.8168749809265137
86,train,0.788930356502533
86,train,1.0835758447647095
86,train,1.042799949645996
86,train,1.1806907653808594
86,train,0.607864260673523
86,train,0.6892378926277161
86,train,0.8262151479721069
86,train,0.7915415167808533
86,train,0.7068954110145569
86,train,0.835716724395752
86,train,0.6919429898262024
86,train,0.676055908203125
86,train,0.7213806509971619
86,train,1.0135351419448853
86,train,0.6540982723236084
86,train,0.6268718838691711
86,train,0.9088501334190369
86,train,0.8860060572624207
86,train,1.0521529912948608
87,train,0.7431476712226868
87,train,0.980391800403595
87,train,0.7458994388580322
87,train,0.8262860178947449
87,train,0.7146980166435242
87,train,0.8155615329742432
87,train,0.6861335039138794
87,train,0.9494532942771912
87,train,0.8190024495124817
87,train,0.9534457921981812
87,train,0.6899209022521973
87,train,0.6682627201080322
87,train,0.7501412034034729
87,train,0.7074299454689026
87,train,0.9101036190986633
87,train,0.6136243343353271
87,train,0.7084862589836121
87,train,0.8939619064331055
87,train,1.0541939735412598
87,train,0.5457896590232849
88,train,0.8974158763885498
88,train,1.1010448932647705
88,train,0.7586429715156555
88,train,1.0291171073913574
88,train,0.8470903038978577
88,train,1.1372926235198975
88,train,0.9797844886779785
88,train,1.1656335592269897
88,train,1.0569418668746948
88,train,0.7234002351760864
88,train,0.9089977145195007
88,train,0.7900427579879761
88,train,1.0521594285964966
88,train,0.9944382905960083
88,train,0.9542500376701355
88,train,0.6826947331428528
88,train,0.9776065349578857
88,train,0.6816095113754272
88,train,1.2849175930023193
88,train,0.6674308180809021
89,train,1.093757152557373
89,train,0.7433559894561768
89,train,0.7747902870178223
89,train,1.019640564918518
89,train,0.7002749443054199
89,train,0.6271501779556274
89,train,0.7558050751686096
89,train,0.6539286971092224
89,train,0.6802065968513489
89,train,1.0004956722259521
89,train,0.9376936554908752
89,train,0.7187991738319397
89,train,0.66771000623703
89,train,0.7834267616271973
89,train,1.0137814283370972
89,train,0.8768044710159302
89,train,0.6713455319404602
89,train,0.9491838812828064
89,train,0.6837174296379089
89,train,1.0187944173812866
90,train,0.8601586222648621
90,train,0.9336012601852417
90,train,0.6954744458198547
90,train,0.7031660676002502
90,train,0.9655784368515015
90,train,0.8063713908195496
90,train,0.6954636573791504
90,train,0.658535361289978
90,train,0.884168267250061
90,train,0.7050613760948181
90,train,0.7219799757003784
90,train,0.7973528504371643
90,train,0.9332337975502014
90,train,0.9803506731987
90,train,0.8075752258300781
90,train,0.6737229228019714
90,train,0.8867356777191162
90,train,0.6918179988861084
90,train,1.100974678993225
90,train,0.6207363605499268
91,train,0.8205257654190063
91,train,0.8679019808769226
91,train,0.6462344527244568
91,train,1.0264973640441895
91,train,0.941087543964386
91,train,0.7202798128128052
91,train,0.7300013303756714
91,train,0.7748526334762573
91,train,0.6618541479110718
91,train,0.850945770740509
91,train,0.9756333827972412
91,train,1.0810043811798096
91,train,0.6990946531295776
91,train,0.9237400889396667
91,train,0.6885186433792114
91,train,0.7590538859367371
91,train,0.7183992862701416
91,train,0.6968204975128174
91,train,0.8030973672866821
91,train,1.1852712631225586
92,train,1.0273778438568115
92,train,0.7784518599510193
92,train,0.8166617751121521
92,train,0.8263546824455261
92,train,0.9345307946205139
92,train,0.8044913411140442
92,train,0.7033091187477112
92,train,0.8208382725715637
92,train,0.6695101261138916
92,train,0.8884061574935913
92,train,0.9956505298614502
92,train,0.832144021987915
92,train,0.7972477674484253
92,train,0.5965477228164673
92,train,1.3379818201065063
92,train,0.6428219676017761
92,train,0.9179733991622925
92,train,0.661448061466217
92,train,1.3578382730484009
92,train,0.6749758124351501
93,train,0.6103585958480835
93,train,0.6675355434417725
93,train,0.84055095911026
93,train,0.6220653057098389
93,train,1.014609456062317
93,train,0.8828430771827698
93,train,0.6528693437576294
93,train,0.8788758516311646
93,train,0.6259335279464722
93,train,0.7010704278945923
93,train,0.7423819303512573
93,train,0.7574730515480042
93,train,0.6655177474021912
93,train,0.9813090562820435
93,train,0.9621953368186951
93,train,0.9246509671211243
93,train,0.8120232224464417
93,train,1.087316632270813
93,train,0.9964595437049866
93,train,1.3901636600494385
94,train,0.7534317970275879
94,train,0.6527173519134521
94,train,0.7815611362457275
94,train,0.6553572416305542
94,train,0.8309049606323242
94,train,0.936874270439148
94,train,1.028818130493164
94,train,1.25627863407135
94,train,1.1093964576721191
94,train,0.641715943813324
94,train,0.7055174708366394
94,train,0.9980947971343994
94,train,0.9888417720794678
94,train,0.7262448668479919
94,train,0.8941406607627869
94,train,1.0637235641479492
94,train,0.8016341924667358
94,train,0.8839996457099915
94,train,0.7657346129417419
94,train,0.7828435897827148
95,train,0.9064755439758301
95,train,0.8274573683738708
95,train,1.0496357679367065
95,train,1.0453917980194092
95,train,0.7951939702033997
95,train,0.913661003112793
95,train,1.0485342741012573
95,train,0.7562658190727234
95,train,0.7382179498672485
95,train,0.9261062741279602
95,train,0.6860136389732361
95,train,0.8129549026489258
95,train,1.199324369430542
95,train,0.6938028335571289
95,train,0.6333335041999817
95,train,0.9316272139549255
95,train,1.02423095703125
95,train,0.7497144937515259
95,train,0.6233038306236267
95,train,0.7103231549263
96,train,1.0291945934295654
96,train,0.6284962296485901
96,train,0.9315743446350098
96,train,0.6529369354248047
96,train,0.8085479140281677
96,train,0.6937903165817261
96,train,0.6630342602729797
96,train,0.8853293657302856
96,train,0.8292005062103271
96,train,0.8139627575874329
96,train,0.8217988014221191
96,train,0.7409297227859497
96,train,0.9415544271469116
96,train,0.8643965721130371
96,train,0.6664521098136902
96,train,0.9347653985023499
96,train,0.7135449647903442
96,train,0.856941819190979
96,train,0.965733528137207
96,train,0.7832491993904114
97,train,0.6696712374687195
97,train,0.7109625339508057
97,train,0.6425520777702332
97,train,0.6198264956474304
97,train,0.5953803062438965
97,train,0.8694493770599365
97,train,1.0116832256317139
97,train,0.8054231405258179
97,train,0.9377170205116272
97,train,1.0224260091781616
97,train,0.6345694661140442
97,train,0.5786125659942627
97,train,0.7283746600151062
97,train,0.8777700662612915
97,train,0.7721570730209351
97,train,0.8935661911964417
97,train,1.040416955947876
97,train,0.6929445862770081
97,train,0.6955505609512329
97,train,0.7901517748832703
98,train,0.8372205495834351
98,train,0.9239611625671387
98,train,0.7973741292953491
98,train,1.070370078086853
98,train,0.6590839624404907
98,train,0.9149909019470215
98,train,0.6924793720245361
98,train,0.5878938436508179
98,train,0.7359501719474792
98,train,0.8529000282287598
98,train,0.6864331960678101
98,train,1.016526222229004
98,train,0.8284733295440674
98,train,1.2876806259155273
98,train,0.7036046981811523
98,train,0.9509441256523132
98,train,0.7400169968605042
98,train,0.8161343336105347
98,train,0.8291504979133606
98,train,0.774974524974823
99,train,0.7344349026679993
99,train,0.6653555035591125
99,train,0.6922492980957031
99,train,1.0797088146209717
99,train,0.654318630695343
99,train,1.1489434242248535
99,train,1.0831243991851807
99,train,0.7292205095291138
99,train,0.700708270072937
99,train,0.6379762291908264
99,train,1.1661789417266846
99,train,1.0146045684814453
99,train,0.687981128692627
99,train,0.7987996935844421
99,train,0.6914480328559875
99,train,0.9243364334106445
99,train,0.8725690841674805
99,train,0.730941891670227
99,train,0.7160612940788269
99,train,0.8311963081359863
100,train,0.7467807531356812
100,train,0.8908824920654297
100,train,0.659851610660553
100,train,0.6911072731018066
100,train,1.159806489944458
100,train,0.9559783339500427
100,train,0.6128947734832764
100,train,0.8686121106147766
100,train,0.9660469889640808
100,train,0.9354142546653748
100,train,1.011721134185791
100,train,1.166156530380249
100,train,0.9240410923957825
100,train,0.9652262330055237
100,train,0.994601309299469
100,train,0.6710975766181946
100,train,0.6790892481803894
100,train,0.6975586414337158
100,train,0.7045493125915527
100,train,0.7244336009025574
101,train,0.665602445602417
101,train,0.8735094666481018
101,train,0.6356395483016968
101,train,1.1046333312988281
101,train,0.6384202241897583
101,train,0.6932774186134338
101,train,0.8062433004379272
101,train,0.6714961528778076
101,train,0.8005149364471436
101,train,1.024160385131836
101,train,0.9422792196273804
101,train,0.6343880295753479
101,train,0.6533306837081909
101,train,0.8039581179618835
101,train,0.9574211239814758
101,train,0.8144274950027466
101,train,0.6398097276687622
101,train,0.80921471118927
101,train,1.091249942779541
101,train,0.6778032183647156
102,train,0.6672964692115784
102,train,0.6539503335952759
102,train,0.6569423675537109
102,train,0.6201406717300415
102,train,0.6924318075180054
102,train,0.6778776049613953
102,train,0.5978065133094788
102,train,0.9271966814994812
102,train,0.9105504751205444
102,train,0.6777423024177551
102,train,1.2104518413543701
102,train,1.0696563720703125
102,train,0.7715525031089783
102,train,0.7627155184745789
102,train,0.9082484245300293
102,train,1.1139482259750366
102,train,0.9282861948013306
102,train,0.7836389541625977
102,train,0.762880265712738
102,train,0.7763959169387817
103,train,0.8016123175621033
103,train,0.9500985145568848
103,train,0.6370761394500732
103,train,0.6566658616065979
103,train,0.6716750264167786
103,train,0.6383839249610901
103,train,0.7513341903686523
103,train,0.6939586400985718
103,train,1.0996965169906616
103,train,0.6556397080421448
103,train,0.8600959777832031
103,train,1.0031630992889404
103,train,0.8273437023162842
103,train,0.6777432560920715
103,train,0.817214846611023
103,train,0.5935568809509277
103,train,0.703772783279419
103,train,0.9813029766082764
103,train,0.8437849283218384
103,train,0.581501305103302
104,train,1.0109515190124512
104,train,0.8716959357261658
104,train,1.150874137878418
104,train,0.9652275443077087
104,train,0.9176108837127686
104,train,0.6771323084831238
104,train,1.0911047458648682
104,train,0.7239305973052979
104,train,0.7236381769180298
104,train,0.8691912889480591
104,train,0.729107141494751
104,train,0.8877293467521667
104,train,0.9271560311317444
104,train,0.6279054880142212
104,train,0.5952004194259644
104,train,0.7979574203491211
104,train,0.6637507081031799
104,train,0.665799081325531
104,train,0.8599287867546082
104,train,0.7540894150733948
105,train,1.0285000801086426
105,train,1.1622446775436401
105,train,1.0927366018295288
105,train,0.8941876888275146
105,train,0.6028908491134644
105,train,0.6327168941497803
105,train,0.7325937151908875
105,train,0.8414438962936401
105,train,0.5947470664978027
105,train,1.142930030822754
105,train,1.1578903198242188
105,train,0.6682652235031128
105,train,0.6299776434898376
105,train,0.5791553258895874
105,train,0.7079015970230103
105,train,0.5938272476196289
105,train,0.8678402304649353
105,train,0.6523047685623169
105,train,0.6370169520378113
105,train,0.8780349493026733
106,train,1.0215167999267578
106,train,0.9770851731300354
106,train,0.6098983287811279
106,train,0.6935812830924988
106,train,0.7798435688018799
106,train,0.6744164824485779
106,train,0.6900255084037781
106,train,0.981653094291687
106,train,0.8800997138023376
106,train,0.882493793964386
106,train,0.8053383231163025
106,train,0.6777324676513672
106,train,0.6638460159301758
106,train,0.9474166631698608
106,train,0.881753146648407
106,train,1.013757586479187
106,train,0.9245995879173279
106,train,0.6823985576629639
106,train,0.7261369228363037
106,train,0.9361038208007812
107,train,1.128574013710022
107,train,0.7871415615081787
107,train,0.864072859287262
107,train,0.8523883819580078
107,train,0.7036015391349792
107,train,1.0132217407226562
107,train,0.5898887515068054
107,train,0.8458799719810486
107,train,0.8683086633682251
107,train,0.899246871471405
107,train,0.865856409072876
107,train,1.0198452472686768
107,train,0.6748767495155334
107,train,1.3106789588928223
107,train,0.6735936999320984
107,train,1.1029047966003418
107,train,0.8105707764625549
107,train,0.6540667414665222
107,train,0.6313050985336304
107,train,0.6847759485244751
108,train,0.7103191614151001
108,train,0.6982449889183044
108,train,0.7373499274253845
108,train,0.9619521498680115
108,train,0.9309093952178955
108,train,0.7265070676803589
108,train,0.9038558602333069
108,train,0.5611459016799927
108,train,1.0393009185791016
108,train,1.2829008102416992
108,train,1.0301575660705566
108,train,0.6621834635734558
108,train,0.6736726760864258
108,train,0.7883896231651306
108,train,0.9390178918838501
108,train,1.0651445388793945
108,train,0.8373638391494751
108,train,1.078452706336975
108,train,0.8350858092308044
108,train,0.6940075159072876
109,train,0.6133187413215637
109,train,1.0181430578231812
109,train,0.7131066918373108
109,train,0.7058561444282532
109,train,0.8361978530883789
109,train,0.6075440049171448
109,train,0.7914658784866333
109,train,0.896538257598877
109,train,1.022911787033081
109,train,0.8382975459098816
109,train,0.8131412863731384
109,train,0.6863945126533508
109,train,0.7560228109359741
109,train,0.7034505605697632
109,train,0.7371799349784851
109,train,0.7054994106292725
109,train,0.7110105752944946
109,train,0.9830806255340576
109,train,0.6215254068374634
109,train,1.0295671224594116
110,train,0.8072739839553833
110,train,0.8849652409553528
110,train,0.6569145321846008
110,train,0.6685324311256409
110,train,0.6261828541755676
110,train,0.7744156122207642
110,train,0.8542059659957886
110,train,0.784690260887146
110,train,0.7023728489875793
110,train,0.6624032855033875
110,train,0.659763753414154
110,train,0.9925468564033508
110,train,0.6827681660652161
110,train,0.7456189393997192
110,train,0.9156335592269897
110,train,0.8779888153076172
110,train,0.6050688028335571
110,train,0.7372653484344482
110,train,0.7161577939987183
110,train,0.6227004528045654
111,train,0.8008990287780762
111,train,1.069798231124878
111,train,0.5934840440750122
111,train,0.8838018774986267
111,train,0.9898741841316223
111,train,0.726847767829895
111,train,0.8783251643180847
111,train,0.6868172287940979
111,train,0.8917174935340881
111,train,0.7049949765205383
111,train,0.6410298943519592
111,train,0.7502151131629944
111,train,0.785369336605072
111,train,1.1395553350448608
111,train,0.6599175930023193
111,train,1.0224379301071167
111,train,0.6829367876052856
111,train,1.067158818244934
111,train,1.033172845840454
111,train,0.772883415222168
112,train,0.8428285121917725
112,train,0.656578540802002
112,train,0.9262115955352783
112,train,0.9879297614097595
112,train,0.6995576620101929
112,train,0.8009352684020996
112,train,0.9018658399581909
112,train,0.6544231176376343
112,train,0.7854874134063721
112,train,0.909838080406189
112,train,1.0402778387069702
112,train,0.69846111536026
112,train,0.6772008538246155
112,train,0.6729773879051208
112,train,0.6116514801979065
112,train,0.7515434622764587
112,train,0.9424178004264832
112,train,0.7514698505401611
112,train,0.7753816843032837
112,train,0.8009599447250366
113,train,0.7491111159324646
113,train,0.7866281270980835
113,train,0.7198382019996643
113,train,0.6857588887214661
113,train,0.6155918836593628
113,train,0.741926908493042
113,train,1.0480507612228394
113,train,0.8699266314506531
113,train,0.6534618735313416
113,train,0.5742863416671753
113,train,0.8528509736061096
113,train,0.6415937542915344
113,train,0.6242895126342773
113,train,0.8252535462379456
113,train,0.8743099570274353
113,train,0.8592124581336975
113,train,1.0043575763702393
113,train,0.7013607025146484
113,train,0.8342685699462891
113,train,0.8318358063697815
114,train,0.8109132051467896
114,train,0.699844479560852
114,train,0.889642596244812
114,train,0.6251935362815857
114,train,0.7179943323135376
114,train,1.0528444051742554
114,train,0.6143302917480469
114,train,0.8753384351730347
114,train,0.6625685691833496
114,train,0.6313763856887817
114,train,0.8693674206733704
114,train,0.6184269189834595
114,train,0.7755207419395447
114,train,0.9558398127555847
114,train,0.663084089756012
114,train,0.6232729554176331
114,train,0.7202045917510986
114,train,0.673041820526123
114,train,0.6715744733810425
114,train,0.6235442757606506
115,train,0.8682820796966553
115,train,1.1430327892303467
115,train,0.9380856156349182
115,train,0.6956714391708374
115,train,0.9475581049919128
115,train,0.6798260807991028
115,train,0.6766065955162048
115,train,0.9995293021202087
115,train,0.6847243905067444
115,train,1.0421721935272217
115,train,0.9729954600334167
115,train,0.8708050847053528
115,train,0.8672544956207275
115,train,0.6650429964065552
115,train,0.7029562592506409
115,train,0.789052426815033
115,train,1.1292685270309448
115,train,0.6503285765647888
115,train,0.9328795075416565
115,train,1.0164417028427124
116,train,0.7443466186523438
116,train,0.9894540309906006
116,train,0.7099100351333618
116,train,0.9559580087661743
116,train,0.8018406629562378
116,train,0.6772716045379639
116,train,0.5991979241371155
116,train,0.6486403346061707
116,train,0.8958384990692139
116,train,0.8809151649475098
116,train,0.7984941601753235
116,train,1.0113904476165771
116,train,0.5956945419311523
116,train,0.7375805377960205
116,train,0.6936626434326172
116,train,0.9353188276290894
116,train,0.9136301875114441
116,train,0.6640946269035339
116,train,0.9993726015090942
116,train,0.6638025045394897
117,train,0.6503744721412659
117,train,0.8774455189704895
117,train,0.6520398259162903
117,train,0.8596963286399841
117,train,0.9093688726425171
117,train,0.9894607067108154
117,train,0.5741315484046936
117,train,0.7692620754241943
117,train,1.0302097797393799
117,train,0.6145544648170471
117,train,0.9483470916748047
117,train,0.8433167934417725
117,train,0.7366142868995667
117,train,0.9567487835884094
117,train,0.7863492965698242
117,train,0.6226966381072998
117,train,0.714150071144104
117,train,0.5873100161552429
117,train,1.0016683340072632
117,train,0.799044668674469
118,train,0.8094432353973389
118,train,0.7836766839027405
118,train,0.663033127784729
118,train,0.7959867119789124
118,train,0.9224699139595032
118,train,1.1216182708740234
118,train,0.8899637460708618
118,train,0.5733215808868408
118,train,0.5739694237709045
118,train,0.9490991234779358
118,train,0.6064255833625793
118,train,0.8524210453033447
118,train,0.6211380958557129
118,train,1.0418366193771362
118,train,0.996042788028717
118,train,0.9386680126190186
118,train,0.6146233081817627
118,train,1.0693368911743164
118,train,0.8455563187599182
118,train,0.6193910837173462
119,train,0.9777088761329651
119,train,1.1058616638183594
119,train,0.8832221627235413
119,train,0.9352965354919434
119,train,0.9022387266159058
119,train,0.7349520325660706
119,train,1.0759061574935913
119,train,0.879258930683136
119,train,0.779740035533905
119,train,0.6665153503417969
119,train,0.8674407601356506
119,train,0.7597212791442871
119,train,0.673852264881134
119,train,0.9432342648506165
119,train,1.1250957250595093
119,train,0.6625867486000061
119,train,0.8013241291046143
119,train,0.8277824521064758
119,train,0.6660805940628052
119,train,0.7638217806816101
120,train,0.6420905590057373
120,train,1.07277512550354
120,train,0.8313958048820496
120,train,0.8167867660522461
120,train,0.6825299859046936
120,train,0.9432870149612427
120,train,0.6818670630455017
120,train,0.6497653722763062
120,train,0.8982188701629639
120,train,0.8273155689239502
120,train,0.6853939890861511
120,train,0.7758602499961853
120,train,0.8417986035346985
120,train,0.737456738948822
120,train,0.9794142246246338
120,train,0.682508111000061
120,train,0.6301271915435791
120,train,0.9627228379249573
120,train,0.7669729590415955
120,train,0.6607217192649841
121,train,0.6625834107398987
121,train,0.854743242263794
121,train,0.6964130997657776
121,train,0.6396752595901489
121,train,0.622261106967926
121,train,0.6430584192276001
121,train,0.886003851890564
121,train,0.7786865830421448
121,train,0.9587635397911072
121,train,0.8042017817497253
121,train,0.6236134171485901
121,train,0.5905888080596924
121,train,0.7572430968284607
121,train,0.8825129866600037
121,train,0.6901422739028931
121,train,0.9081225395202637
121,train,0.6627838611602783
121,train,0.6962665319442749
121,train,0.6402589678764343
121,train,0.624200701713562
122,train,0.7359391450881958
122,train,1.1216506958007812
122,train,0.6827383637428284
122,train,0.6539231538772583
122,train,0.8625267148017883
122,train,0.6633784174919128
122,train,0.6474835276603699
122,train,0.6415371298789978
122,train,0.6141166090965271
122,train,0.619763970375061
122,train,0.7191600203514099
122,train,0.5829086303710938
122,train,0.5644081234931946
122,train,0.9471490979194641
122,train,0.7090715169906616
122,train,0.9649683833122253
122,train,0.9183085560798645
122,train,0.7019289135932922
122,train,0.894000768661499
122,train,0.7991076707839966
123,train,0.6464119553565979
123,train,0.7064817547798157
123,train,0.7048249840736389
123,train,0.6334364414215088
123,train,0.7673313617706299
123,train,0.6449042558670044
123,train,1.0523124933242798
123,train,1.0330005884170532
123,train,0.9763627052307129
123,train,0.6354078054428101
123,train,0.8461864590644836
123,train,0.9265680313110352
123,train,1.2254170179367065
123,train,0.859311580657959
123,train,0.6068010330200195
123,train,0.6602370738983154
123,train,0.8487716913223267
123,train,0.6446437239646912
123,train,0.8933753967285156
123,train,0.7750239968299866
124,train,0.8958537578582764
124,train,0.7608237862586975
124,train,0.8341542482376099
124,train,0.7038712501525879
124,train,0.6343538761138916
124,train,0.6724242568016052
124,train,0.6559934020042419
124,train,0.7759749293327332
124,train,0.689368724822998
124,train,0.8931159377098083
124,train,0.7694578766822815
124,train,0.8362035155296326
124,train,0.7186399698257446
124,train,0.6643768548965454
124,train,0.7305965423583984
124,train,0.8710900545120239
124,train,1.0843281745910645
124,train,0.7489246726036072
124,train,0.7567198872566223
124,train,0.6382430195808411
125,train,0.798990786075592
125,train,1.0145790576934814
125,train,0.9520089626312256
125,train,0.6910919547080994
125,train,0.711972177028656
125,train,0.882792055606842
125,train,0.6210984587669373
125,train,0.9849395751953125
125,train,0.7591854333877563
125,train,0.6270405650138855
125,train,0.6944044232368469
125,train,0.7338244915008545
125,train,0.956418514251709
125,train,0.8942689895629883
125,train,0.6619619131088257
125,train,0.7633105516433716
125,train,0.7740673422813416
125,train,0.8055863976478577
125,train,0.8275275826454163
125,train,0.638730525970459
126,train,0.6403571367263794
126,train,0.8918158411979675
126,train,0.9411755204200745
126,train,0.9735750555992126
126,train,0.850516140460968
126,train,0.9927909970283508
126,train,0.6733188033103943
126,train,0.6517506241798401
126,train,0.6792185306549072
126,train,0.6665626168251038
126,train,0.6645734906196594
126,train,1.0111087560653687
126,train,0.6290130019187927
126,train,0.806006133556366
126,train,1.0619133710861206
126,train,0.663650393486023
126,train,0.8448054790496826
126,train,0.7026211619377136
126,train,1.161452054977417
126,train,0.7191764116287231
127,train,0.5817915797233582
127,train,0.5954985618591309
127,train,0.6861035823822021
127,train,0.751803994178772
127,train,0.5920752882957458
127,train,0.964267373085022
127,train,0.8171378970146179
127,train,0.6294698119163513
127,train,0.5964583158493042
127,train,0.8674237728118896
127,train,0.7635064721107483
127,train,0.7461941838264465
127,train,0.6775816082954407
127,train,0.6954943537712097
127,train,1.0675712823867798
127,train,0.8363010883331299
127,train,0.9253503084182739
127,train,0.8941584825515747
127,train,0.6088996529579163
127,train,0.6237369775772095
128,train,0.7278509140014648
128,train,0.8018369078636169
128,train,0.6653792858123779
128,train,0.6530625224113464
128,train,0.8326355814933777
128,train,0.6375601291656494
128,train,0.8366442918777466
128,train,0.7850599884986877
128,train,0.6016246676445007
128,train,0.6066572666168213
128,train,0.7719982862472534
128,train,0.6776214838027954
128,train,0.8734017014503479
128,train,0.9976801872253418
128,train,0.6522625684738159
128,train,0.7568199634552002
128,train,0.8440685272216797
128,train,0.6980785131454468
128,train,0.6438727974891663
128,train,0.7907688021659851
129,train,0.6577696800231934
129,train,0.7634900808334351
129,train,0.6332266926765442
129,train,0.8854414224624634
129,train,1.0289943218231201
129,train,0.9476186633110046
129,train,0.7508395314216614
129,train,0.6948742866516113
129,train,0.9406242966651917
129,train,0.8747777342796326
129,train,0.726985514163971
129,train,0.812333881855011
129,train,0.6326791048049927
129,train,0.7067232131958008
129,train,0.647162914276123
129,train,0.8817444443702698
129,train,0.8754335641860962
129,train,1.0760449171066284
129,train,0.6312394142150879
129,train,0.6468718647956848
130,train,0.6064644455909729
130,train,0.7480595707893372
130,train,0.8344030380249023
130,train,0.7035190463066101
130,train,0.7263346314430237
130,train,0.729167640209198
130,train,0.701303243637085
130,train,0.688245952129364
130,train,0.6595069169998169
130,train,1.0366829633712769
130,train,0.6857790946960449
130,train,0.6663923263549805
130,train,0.8103352785110474
130,train,0.9470838308334351
130,train,0.639387845993042
130,train,1.1259101629257202
130,train,0.8990034461021423
130,train,0.8978824019432068
130,train,0.7847777009010315
130,train,0.9093265533447266
131,train,0.784659206867218
131,train,0.9514796733856201
131,train,0.9387309551239014
131,train,0.9521750211715698
131,train,1.0339329242706299
131,train,0.6116981506347656
131,train,0.548738420009613
131,train,0.9834291934967041
131,train,1.060638666152954
131,train,0.6944363713264465
131,train,0.5109695196151733
131,train,0.9931985139846802
131,train,0.904942512512207
131,train,0.6326038837432861
131,train,0.9196262955665588
131,train,0.9324727654457092
131,train,0.7795373201370239
131,train,1.0753755569458008
131,train,0.6290444731712341
131,train,0.740347146987915
132,train,0.7766331434249878
132,train,0.8062587976455688
132,train,0.8473285436630249
132,train,0.583746075630188
132,train,0.8699106574058533
132,train,0.6805137395858765
132,train,0.6901651620864868
132,train,0.9199175834655762
132,train,0.7267263531684875
132,train,0.902783215045929
132,train,0.7637748718261719
132,train,0.6872962713241577
132,train,0.868032693862915
132,train,0.6274316310882568
132,train,1.2034151554107666
132,train,0.9634317755699158
132,train,0.8991514444351196
132,train,0.9867746829986572
132,train,0.8883643746376038
132,train,0.8579272031784058
133,train,0.6741565465927124
133,train,0.6602464914321899
133,train,1.0533684492111206
133,train,0.7853052616119385
133,train,1.0518102645874023
133,train,1.1365814208984375
133,train,0.9894368648529053
133,train,0.7371887564659119
133,train,0.6762831807136536
133,train,0.9039859771728516
133,train,0.8949077725410461
133,train,0.8267159461975098
133,train,0.7871916890144348
133,train,0.7256207466125488
133,train,0.6022999286651611
133,train,0.574461042881012
133,train,0.6488617062568665
133,train,0.9094711542129517
133,train,0.8477916717529297
133,train,0.6633394956588745
134,train,1.0139788389205933
134,train,0.6570334434509277
134,train,0.580828070640564
134,train,0.8212783932685852
134,train,0.6188604235649109
134,train,0.7662867903709412
134,train,0.9374829530715942
134,train,0.5894321203231812
134,train,0.7836984395980835
134,train,0.9215919375419617
134,train,0.9087803959846497
134,train,0.8647990822792053
134,train,0.8932116031646729
134,train,0.9788640737533569
134,train,0.6632619500160217
134,train,0.6148507595062256
134,train,0.8987106084823608
134,train,1.001879096031189
134,train,0.878770112991333
134,train,0.8591662049293518
135,train,0.7479121088981628
135,train,0.952570378780365
135,train,0.9205895066261292
135,train,0.754291296005249
135,train,0.7841894626617432
135,train,0.644740879535675
135,train,0.8035358786582947
135,train,0.5904849171638489
135,train,0.7512058019638062
135,train,0.6147647500038147
135,train,0.7266477346420288
135,train,0.764845609664917
135,train,0.8738936185836792
135,train,0.6778257489204407
135,train,0.5759462714195251
135,train,0.785588264465332
135,train,1.0056830644607544
135,train,0.6421704292297363
135,train,1.2433127164840698
135,train,0.6645272374153137
136,train,1.0458225011825562
136,train,0.7170647978782654
136,train,1.0737273693084717
136,train,1.0187160968780518
136,train,0.6300497055053711
136,train,0.5835118293762207
136,train,0.7428025007247925
136,train,0.8425197601318359
136,train,0.5962428450584412
136,train,0.6716829538345337
136,train,0.8967714309692383
136,train,0.8298625946044922
136,train,0.7604466080665588
136,train,0.8957223296165466
136,train,0.755499005317688
136,train,0.7976847887039185
136,train,0.912501335144043
136,train,0.7893945574760437
136,train,1.0554649829864502
136,train,1.0185233354568481
137,train,0.5821067690849304
137,train,0.937576949596405
137,train,0.828670084476471
137,train,0.9419752359390259
137,train,0.706150233745575
137,train,0.6359938383102417
137,train,0.6582097411155701
137,train,0.7237346172332764
137,train,0.8025296926498413
137,train,0.9033503532409668
137,train,0.6411367654800415
137,train,0.7554603219032288
137,train,0.6107310652732849
137,train,0.6197618842124939
137,train,0.5941491723060608
137,train,0.9515111446380615
137,train,0.833153486251831
137,train,0.6438683271408081
137,train,0.6852970123291016
137,train,0.846066415309906
138,train,0.6435105204582214
138,train,0.6598256826400757
138,train,0.6468266844749451
138,train,0.8080705404281616
138,train,0.7373750805854797
138,train,0.8189204931259155
138,train,0.5883713364601135
138,train,0.775897204875946
138,train,0.6515253782272339
138,train,0.6969309449195862
138,train,0.6213633418083191
138,train,0.9212538599967957
138,train,0.6680337190628052
138,train,0.9731809496879578
138,train,0.631880521774292
138,train,0.7756760716438293
138,train,0.6954064965248108
138,train,0.7224889993667603
138,train,0.7275771498680115
138,train,0.6497827172279358
139,train,0.7555723786354065
139,train,0.5973919630050659
139,train,0.5914521217346191
139,train,0.6383026838302612
139,train,0.5525432229042053
139,train,0.851454496383667
139,train,0.8813741207122803
139,train,0.6974352598190308
139,train,0.6873222589492798
139,train,0.6571854948997498
139,train,0.8687633275985718
139,train,0.8374832272529602
139,train,0.6918436288833618
139,train,0.9696571230888367
139,train,0.7238976359367371
139,train,0.9557825922966003
139,train,0.757089376449585
139,train,0.9706007838249207
139,train,0.8757832646369934
139,train,0.6652349233627319
140,train,0.7542688250541687
140,train,0.6355329155921936
140,train,1.265020728111267
140,train,0.8040274381637573
140,train,0.8401468396186829
140,train,0.7966135740280151
140,train,0.618441104888916
140,train,0.6256154775619507
140,train,0.9116213321685791
140,train,0.5989344120025635
140,train,0.5798582434654236
140,train,0.7351930141448975
140,train,0.9758442640304565
140,train,0.862131655216217
140,train,0.9159340858459473
140,train,0.8795150518417358
140,train,0.6355530023574829
140,train,0.8292808532714844
140,train,0.7038343548774719
140,train,0.7303203344345093
141,train,0.6262694597244263
141,train,0.7369392514228821
141,train,0.6340640187263489
141,train,0.5899884700775146
141,train,0.6677370071411133
141,train,0.7546929121017456
141,train,0.8995838761329651
141,train,0.7202262878417969
141,train,0.6349178552627563
141,train,0.9077284932136536
141,train,0.7753811478614807
141,train,0.6638481616973877
141,train,0.7786312699317932
141,train,0.5641849040985107
141,train,1.1252511739730835
141,train,0.5901343822479248
141,train,1.0351256132125854
141,train,0.9483176469802856
141,train,0.7734101414680481
141,train,0.9506797790527344
142,train,0.8771402835845947
142,train,1.0666213035583496
142,train,0.9179868698120117
142,train,0.6548130512237549
142,train,0.7088908553123474
142,train,0.691808819770813
142,train,1.059544563293457
142,train,0.7034730911254883
142,train,0.9183297753334045
142,train,0.7631384134292603
142,train,0.9608471989631653
142,train,0.6172007322311401
142,train,0.6306332945823669
142,train,0.5708918571472168
142,train,0.9982466101646423
142,train,1.0220779180526733
142,train,0.7525107264518738
142,train,0.8221076726913452
142,train,0.6372569799423218
142,train,0.6020979285240173
143,train,0.6047642827033997
143,train,0.9701745510101318
143,train,0.6675892472267151
143,train,0.5834818482398987
143,train,0.9911519885063171
143,train,0.6010279059410095
143,train,0.6409748792648315
143,train,0.7512566447257996
143,train,0.8075701594352722
143,train,0.8737540245056152
143,train,0.7268261313438416
143,train,0.6051934361457825
143,train,0.7095375061035156
143,train,0.7370294332504272
143,train,0.7856009602546692
143,train,0.7000756859779358
143,train,0.62060546875
143,train,0.6214423179626465
143,train,0.9255659580230713
143,train,0.587227463722229
144,train,0.732890248298645
144,train,0.8858861923217773
144,train,0.5947064757347107
144,train,0.806184709072113
144,train,0.931655764579773
144,train,0.8288294076919556
144,train,0.8267205357551575
144,train,0.6309894323348999
144,train,0.8658707737922668
144,train,0.7672275304794312
144,train,1.1873221397399902
144,train,0.6616652607917786
144,train,0.9014502763748169
144,train,0.7803677916526794
144,train,0.7274351716041565
144,train,0.5809957385063171
144,train,0.7226126194000244
144,train,0.9178048372268677
144,train,0.9562838673591614
144,train,0.7716529369354248
145,train,0.7142892479896545
145,train,0.8460002541542053
145,train,0.9597015380859375
145,train,0.6578463912010193
145,train,0.9670594334602356
145,train,0.7132604122161865
145,train,0.7251679301261902
145,train,0.9511184096336365
145,train,0.879360020160675
145,train,0.815413773059845
145,train,0.916366696357727
145,train,0.6110658645629883
145,train,0.9194284677505493
145,train,0.5991633534431458
145,train,0.8448235988616943
145,train,0.9466499090194702
145,train,0.8846544623374939
145,train,0.7229011058807373
145,train,0.7434093356132507
145,train,0.8758066296577454
146,train,0.7168095707893372
146,train,0.6109517216682434
146,train,1.0873892307281494
146,train,0.8065452575683594
146,train,0.6364595890045166
146,train,0.6363064646720886
146,train,0.616324782371521
146,train,0.8176884651184082
146,train,0.7104856967926025
146,train,1.0028995275497437
146,train,0.8290279507637024
146,train,0.777500331401825
146,train,0.9411197304725647
146,train,0.8536435961723328
146,train,0.6400245428085327
146,train,1.0789735317230225
146,train,0.8329521417617798
146,train,0.6283099055290222
146,train,0.8401688933372498
146,train,0.7500758171081543
147,train,0.8461779356002808
147,train,0.998933732509613
147,train,0.6295271515846252
147,train,0.9778026938438416
147,train,0.6766440868377686
147,train,0.6227041482925415
147,train,0.7981320023536682
147,train,0.5930982232093811
147,train,0.9429685473442078
147,train,0.6315149664878845
147,train,0.6896308064460754
147,train,0.6667293906211853
147,train,0.6720057725906372
147,train,0.8064384460449219
147,train,0.8308148384094238
147,train,0.8180785179138184
147,train,0.7766324877738953
147,train,1.063705325126648
147,train,0.5618910789489746
147,train,0.8775025010108948
148,train,0.7413755059242249
148,train,0.5988747477531433
148,train,0.8999118804931641
148,train,0.8010406494140625
148,train,0.8136042952537537
148,train,0.6628751158714294
148,train,0.8244159817695618
148,train,1.0818299055099487
148,train,0.6164726614952087
148,train,0.5942277312278748
148,train,0.7227774858474731
148,train,0.6329103708267212
148,train,0.7956333756446838
148,train,0.7504820227622986
148,train,0.7058997750282288
148,train,0.9567745923995972
148,train,0.6337441205978394
148,train,0.9900376796722412
148,train,1.0605825185775757
148,train,0.6376917958259583
149,train,0.7105661630630493
149,train,0.5928194522857666
149,train,0.7204702496528625
149,train,0.6930306553840637
149,train,1.0630245208740234
149,train,0.6016979813575745
149,train,0.7454513907432556
149,train,0.5923779010772705
149,train,1.2749379873275757
149,train,0.6034677624702454
149,train,0.8615711331367493
149,train,0.7535161972045898
149,train,0.6329562067985535
149,train,0.6396439671516418
149,train,0.6573039293289185
149,train,0.8551304340362549
149,train,0.7805314660072327
149,train,1.0562962293624878
149,train,0.7013258337974548
149,train,0.6109678149223328
150,train,0.8436025381088257
150,train,0.5737929940223694
150,train,0.6314549446105957
150,train,0.7034656405448914
150,train,0.7152108550071716
150,train,1.0600135326385498
150,train,1.0937635898590088
150,train,0.8710111975669861
150,train,0.6787456274032593
150,train,0.7237120866775513
150,train,0.8771620988845825
150,train,0.7784689664840698
150,train,0.6025007963180542
150,train,0.8012625575065613
150,train,0.7318530082702637
150,train,0.6985670328140259
150,train,0.7045763731002808
150,train,0.8553531765937805
150,train,0.627092719078064
150,train,0.6060528755187988
151,train,0.7792147397994995
151,train,0.5792257785797119
151,train,0.61197829246521
151,train,0.644878089427948
151,train,0.8192338943481445
151,train,0.5913277268409729
151,train,0.660991907119751
151,train,0.6767686605453491
151,train,0.770841658115387
151,train,0.7092711329460144
151,train,0.7235251069068909
151,train,0.888140082359314
151,train,1.0384531021118164
151,train,0.9678071737289429
151,train,0.8512387275695801
151,train,0.793889045715332
151,train,0.7431783676147461
151,train,0.565734326839447
151,train,0.9964988231658936
151,train,0.5930418968200684
152,train,0.5829511880874634
152,train,0.6396695375442505
152,train,0.5871609449386597
152,train,0.9431784749031067
152,train,0.978279173374176
152,train,0.9967460632324219
152,train,0.7486733198165894
152,train,0.6915358304977417
152,train,0.653793454170227
152,train,0.6337438225746155
152,train,0.6034634113311768
152,train,0.7413970828056335
152,train,0.8328660130500793
152,train,1.1499501466751099
152,train,0.8980811834335327
152,train,0.6432490348815918
152,train,1.0982904434204102
152,train,0.653242826461792
152,train,0.979124903678894
152,train,0.7170204520225525
153,train,0.6795552372932434
153,train,0.709604799747467
153,train,0.6043475270271301
153,train,0.6703062057495117
153,train,1.3199284076690674
153,train,0.6570272445678711
153,train,0.6780599355697632
153,train,0.651273250579834
153,train,0.7518913149833679
153,train,0.6315857768058777
153,train,0.8006575703620911
153,train,1.066340684890747
153,train,0.6187286376953125
153,train,0.6379663348197937
153,train,0.6234458684921265
153,train,0.6595579385757446
153,train,0.696584165096283
153,train,0.7379918098449707
153,train,0.7973722815513611
153,train,0.7560098767280579
154,train,0.8084127306938171
154,train,0.796788215637207
154,train,0.6325274109840393
154,train,0.7085791230201721
154,train,1.1234185695648193
154,train,0.6594529747962952
154,train,0.6258800029754639
154,train,0.6579987406730652
154,train,0.7656660676002502
154,train,0.6809574961662292
154,train,0.6653984189033508
154,train,0.6677750945091248
154,train,0.6301740407943726
154,train,0.6752895712852478
154,train,0.7712386250495911
154,train,0.6401289105415344
154,train,0.7028046250343323
154,train,0.732869029045105
154,train,0.6115806698799133
154,train,0.9328067302703857
155,train,0.7532131671905518
155,train,0.6105583310127258
155,train,0.80953449010849
155,train,0.8215931057929993
155,train,0.7267609238624573
155,train,0.6833993196487427
155,train,0.6603463292121887
155,train,0.6427294611930847
155,train,0.7763559222221375
155,train,0.5454506278038025
155,train,0.757172167301178
155,train,0.6003920435905457
155,train,0.6770620942115784
155,train,0.8175719380378723
155,train,0.8312644362449646
155,train,0.5479743480682373
155,train,0.8230889439582825
155,train,1.0076221227645874
155,train,0.6892471313476562
155,train,0.8650681972503662
156,train,0.7002617716789246
156,train,0.7068855166435242
156,train,0.6665570139884949
156,train,0.824535608291626
156,train,0.9285746216773987
156,train,0.6593789458274841
156,train,0.9116910099983215
156,train,0.9366346597671509
156,train,0.7608048915863037
156,train,0.9281603693962097
156,train,0.6742488741874695
156,train,0.731012761592865
156,train,0.6353496313095093
156,train,0.6948946714401245
156,train,0.79068922996521
156,train,0.6308937072753906
156,train,0.6671451926231384
156,train,0.7541154026985168
156,train,0.8442927598953247
156,train,0.8755190968513489
157,train,0.7355703115463257
157,train,0.5340068936347961
157,train,0.9953671097755432
157,train,0.7621816396713257
157,train,0.8436141014099121
157,train,1.080086588859558
157,train,0.8621358871459961
157,train,0.6472129225730896
157,train,0.6935355067253113
157,train,0.9790634512901306
157,train,0.6802191138267517
157,train,0.8500121235847473
157,train,0.6204097270965576
157,train,0.8092957139015198
157,train,0.768967866897583
157,train,0.6917119026184082
157,train,0.7111987471580505
157,train,0.5961626172065735
157,train,0.8846883177757263
157,train,0.6409727931022644
158,train,0.6038028597831726
158,train,0.7376841306686401
158,train,0.6299299597740173
158,train,0.8517442941665649
158,train,0.5946635007858276
158,train,0.8526319265365601
158,train,0.7218055725097656
158,train,0.6441289186477661
158,train,0.7508026361465454
158,train,1.1039884090423584
158,train,0.5881365537643433
158,train,1.0435373783111572
158,train,0.5948112607002258
158,train,0.6018240451812744
158,train,0.78546541929245
158,train,0.8600245118141174
158,train,1.1130400896072388
158,train,1.0496395826339722
158,train,0.65077805519104
158,train,0.604798436164856
159,train,0.7582778930664062
159,train,0.8522171378135681
159,train,0.8220234513282776
159,train,0.6137072443962097
159,train,0.9727553129196167
159,train,0.6302898526191711
159,train,0.7041481137275696
159,train,0.661332905292511
159,train,0.6497476696968079
159,train,0.7051697969436646
159,train,0.8250525593757629
159,train,0.7188984751701355
159,train,0.5985921621322632
159,train,0.7187763452529907
159,train,0.6763799786567688
159,train,0.7932344675064087
159,train,0.9957414269447327
159,train,0.6685441136360168
159,train,0.5849952697753906
159,train,0.5917835831642151
160,train,1.0589956045150757
160,train,0.9814501404762268
160,train,0.6189648509025574
160,train,0.8969358205795288
160,train,0.9912208914756775
160,train,0.745495617389679
160,train,1.0735352039337158
160,train,0.6149918437004089
160,train,1.1141653060913086
160,train,0.9192149639129639
160,train,0.7725650668144226
160,train,0.603682816028595
160,train,0.5583608746528625
160,train,0.6321117281913757
160,train,0.615541398525238
160,train,0.5541519522666931
160,train,0.8448132872581482
160,train,0.7047749161720276
160,train,0.8924153447151184
160,train,0.6013294458389282
161,train,0.6169301867485046
161,train,0.6383157968521118
161,train,0.7714700102806091
161,train,0.807620108127594
161,train,0.5951020121574402
161,train,0.5879640579223633
161,train,0.7309353947639465
161,train,0.870965301990509
161,train,0.8162006735801697
161,train,0.5971226692199707
161,train,0.7924362421035767
161,train,0.607335090637207
161,train,0.6441425085067749
161,train,0.7651793360710144
161,train,0.6446150541305542
161,train,0.8990010023117065
161,train,0.8517817258834839
161,train,0.6346865296363831
161,train,0.8689804673194885
161,train,0.6025614738464355
162,train,0.869467556476593
162,train,0.9679981470108032
162,train,0.5445778369903564
162,train,0.8269764184951782
162,train,0.9855794310569763
162,train,0.6726950407028198
162,train,0.7081634998321533
162,train,0.5848103761672974
162,train,0.7269266843795776
162,train,0.588534951210022
162,train,0.9793911576271057
162,train,0.7920112013816833
162,train,0.6628080606460571
162,train,0.6203163862228394
162,train,0.8448063135147095
162,train,0.6412256360054016
162,train,0.9284603595733643
162,train,0.8701943755149841
162,train,0.8142550587654114
162,train,0.8981673121452332
163,train,0.968166708946228
163,train,0.68193519115448
163,train,0.7727464437484741
163,train,0.5766071081161499
163,train,0.644767701625824
163,train,0.7536224126815796
163,train,0.6502865552902222
163,train,0.7484039664268494
163,train,0.7479454278945923
163,train,0.6338383555412292
163,train,0.8497028946876526
163,train,0.9454967975616455
163,train,0.8333964347839355
163,train,0.9082927107810974
163,train,0.6838347315788269
163,train,0.9235964417457581
163,train,0.8391762971878052
163,train,0.7329189777374268
163,train,0.632900595664978
163,train,0.733471155166626
164,train,0.7665113806724548
164,train,0.6455160975456238
164,train,0.6947713494300842
164,train,0.6307283639907837
164,train,0.7574878931045532
164,train,0.677819013595581
164,train,0.6822190880775452
164,train,0.5873013138771057
164,train,0.9228325486183167
164,train,0.6207776665687561
164,train,0.6984084844589233
164,train,0.7177608013153076
164,train,0.7836043834686279
164,train,0.8083275556564331
164,train,1.0863004922866821
164,train,0.5895901918411255
164,train,0.8876742124557495
164,train,0.852368175983429
164,train,0.8294640779495239
164,train,0.7127880454063416
165,train,0.8625577092170715
165,train,1.0030665397644043
165,train,0.6067257523536682
165,train,0.8584871888160706
165,train,1.1553058624267578
165,train,0.7889108061790466
165,train,0.9732576012611389
165,train,0.7940733432769775
165,train,0.9510987401008606
165,train,0.6725049018859863
165,train,0.7386413216590881
165,train,0.6077358722686768
165,train,0.6830176115036011
165,train,0.784393310546875
165,train,0.6638398766517639
165,train,0.8793245553970337
165,train,0.6707538962364197
165,train,0.8001049757003784
165,train,0.6023892164230347
165,train,0.8987894654273987
166,train,0.6405095458030701
166,train,0.7774456739425659
166,train,0.633091151714325
166,train,0.7902699708938599
166,train,0.6611313819885254
166,train,0.8273200988769531
166,train,0.8235867619514465
166,train,0.8768054842948914
166,train,0.7970461249351501
166,train,0.9245398640632629
166,train,0.9970296025276184
166,train,0.812344491481781
166,train,0.7042076587677002
166,train,0.6706008911132812
166,train,0.5852736830711365
166,train,0.8527877926826477
166,train,1.185125708580017
166,train,1.18410325050354
166,train,0.616513192653656
166,train,0.8931711912155151
167,train,0.8188585638999939
167,train,0.8222076296806335
167,train,0.6745388507843018
167,train,0.583906888961792
167,train,1.0341155529022217
167,train,0.630269467830658
167,train,0.6030668020248413
167,train,0.9065552949905396
167,train,1.1172126531600952
167,train,0.589287519454956
167,train,0.7504563927650452
167,train,0.6107005476951599
167,train,0.6112320423126221
167,train,0.7107794284820557
167,train,0.93703693151474
167,train,0.9973411560058594
167,train,0.589659571647644
167,train,0.5794865489006042
167,train,0.7772733569145203
167,train,0.9775130152702332
168,train,0.6365903615951538
168,train,0.7022442817687988
168,train,0.6977006196975708
168,train,0.7544436454772949
168,train,0.6609011888504028
168,train,0.6237256526947021
168,train,0.775325357913971
168,train,0.7312226891517639
168,train,0.7096529603004456
168,train,0.6343787908554077
168,train,0.9198394417762756
168,train,0.7925747036933899
168,train,0.6497030258178711
168,train,0.9607399702072144
168,train,0.9195990562438965
168,train,0.893528401851654
168,train,0.6372988820075989
168,train,0.7499143481254578
168,train,0.6067981123924255
168,train,0.754606306552887
169,train,0.6465759873390198
169,train,0.7117831110954285
169,train,0.5954869389533997
169,train,0.7504056096076965
169,train,0.8008260130882263
169,train,0.8236585855484009
169,train,0.845016598701477
169,train,0.7184253931045532
169,train,0.6459729075431824
169,train,0.6612394452095032
169,train,0.6378695964813232
169,train,0.7707343697547913
169,train,0.9215834140777588
169,train,0.8831649422645569
169,train,0.5717576742172241
169,train,1.0422251224517822
169,train,0.7440276741981506
169,train,0.6325955390930176
169,train,0.6966754794120789
169,train,0.619428277015686
170,train,0.6600560545921326
170,train,0.5764623880386353
170,train,0.8187037706375122
170,train,0.762420117855072
170,train,0.8804693818092346
170,train,0.5608212351799011
170,train,0.6951388120651245
170,train,1.1017241477966309
170,train,0.912811815738678
170,train,0.7116807699203491
170,train,0.8917959332466125
170,train,0.6756947040557861
170,train,0.737461507320404
170,train,0.7924694418907166
170,train,0.8262168169021606
170,train,0.8790172934532166
170,train,0.654257595539093
170,train,0.5851560831069946
170,train,0.5994846820831299
170,train,1.1386089324951172
171,train,0.6036854982376099
171,train,0.5741252899169922
171,train,0.5796686410903931
171,train,0.905113697052002
171,train,0.8082499504089355
171,train,0.9098460078239441
171,train,0.5569667816162109
171,train,0.6589096784591675
171,train,0.6339524984359741
171,train,0.6585292816162109
171,train,0.8397061228752136
171,train,0.7762812972068787
171,train,0.6103463172912598
171,train,0.6088326573371887
171,train,0.6033668518066406
171,train,0.7256874442100525
171,train,0.6483057141304016
171,train,1.1578751802444458
171,train,0.6206017732620239
171,train,0.7223026156425476
172,train,0.8079466819763184
172,train,0.820096492767334
172,train,0.909362256526947
172,train,0.75546795129776
172,train,0.885572075843811
172,train,0.5860607028007507
172,train,0.7999550700187683
172,train,0.6080318093299866
172,train,0.8383845686912537
172,train,1.0812110900878906
172,train,0.9319580793380737
172,train,0.5238890647888184
172,train,0.7546864151954651
172,train,0.6132098436355591
172,train,0.5819888710975647
172,train,0.6924045085906982
172,train,0.6809660792350769
172,train,0.7510024905204773
172,train,0.6000598073005676
172,train,0.6796144843101501
173,train,0.9880725145339966
173,train,0.9004154205322266
173,train,0.6579296588897705
173,train,0.6448854207992554
173,train,0.6437702775001526
173,train,0.8006295561790466
173,train,0.9171954989433289
173,train,0.7844440340995789
173,train,0.647958517074585
173,train,0.7907326221466064
173,train,0.8264150619506836
173,train,0.6475737690925598
173,train,0.6337132453918457
173,train,0.7920678853988647
173,train,0.827704906463623
173,train,0.6042256951332092
173,train,0.9811282157897949
173,train,1.0525600910186768
173,train,0.9330752491950989
173,train,0.6272111535072327
174,train,0.6118757724761963
174,train,0.9621555805206299
174,train,0.698362410068512
174,train,0.8441683053970337
174,train,0.8552075028419495
174,train,0.5924566984176636
174,train,0.6878966093063354
174,train,0.8525707125663757
174,train,0.8088617324829102
174,train,0.8916141986846924
174,train,0.8128452897071838
174,train,0.9342411160469055
174,train,0.864117443561554
174,train,0.5855347514152527
174,train,0.6890220046043396
174,train,0.6935408115386963
174,train,0.7782012820243835
174,train,0.6296356320381165
174,train,0.6994651556015015
174,train,0.9556267261505127
175,train,0.5738649964332581
175,train,0.9459302425384521
175,train,0.8567759394645691
175,train,0.7714112997055054
175,train,0.5569250583648682
175,train,0.9641350507736206
175,train,0.8190863728523254
175,train,0.6012853980064392
175,train,0.6627715229988098
175,train,0.7978426814079285
175,train,0.7593063116073608
175,train,0.6881795525550842
175,train,0.8144934177398682
175,train,0.8251543641090393
175,train,0.8387413024902344
175,train,0.8059558868408203
175,train,0.6251929402351379
175,train,0.6110440492630005
175,train,0.8538200855255127
175,train,0.8292410373687744
176,train,0.7469701766967773
176,train,1.0888909101486206
176,train,0.9116374850273132
176,train,0.6760814189910889
176,train,0.8232033848762512
176,train,0.7729190587997437
176,train,0.8089051246643066
176,train,0.908462643623352
176,train,0.7844116687774658
176,train,0.5869864821434021
176,train,0.7685697078704834
176,train,0.810304582118988
176,train,0.6366820931434631
176,train,0.7975091934204102
176,train,0.6602475643157959
176,train,0.885019838809967
176,train,0.7291159629821777
176,train,1.0272752046585083
176,train,1.0566738843917847
176,train,0.6123636364936829
177,train,0.6844973564147949
177,train,0.6830901503562927
177,train,0.6386227607727051
177,train,0.7540399432182312
177,train,0.5737042427062988
177,train,0.8374224901199341
177,train,0.7376012206077576
177,train,0.7566918134689331
177,train,0.5359509587287903
177,train,1.0740132331848145
177,train,0.67640221118927
177,train,0.804076075553894
177,train,0.6326066255569458
177,train,0.6855923533439636
177,train,0.8384001851081848
177,train,0.6357835531234741
177,train,0.6382951140403748
177,train,0.7283044457435608
177,train,0.835319995880127
177,train,0.6252791881561279
178,train,0.736021101474762
178,train,0.837102472782135
178,train,0.7188491821289062
178,train,0.768246054649353
178,train,0.9170321822166443
178,train,0.5886465311050415
178,train,0.547386646270752
178,train,0.6320964694023132
178,train,0.8024480938911438
178,train,0.7729889750480652
178,train,0.5910188555717468
178,train,0.9667786359786987
178,train,0.6188151240348816
178,train,0.6964327096939087
178,train,0.720639169216156
178,train,0.9114385843276978
178,train,0.9952659606933594
178,train,0.6164885759353638
178,train,0.7271814346313477
178,train,0.6686276197433472
179,train,0.630621612071991
179,train,0.6717254519462585
179,train,1.003163456916809
179,train,0.8206509351730347
179,train,0.6293496489524841
179,train,0.6013890504837036
179,train,0.6493975520133972
179,train,0.6467667818069458
179,train,0.6899862289428711
179,train,0.7132315039634705
179,train,0.6421728134155273
179,train,1.0149871110916138
179,train,0.5247619152069092
179,train,0.6627041101455688
179,train,0.8569086790084839
179,train,0.8475098013877869
179,train,0.7865692973136902
179,train,0.571540892124176
179,train,0.543845534324646
179,train,0.5193314552307129
180,train,0.7380552887916565
180,train,0.5598500370979309
180,train,0.8028686046600342
180,train,0.6873099207878113
180,train,0.7328602075576782
180,train,0.585883378982544
180,train,0.851732611656189
180,train,0.796390175819397
180,train,0.5957185626029968
180,train,0.6051226854324341
180,train,0.7421261668205261
180,train,0.6587639451026917
180,train,0.658204197883606
180,train,0.6447253227233887
180,train,0.709010124206543
180,train,0.8859487771987915
180,train,0.8384467363357544
180,train,0.6172944903373718
180,train,0.644489586353302
180,train,0.7832105159759521
181,train,0.9668126106262207
181,train,0.8610719442367554
181,train,0.6708974838256836
181,train,0.9281461238861084
181,train,0.6835481524467468
181,train,0.6879878640174866
181,train,0.7944234013557434
181,train,0.6945017576217651
181,train,0.9633281230926514
181,train,0.5616053938865662
181,train,0.9005870223045349
181,train,0.8195223808288574
181,train,0.6356205344200134
181,train,0.6686452031135559
181,train,0.925793468952179
181,train,0.6965212225914001
181,train,0.57331782579422
181,train,0.6011536121368408
181,train,0.6619793772697449
181,train,0.6722549200057983
182,train,0.6182690262794495
182,train,0.7029996514320374
182,train,0.5525126457214355
182,train,0.8443523645401001
182,train,0.7810313105583191
182,train,0.6253749132156372
182,train,0.8234517574310303
182,train,0.7779332399368286
182,train,0.7212259769439697
182,train,0.6851603388786316
182,train,0.5226837992668152
182,train,0.5818440318107605
182,train,0.7896130084991455
182,train,0.8597190380096436
182,train,0.8828745484352112
182,train,0.8338355422019958
182,train,0.9879322648048401
182,train,0.6927876472473145
182,train,0.9712406396865845
182,train,0.6454736590385437
183,train,0.7903690934181213
183,train,0.8291872143745422
183,train,0.7735515236854553
183,train,0.5973568558692932
183,train,0.7824086546897888
183,train,0.8242151141166687
183,train,0.7787035703659058
183,train,0.7154553532600403
183,train,0.9652605056762695
183,train,0.687472403049469
183,train,0.5991478562355042
183,train,0.8340559601783752
183,train,0.6846364736557007
183,train,0.7031000256538391
183,train,0.6963461637496948
183,train,0.7360374331474304
183,train,0.8620792031288147
183,train,0.8388437032699585
183,train,0.9199244379997253
183,train,0.9017707705497742
184,train,0.7315795421600342
184,train,0.5368989109992981
184,train,0.629165768623352
184,train,0.663919985294342
184,train,0.7639663219451904
184,train,0.909193754196167
184,train,1.000044822692871
184,train,0.6025046110153198
184,train,0.5714514255523682
184,train,0.6467597484588623
184,train,0.6243242621421814
184,train,0.8209511041641235
184,train,0.5951358079910278
184,train,0.8837377429008484
184,train,0.5963272452354431
184,train,0.9818893074989319
184,train,0.6989867687225342
184,train,0.6895474791526794
184,train,0.6211109161376953
184,train,1.0209647417068481
185,train,0.6245917081832886
185,train,0.7941001653671265
185,train,0.8910375237464905
185,train,0.656866192817688
185,train,0.907991349697113
185,train,0.5992791056632996
185,train,0.6313187479972839
185,train,0.8330546021461487
185,train,0.8279424905776978
185,train,0.6895217299461365
185,train,0.7840651869773865
185,train,0.9063478112220764
185,train,0.6274998188018799
185,train,0.5937101244926453
185,train,0.758998692035675
185,train,0.7283418774604797
185,train,0.6009352207183838
185,train,0.9912398457527161
185,train,0.7971323132514954
185,train,0.6058303117752075
186,train,0.6314924955368042
186,train,0.6575609445571899
186,train,0.8348250389099121
186,train,0.5344884395599365
186,train,0.6525101661682129
186,train,0.8812019228935242
186,train,0.93243807554245
186,train,0.5862183570861816
186,train,0.8153766393661499
186,train,0.7687782645225525
186,train,0.9882226586341858
186,train,0.619184672832489
186,train,0.8257136344909668
186,train,0.6210354566574097
186,train,0.8850043416023254
186,train,0.5998690724372864
186,train,0.5749146342277527
186,train,0.8093451857566833
186,train,0.7031064629554749
186,train,0.828443169593811
187,train,0.79682457447052
187,train,0.7561129331588745
187,train,0.5642992258071899
187,train,0.724829912185669
187,train,0.569486141204834
187,train,0.9020678997039795
187,train,1.0197405815124512
187,train,0.7286977171897888
187,train,0.5219939947128296
187,train,0.5957673788070679
187,train,0.8144074082374573
187,train,0.7684021592140198
187,train,0.9065377116203308
187,train,0.8646251559257507
187,train,0.5870564579963684
187,train,0.8557437062263489
187,train,0.5650060176849365
187,train,0.7936753630638123
187,train,0.6698944568634033
187,train,0.9299245476722717
188,train,0.6901836395263672
188,train,0.8590506911277771
188,train,0.6361530423164368
188,train,0.823420524597168
188,train,0.7747217416763306
188,train,0.6653861999511719
188,train,0.7540721893310547
188,train,0.571259081363678
188,train,0.6709811687469482
188,train,0.6276383399963379
188,train,0.5854410529136658
188,train,0.6673284769058228
188,train,0.8559575080871582
188,train,0.9249352812767029
188,train,1.004246711730957
188,train,1.0292320251464844
188,train,0.5810566544532776
188,train,0.5975208282470703
188,train,1.0820063352584839
188,train,0.98138427734375
189,train,0.7558656930923462
189,train,0.6029122471809387
189,train,0.923539400100708
189,train,0.6031922698020935
189,train,0.6858241558074951
189,train,0.8045144081115723
189,train,0.6863180994987488
189,train,0.6954686045646667
189,train,0.8525183796882629
189,train,0.7012930512428284
189,train,0.606764018535614
189,train,0.812163233757019
189,train,0.8343807458877563
189,train,0.672177255153656
189,train,0.9340002536773682
189,train,0.7080355286598206
189,train,1.0872611999511719
189,train,0.8344626426696777
189,train,0.6588664054870605
189,train,0.8969100117683411
190,train,0.7999338507652283
190,train,0.5974860191345215
190,train,0.5669962763786316
190,train,0.5533648133277893
190,train,0.9342516660690308
190,train,0.8919752240180969
190,train,0.595693051815033
190,train,0.8681135177612305
190,train,0.6307621002197266
190,train,0.6231550574302673
190,train,0.6929864287376404
190,train,0.5891379117965698
190,train,0.8598706126213074
190,train,0.9329925775527954
190,train,0.699972927570343
190,train,0.8226349353790283
190,train,0.7714152932167053
190,train,1.0191564559936523
190,train,0.7478490471839905
190,train,0.7853700518608093
191,train,0.8729861378669739
191,train,0.8449817299842834
191,train,0.5409479737281799
191,train,0.8860134482383728
191,train,0.7963602542877197
191,train,0.7904642224311829
191,train,0.6890430450439453
191,train,0.6378442049026489
191,train,0.7198373079299927
191,train,0.7996333241462708
191,train,0.7820696830749512
191,train,0.8029250502586365
191,train,0.5888245105743408
191,train,0.8259811401367188
191,train,0.603827714920044
191,train,0.6188593506813049
191,train,0.8452988862991333
191,train,0.75477534532547
191,train,0.6146812438964844
191,train,0.7987023591995239
192,train,0.8416344523429871
192,train,0.8347172141075134
192,train,0.6235404014587402
192,train,0.6478701829910278
192,train,0.7805457711219788
192,train,0.6543638706207275
192,train,0.8524816036224365
192,train,0.7889692187309265
192,train,0.8790881037712097
192,train,0.714671790599823
192,train,0.7055063843727112
192,train,0.6886809468269348
192,train,0.8542532324790955
192,train,0.7150270938873291
192,train,0.7524517178535461
192,train,0.7970845699310303
192,train,0.7797967791557312
192,train,0.6206387877464294
192,train,0.8363298773765564
192,train,0.5202441215515137
193,train,0.7178660035133362
193,train,0.6862761378288269
193,train,0.6606536507606506
193,train,0.9431020617485046
193,train,0.7824859619140625
193,train,0.8315615653991699
193,train,0.7869059443473816
193,train,0.5662454962730408
193,train,0.5593134760856628
193,train,0.6728526949882507
193,train,0.6553232669830322
193,train,0.8130353689193726
193,train,0.7987498641014099
193,train,1.01450777053833
193,train,0.8835148811340332
193,train,0.8386613130569458
193,train,0.8155775666236877
193,train,0.6201666593551636
193,train,0.8950837254524231
193,train,0.6213216781616211
194,train,0.5929273366928101
194,train,0.5895125269889832
194,train,0.6927372217178345
194,train,0.9674405455589294
194,train,0.8285970687866211
194,train,0.8284353017807007
194,train,0.6098281741142273
194,train,0.6046258807182312
194,train,1.0254123210906982
194,train,0.829014778137207
194,train,0.7237077951431274
194,train,0.5589193105697632
194,train,0.7964683175086975
194,train,0.8413464426994324
194,train,0.6603115200996399
194,train,0.723701536655426
194,train,0.9152558445930481
194,train,0.6013994216918945
194,train,0.6336425542831421
194,train,0.5773149132728577
195,train,0.604444682598114
195,train,0.6295223832130432
195,train,0.7845014333724976
195,train,0.6554045081138611
195,train,0.7490525841712952
195,train,0.7675389647483826
195,train,0.5922021865844727
195,train,0.6868734359741211
195,train,0.8360945582389832
195,train,0.8426557779312134
195,train,0.808558464050293
195,train,0.8824498057365417
195,train,0.7537018656730652
195,train,0.8433064222335815
195,train,0.8300462365150452
195,train,0.7408500909805298
195,train,0.6717811822891235
195,train,0.5893262028694153
195,train,0.67787104845047
195,train,0.7518829703330994
196,train,0.785257875919342
196,train,0.8575882315635681
196,train,0.7050483226776123
196,train,0.659476637840271
196,train,0.948838472366333
196,train,0.5927901864051819
196,train,0.670585572719574
196,train,0.8741074204444885
196,train,0.8429592847824097
196,train,0.7689756751060486
196,train,0.9613876938819885
196,train,0.6231333613395691
196,train,0.7015443444252014
196,train,0.7532713413238525
196,train,0.8348340392112732
196,train,0.7865623831748962
196,train,0.58465576171875
196,train,0.6214197874069214
196,train,0.5359253287315369
196,train,0.7870755791664124
197,train,0.6240131855010986
197,train,0.607157289981842
197,train,0.8353279232978821
197,train,0.7515875101089478
197,train,0.6374906897544861
197,train,0.5850242376327515
197,train,1.2051951885223389
197,train,0.6281722784042358
197,train,0.8809314966201782
197,train,0.8599876761436462
197,train,0.9049639701843262
197,train,0.9942605495452881
197,train,0.6781034469604492
197,train,0.8070221543312073
197,train,0.7778273224830627
197,train,0.6498531699180603
197,train,0.6114310026168823
197,train,0.5983889102935791
197,train,0.5949133038520813
197,train,0.7293969988822937
198,train,0.7554731965065002
198,train,0.7638137936592102
198,train,0.7800736427307129
198,train,0.6631318926811218
198,train,0.6817877888679504
198,train,0.586193323135376
198,train,0.5940171480178833
198,train,0.587077260017395
198,train,0.6161713004112244
198,train,0.8740698099136353
198,train,0.6522841453552246
198,train,0.7541912794113159
198,train,0.6081073880195618
198,train,0.8332409858703613
198,train,0.8178101778030396
198,train,0.7711716890335083
198,train,0.842908501625061
198,train,0.785178005695343
198,train,0.5341306328773499
198,train,0.7382931709289551
199,train,0.7345163822174072
199,train,1.0206438302993774
199,train,0.665303111076355
199,train,0.8280044198036194
199,train,0.8344414234161377
199,train,0.6566311717033386
199,train,0.8488402962684631
199,train,0.6426299810409546
199,train,0.6789253354072571
199,train,0.5636439919471741
199,train,0.6257275342941284
199,train,0.6424846053123474
199,train,0.6924970746040344
199,train,0.6159574389457703
199,train,0.8931318521499634
199,train,0.7161166071891785
199,train,0.822459876537323
199,train,0.6446223258972168
199,train,0.7647088766098022
199,train,0.6085377335548401
200,train,1.065030813217163
200,train,0.7414023876190186
200,train,0.828534722328186
200,train,0.5809285044670105
200,train,0.7222976684570312
200,train,0.7171576619148254
200,train,0.676225483417511
200,train,0.543213427066803
200,train,0.7984791398048401
200,train,0.8383235931396484
200,train,0.78854900598526
200,train,0.7549390196800232
200,train,0.612596869468689
200,train,0.9432209134101868
200,train,0.7713738679885864
200,train,0.6855533719062805
200,train,0.7185298204421997
200,train,0.6699806451797485
200,train,0.6900898218154907
200,train,0.8391472101211548
201,train,0.590093731880188
201,train,0.7931283712387085
201,train,0.5700510740280151
201,train,0.7116076946258545
201,train,0.6061903238296509
201,train,0.8995307683944702
201,train,0.8098596930503845
201,train,0.8514123558998108
201,train,0.5663895606994629
201,train,0.5951443314552307
201,train,0.7632968425750732
201,train,0.7804337739944458
201,train,0.7800275087356567
201,train,0.6384326815605164
201,train,0.8197473883628845
201,train,0.8336865305900574
201,train,0.579356849193573
201,train,0.6329272985458374
201,train,0.688469648361206
201,train,0.8245299458503723
202,train,0.909337043762207
202,train,0.6721585988998413
202,train,0.6290296316146851
202,train,0.8845872282981873
202,train,1.0390046834945679
202,train,0.602547287940979
202,train,0.8268224000930786
202,train,0.7450342774391174
202,train,0.8491436243057251
202,train,0.7675271034240723
202,train,0.6914680600166321
202,train,0.6041740775108337
202,train,0.6326901316642761
202,train,0.6052035689353943
202,train,0.726173996925354
202,train,0.5729700326919556
202,train,0.9331080913543701
202,train,0.6512866020202637
202,train,0.6617395877838135
202,train,0.7634714841842651
203,train,0.5587207674980164
203,train,0.7142853736877441
203,train,0.6253986358642578
203,train,0.7763468623161316
203,train,0.7461061477661133
203,train,0.8242852091789246
203,train,0.8632556796073914
203,train,0.8346749544143677
203,train,0.7584799528121948
203,train,0.5598800182342529
203,train,0.6306136846542358
203,train,0.9825012683868408
203,train,0.6636584997177124
203,train,0.5622431039810181
203,train,0.7194413542747498
203,train,0.9631523489952087
203,train,0.8166313171386719
203,train,0.7036901712417603
203,train,0.5317330360412598
203,train,0.9270322918891907
204,train,0.5253419280052185
204,train,0.6089082956314087
204,train,0.5781280398368835
204,train,0.8304708003997803
204,train,0.7506606578826904
204,train,0.6151175498962402
204,train,0.8350071907043457
204,train,0.7895622253417969
204,train,0.779256284236908
204,train,0.6092458963394165
204,train,0.6005104780197144
204,train,0.8110033869743347
204,train,0.8447796106338501
204,train,0.6192737817764282
204,train,0.8895328044891357
204,train,0.7044556736946106
204,train,0.8436362743377686
204,train,0.7008841633796692
204,train,0.9229418039321899
204,train,0.8236737251281738
205,train,0.6779828071594238
205,train,0.8561293482780457
205,train,0.8310710787773132
205,train,0.6831328272819519
205,train,0.8338793516159058
205,train,0.7248345017433167
205,train,0.8596816062927246
205,train,0.6582033634185791
205,train,0.6359984278678894
205,train,0.6909499168395996
205,train,0.5875983238220215
205,train,0.8337050676345825
205,train,0.602624773979187
205,train,0.6810593605041504
205,train,0.9189096689224243
205,train,0.7621936798095703
205,train,1.050452709197998
205,train,0.6892620921134949
205,train,0.9121920466423035
205,train,0.5870715975761414
206,train,0.8695711493492126
206,train,0.7501110434532166
206,train,0.6982254385948181
206,train,0.9438778758049011
206,train,0.8893988728523254
206,train,1.0982658863067627
206,train,0.5276766419410706
206,train,0.7474698424339294
206,train,0.6953122019767761
206,train,0.7641923427581787
206,train,0.7411669492721558
206,train,0.556799054145813
206,train,1.052767038345337
206,train,0.67471843957901
206,train,0.8685188293457031
206,train,0.902529239654541
206,train,0.6202712059020996
206,train,0.6298772096633911
206,train,0.7945808172225952
206,train,0.7692762613296509
207,train,0.6693271994590759
207,train,0.8193410634994507
207,train,0.6519393920898438
207,train,0.7736515402793884
207,train,0.6626497507095337
207,train,0.7686018943786621
207,train,0.8114010095596313
207,train,0.6941477060317993
207,train,0.8820124268531799
207,train,0.8232632279396057
207,train,0.763440728187561
207,train,0.8072714805603027
207,train,0.6990695595741272
207,train,0.604810357093811
207,train,0.5749476552009583
207,train,0.6528674364089966
207,train,0.8918809294700623
207,train,0.8246681094169617
207,train,0.8330580592155457
207,train,0.7047398686408997
208,train,0.8354992270469666
208,train,0.853495180606842
208,train,0.7864405512809753
208,train,0.7876626253128052
208,train,0.6197784543037415
208,train,0.5937600135803223
208,train,0.6251935362815857
208,train,0.6618251800537109
208,train,0.5402573347091675
208,train,0.5956102013587952
208,train,0.9030387997627258
208,train,0.7398063540458679
208,train,0.6754677295684814
208,train,0.8407763838768005
208,train,0.9381474852561951
208,train,0.8265762329101562
208,train,0.7788662910461426
208,train,0.7164002060890198
208,train,0.5484834909439087
208,train,0.8217143416404724
209,train,0.6801040768623352
209,train,0.7189345955848694
209,train,0.769987165927887
209,train,0.7870557308197021
209,train,0.6453322172164917
209,train,0.5942429304122925
209,train,1.069196105003357
209,train,0.8111591339111328
209,train,0.5790659189224243
209,train,0.6485312581062317
209,train,0.7024789452552795
209,train,0.6383772492408752
209,train,0.9953707456588745
209,train,0.6236924529075623
209,train,0.5792309641838074
209,train,0.8471336960792542
209,train,0.7035984396934509
209,train,0.7873794436454773
209,train,0.7718287706375122
209,train,0.8634082674980164
210,train,0.7489491701126099
210,train,0.6156578660011292
210,train,0.5345681309700012
210,train,0.8610853552818298
210,train,0.8823039531707764
210,train,0.63341224193573
210,train,0.6545928120613098
210,train,0.8365839123725891
210,train,0.8550189733505249
210,train,0.6217040419578552
210,train,0.6942183971405029
210,train,0.7275996208190918
210,train,0.7871086597442627
210,train,0.9145432114601135
210,train,0.7065474987030029
210,train,0.6026537418365479
210,train,1.1010676622390747
210,train,0.6860991716384888
210,train,0.6180413365364075
210,train,1.0830750465393066
211,train,0.9993385076522827
211,train,0.6914198994636536
211,train,0.8421573638916016
211,train,0.6907058358192444
211,train,0.6963736414909363
211,train,0.8825035095214844
211,train,0.7111138701438904
211,train,0.6104105114936829
211,train,0.7579582333564758
211,train,0.6504100561141968
211,train,0.7960827350616455
211,train,0.720607578754425
211,train,0.6235209703445435
211,train,0.6507679224014282
211,train,0.8528301119804382
211,train,0.5470315217971802
211,train,0.8496760725975037
211,train,0.7457603812217712
211,train,0.8595544099807739
211,train,0.8024968504905701
212,train,0.9398013353347778
212,train,0.5759114623069763
212,train,0.7573357820510864
212,train,0.737428605556488
212,train,0.5469141602516174
212,train,0.6505399346351624
212,train,0.8530327081680298
212,train,0.9591992497444153
212,train,0.9086047410964966
212,train,0.8482794165611267
212,train,0.7948501706123352
212,train,0.5944643616676331
212,train,0.9727611541748047
212,train,0.7620474100112915
212,train,0.8115255832672119
212,train,0.6562087535858154
212,train,0.6852549910545349
212,train,0.6152241230010986
212,train,0.6057477593421936
212,train,0.8427340984344482
213,train,0.9486274719238281
213,train,0.60785973072052
213,train,0.5888097882270813
213,train,0.6534028649330139
213,train,0.9243393540382385
213,train,0.6991576552391052
213,train,0.6092483401298523
213,train,0.9588031768798828
213,train,0.8469710946083069
213,train,0.9924030900001526
213,train,0.5832356810569763
213,train,0.7157071232795715
213,train,0.6194321513175964
213,train,0.9676398038864136
213,train,0.8638865351676941
213,train,0.6227981448173523
213,train,0.7940746545791626
213,train,0.6088197231292725
213,train,0.6413390636444092
213,train,0.8176444172859192
214,train,0.8590285181999207
214,train,0.7906956672668457
214,train,0.630014955997467
214,train,0.807184636592865
214,train,0.7737800478935242
214,train,0.7333815097808838
214,train,0.9272609949111938
214,train,0.6311948299407959
214,train,0.5974703431129456
214,train,0.694153904914856
214,train,0.9388381838798523
214,train,0.5765193700790405
214,train,0.813362181186676
214,train,0.8387368321418762
214,train,0.842121422290802
214,train,0.5347926020622253
214,train,0.6427111625671387
214,train,0.7084949612617493
214,train,0.8677732348442078
214,train,0.6176813244819641
215,train,0.5728430151939392
215,train,0.9178096652030945
215,train,0.5678773522377014
215,train,0.9934515953063965
215,train,0.561257004737854
215,train,0.8938238620758057
215,train,0.7528204917907715
215,train,0.7564241290092468
215,train,0.6375623345375061
215,train,0.6180089712142944
215,train,0.6730035543441772
215,train,0.7102593779563904
215,train,0.727116584777832
215,train,0.8177003860473633
215,train,0.7949360609054565
215,train,0.7570000886917114
215,train,0.7199686765670776
215,train,0.576667845249176
215,train,0.8269175291061401
215,train,0.6594126224517822
216,train,0.5450060963630676
216,train,0.7424872517585754
216,train,0.8572542667388916
216,train,0.6938347220420837
216,train,0.6319013237953186
216,train,0.7792840600013733
216,train,0.7664877772331238
216,train,0.6541287302970886
216,train,0.5865316987037659
216,train,0.6575515866279602
216,train,0.9045314192771912
216,train,0.6246355175971985
216,train,0.6979390382766724
216,train,0.8038980960845947
216,train,0.8183213472366333
216,train,1.0301426649093628
216,train,0.7702328562736511
216,train,0.643958330154419
216,train,0.5981260538101196
216,train,0.6406427025794983
217,train,0.8737725615501404
217,train,0.9954090118408203
217,train,0.8151883482933044
217,train,0.6853866577148438
217,train,0.6393883228302002
217,train,0.8503417372703552
217,train,0.6411584615707397
217,train,0.8661911487579346
217,train,0.6135361194610596
217,train,0.6056631803512573
217,train,0.920427680015564
217,train,0.6932065486907959
217,train,0.7183553576469421
217,train,0.8060644268989563
217,train,0.5905967354774475
217,train,0.5930765867233276
217,train,0.8550769686698914
217,train,0.6796115040779114
217,train,0.6317787170410156
217,train,0.8198204040527344
218,train,0.7864496111869812
218,train,0.886235773563385
218,train,0.9501197338104248
218,train,0.7591385245323181
218,train,0.8131365180015564
218,train,0.78524249792099
218,train,0.7151102423667908
218,train,0.5791334509849548
218,train,0.8119023442268372
218,train,0.6989294290542603
218,train,0.694603681564331
218,train,0.638753354549408
218,train,0.8295899629592896
218,train,0.7425164580345154
218,train,0.91456139087677
218,train,0.6614880561828613
218,train,0.6790726780891418
218,train,0.9601262211799622
218,train,0.5834712386131287
218,train,0.7165415287017822
219,train,0.6135250926017761
219,train,0.5983058214187622
219,train,0.7215960621833801
219,train,0.5744500160217285
219,train,0.9318579435348511
219,train,0.8047240972518921
219,train,0.7062835693359375
219,train,0.9282852411270142
219,train,0.5928748250007629
219,train,0.7470105290412903
219,train,0.5751795768737793
219,train,0.7989773750305176
219,train,1.1449874639511108
219,train,0.8215728998184204
219,train,0.6385100483894348
219,train,0.7947524189949036
219,train,0.6115451455116272
219,train,1.0011286735534668
219,train,0.6439332962036133
219,train,0.7185912728309631
220,train,0.7700278759002686
220,train,0.595664381980896
220,train,0.6944087743759155
220,train,0.6111043691635132
220,train,0.7913419008255005
220,train,0.718737781047821
220,train,0.6837748885154724
220,train,0.5322796106338501
220,train,0.608366847038269
220,train,0.6808679103851318
220,train,0.7344785928726196
220,train,0.8672530651092529
220,train,0.981730580329895
220,train,0.8627197742462158
220,train,0.8960058093070984
220,train,0.6510584354400635
220,train,0.9412253499031067
220,train,0.6487383842468262
220,train,0.5809037089347839
220,train,0.7195431590080261
221,train,0.5651393532752991
221,train,0.5669769048690796
221,train,0.6468479633331299
221,train,0.5372592210769653
221,train,0.7200201153755188
221,train,0.6554459929466248
221,train,0.6212623715400696
221,train,0.6692867279052734
221,train,0.6988309025764465
221,train,0.7718361020088196
221,train,0.7909883856773376
221,train,0.7652182579040527
221,train,0.5765301585197449
221,train,0.7297578454017639
221,train,0.5960331559181213
221,train,0.7087493538856506
221,train,0.8145537972450256
221,train,0.5412355065345764
221,train,0.6616013646125793
221,train,1.1315323114395142
222,train,0.7586395144462585
222,train,0.8451921343803406
222,train,0.6353955268859863
222,train,0.7213973999023438
222,train,0.7166045904159546
222,train,0.7564586400985718
222,train,0.6617385745048523
222,train,0.6605653762817383
222,train,0.7121000289916992
222,train,0.8270747661590576
222,train,0.631618320941925
222,train,0.6378748416900635
222,train,1.0983977317810059
222,train,0.7067644596099854
222,train,0.8308752179145813
222,train,0.722768247127533
222,train,0.5938257575035095
222,train,0.5856071710586548
222,train,0.6296393871307373
222,train,0.8074102997779846
223,train,0.5821510553359985
223,train,0.6908664703369141
223,train,0.7218213677406311
223,train,0.8486943244934082
223,train,0.5515046119689941
223,train,0.7300665378570557
223,train,1.0331156253814697
223,train,0.5770286917686462
223,train,0.9138858914375305
223,train,1.0628700256347656
223,train,0.6090062856674194
223,train,0.8849095106124878
223,train,0.6257877349853516
223,train,0.5329846739768982
223,train,0.7872843146324158
223,train,0.7101109623908997
223,train,0.7499383687973022
223,train,0.7265334129333496
223,train,0.6013827323913574
223,train,0.606852650642395
224,train,0.6872870922088623
224,train,0.6224091649055481
224,train,0.6106628775596619
224,train,0.7212830185890198
224,train,0.7330109477043152
224,train,0.955472469329834
224,train,0.7582047581672668
224,train,0.7334388494491577
224,train,0.5463355183601379
224,train,0.5837987065315247
224,train,0.7523596882820129
224,train,0.6291825175285339
224,train,0.7295480966567993
224,train,0.7704499363899231
224,train,0.8528992533683777
224,train,0.7163851261138916
224,train,0.810005784034729
224,train,0.60726398229599
224,train,0.8076484799385071
224,train,0.8926987648010254
225,train,0.7552255392074585
225,train,1.022634744644165
225,train,0.6930112242698669
225,train,0.8035167455673218
225,train,0.8376189470291138
225,train,0.5375819206237793
225,train,0.7630788087844849
225,train,0.6161463260650635
225,train,0.6717163920402527
225,train,0.8341500163078308
225,train,0.906400203704834
225,train,0.6202068328857422
225,train,0.5890401005744934
225,train,0.6048457026481628
225,train,0.937765896320343
225,train,0.966276228427887
225,train,0.8444719314575195
225,train,0.8774240016937256
225,train,0.7022051811218262
225,train,0.8056782484054565
226,train,0.9188118577003479
226,train,0.6738024950027466
226,train,0.6789026260375977
226,train,0.8448910713195801
226,train,0.7580360174179077
226,train,0.7199140191078186
226,train,0.7549941539764404
226,train,0.624477744102478
226,train,0.880613386631012
226,train,0.6575321555137634
226,train,0.6299538016319275
226,train,0.651017427444458
226,train,0.5476803779602051
226,train,0.6321156620979309
226,train,0.8655996322631836
226,train,0.7965824604034424
226,train,0.6656602025032043
226,train,0.9239183664321899
226,train,0.8350424766540527
226,train,0.8597269058227539
227,train,0.6663451790809631
227,train,0.6345184445381165
227,train,0.5901898145675659
227,train,0.8390049934387207
227,train,0.6694964170455933
227,train,0.6170949935913086
227,train,0.6588923931121826
227,train,0.9104681611061096
227,train,0.721886932849884
227,train,0.7129116058349609
227,train,0.7947224378585815
227,train,0.501626193523407
227,train,0.8231239914894104
227,train,0.8639644384384155
227,train,0.6844863295555115
227,train,0.7491016983985901
227,train,0.8017298579216003
227,train,0.5680993795394897
227,train,0.7584328055381775
227,train,0.8271393775939941
228,train,0.8410407304763794
228,train,0.5873637795448303
228,train,0.5622560977935791
228,train,0.8174168467521667
228,train,0.6064216494560242
228,train,0.617033064365387
228,train,0.9645777940750122
228,train,0.6757455468177795
228,train,0.7268537282943726
228,train,0.7764063477516174
228,train,0.7930405139923096
228,train,0.5480334162712097
228,train,0.7107409834861755
228,train,0.5854983329772949
228,train,0.9667927026748657
228,train,0.7851598262786865
228,train,0.7603804469108582
228,train,0.8120718002319336
228,train,0.6217672228813171
228,train,0.5453866720199585
229,train,0.8630186915397644
229,train,0.6909310817718506
229,train,0.9398099780082703
229,train,0.6289498805999756
229,train,0.6706880331039429
229,train,0.6223570108413696
229,train,0.7114988565444946
229,train,1.119255542755127
229,train,1.0169721841812134
229,train,0.6519126296043396
229,train,0.7814035415649414
229,train,0.7630918622016907
229,train,0.716914176940918
229,train,0.6226110458374023
229,train,0.6522375345230103
229,train,0.9762149453163147
229,train,0.6305621862411499
229,train,0.9755792021751404
229,train,0.5784353017807007
229,train,0.5709221959114075
230,train,0.7579094171524048
230,train,0.839624285697937
230,train,0.7651734948158264
230,train,0.5815597772598267
230,train,0.7956590056419373
230,train,0.6861926913261414
230,train,0.6054534316062927
230,train,0.8865035772323608
230,train,0.7833369970321655
230,train,0.6223742365837097
230,train,0.600789487361908
230,train,0.6857832670211792
230,train,0.7686304450035095
230,train,1.059798240661621
230,train,0.5915855765342712
230,train,0.643745481967926
230,train,0.8059248924255371
230,train,0.7346914410591125
230,train,1.0726076364517212
230,train,0.7123509645462036
231,train,0.8069375157356262
231,train,0.6921083331108093
231,train,0.6219931840896606
231,train,0.6125344634056091
231,train,0.6184700131416321
231,train,0.8608809113502502
231,train,0.8191902041435242
231,train,0.6936522722244263
231,train,0.6183375120162964
231,train,0.7358370423316956
231,train,0.8592779636383057
231,train,0.5580809712409973
231,train,0.709913432598114
231,train,0.6767698526382446
231,train,0.572932243347168
231,train,0.7170514464378357
231,train,0.9348540902137756
231,train,0.630497395992279
231,train,0.872949481010437
231,train,1.0555778741836548
232,train,0.7602900862693787
232,train,0.5759435892105103
232,train,0.5584367513656616
232,train,0.7288678884506226
232,train,0.6792541146278381
232,train,0.5817771553993225
232,train,0.6846991181373596
232,train,0.9439864754676819
232,train,0.6535367369651794
232,train,0.7430486679077148
232,train,0.7543284296989441
232,train,0.7082138061523438
232,train,0.717191219329834
232,train,0.5981225967407227
232,train,0.7275679707527161
232,train,0.6573705673217773
232,train,0.5547921657562256
232,train,0.711253821849823
232,train,1.0089541673660278
232,train,0.6901781558990479
233,train,0.6602373719215393
233,train,0.7991878986358643
233,train,0.5912754535675049
233,train,0.5771691799163818
233,train,0.8270003199577332
233,train,0.8971800804138184
233,train,0.6687336564064026
233,train,0.9016085863113403
233,train,0.6094473600387573
233,train,0.9550472497940063
233,train,1.0324373245239258
233,train,0.7877164483070374
233,train,0.9728708863258362
233,train,0.6692083477973938
233,train,0.7458202838897705
233,train,0.6539275050163269
233,train,0.7010499835014343
233,train,0.9961251616477966
233,train,0.5844101309776306
233,train,0.6215880513191223
234,train,0.5878558158874512
234,train,0.792317807674408
234,train,0.5491508841514587
234,train,0.5895037055015564
234,train,0.7403392791748047
234,train,0.8456655740737915
234,train,0.7263387441635132
234,train,0.5904817581176758
234,train,0.5453848242759705
234,train,0.6145421862602234
234,train,0.5616747736930847
234,train,0.6141074895858765
234,train,0.8416216969490051
234,train,0.6116619110107422
234,train,0.6130748987197876
234,train,0.8102415800094604
234,train,0.8648171424865723
234,train,0.6153817176818848
234,train,0.9708071947097778
234,train,0.8087541460990906
235,train,0.7882270216941833
235,train,0.8147085905075073
235,train,0.5977748036384583
235,train,0.722834050655365
235,train,0.7727892994880676
235,train,0.7350451946258545
235,train,0.691912829875946
235,train,0.6529135704040527
235,train,0.5936264395713806
235,train,0.8307223916053772
235,train,0.804712176322937
235,train,0.5720627307891846
235,train,0.6170821785926819
235,train,0.6197689175605774
235,train,0.6558401584625244
235,train,0.6309165954589844
235,train,0.9034023284912109
235,train,0.5953410267829895
235,train,0.7124540209770203
235,train,0.8622510433197021
236,train,0.7714936137199402
236,train,1.0061861276626587
236,train,0.6204743981361389
236,train,0.7877312302589417
236,train,0.7427718043327332
236,train,0.7785106897354126
236,train,0.698197603225708
236,train,0.9069387912750244
236,train,0.5697109699249268
236,train,0.5488842129707336
236,train,0.6640381217002869
236,train,0.7291242480278015
236,train,1.0460821390151978
236,train,0.6167395114898682
236,train,0.621609091758728
236,train,0.8031799793243408
236,train,0.7134020924568176
236,train,0.7224122881889343
236,train,0.7339388132095337
236,train,0.906435489654541
237,train,0.7814909219741821
237,train,0.733180820941925
237,train,0.6266849637031555
237,train,0.6381129622459412
237,train,0.5919473767280579
237,train,0.671604335308075
237,train,0.5852146744728088
237,train,0.6994822025299072
237,train,0.7453001141548157
237,train,0.9766519665718079
237,train,0.6244217157363892
237,train,0.6902182102203369
237,train,0.6082063317298889
237,train,0.742638349533081
237,train,0.6826250553131104
237,train,0.6484620571136475
237,train,0.7608788013458252
237,train,0.5663403272628784
237,train,0.7685773372650146
237,train,0.9415148496627808
238,train,0.6869750618934631
238,train,0.6181814670562744
238,train,0.9037373065948486
238,train,0.8253024220466614
238,train,0.8396990299224854
238,train,0.833897054195404
238,train,0.7294288277626038
238,train,0.7465338706970215
238,train,0.6108753085136414
238,train,0.7404430508613586
238,train,0.6095812916755676
238,train,0.812423050403595
238,train,0.7271225452423096
238,train,0.976818323135376
238,train,0.8952832818031311
238,train,0.7468224763870239
238,train,0.7953999042510986
238,train,0.5608131885528564
238,train,0.7336798310279846
238,train,0.8676448464393616
239,train,0.835524320602417
239,train,0.8297821879386902
239,train,0.6917685866355896
239,train,0.6422843933105469
239,train,0.8123127818107605
239,train,0.6693522334098816
239,train,1.0337978601455688
239,train,0.5512756109237671
239,train,0.8558432459831238
239,train,0.8397207260131836
239,train,0.6941236257553101
239,train,0.5493587851524353
239,train,0.6880371570587158
239,train,1.1721279621124268
239,train,0.592278242111206
239,train,1.0457432270050049
239,train,0.7053067684173584
239,train,0.691748857498169
239,train,0.7813831567764282
239,train,0.6943853497505188
240,train,0.6004611849784851
240,train,0.6035696268081665
240,train,0.7944614291191101
240,train,0.77195143699646
240,train,0.7039433717727661
240,train,0.6789912581443787
240,train,0.7718477845191956
240,train,0.7977931499481201
240,train,0.6544904708862305
240,train,0.6411025524139404
240,train,0.6260005235671997
240,train,0.6906153559684753
240,train,0.5839772820472717
240,train,0.5974364280700684
240,train,0.8276068568229675
240,train,0.6266582012176514
240,train,0.6058083772659302
240,train,0.8333896994590759
240,train,1.042837381362915
240,train,0.6885434985160828
241,train,0.7846540212631226
241,train,0.6254500150680542
241,train,0.8122088313102722
241,train,0.7099985480308533
241,train,0.6626690030097961
241,train,0.7286259531974792
241,train,0.5703092813491821
241,train,1.0370427370071411
241,train,0.7770379185676575
241,train,0.6220449209213257
241,train,0.8097122311592102
241,train,0.9684500694274902
241,train,0.7559919357299805
241,train,0.7466570734977722
241,train,0.715236246585846
241,train,0.792819082736969
241,train,1.0833624601364136
241,train,0.8180079460144043
241,train,1.1540610790252686
241,train,0.5743765234947205
242,train,0.8115308880805969
242,train,0.6239317655563354
242,train,0.8301088213920593
242,train,0.8332063555717468
242,train,0.6096594929695129
242,train,0.8854425549507141
242,train,0.606433093547821
242,train,0.581633448600769
242,train,0.8284640908241272
242,train,0.7752045392990112
242,train,0.7423134446144104
242,train,0.7793722748756409
242,train,0.8041626214981079
242,train,0.8198585510253906
242,train,0.6680920720100403
242,train,0.5965165495872498
242,train,0.8375476598739624
242,train,0.7417626976966858
242,train,0.6102304458618164
242,train,0.8530539870262146
243,train,0.8129504919052124
243,train,0.8662728071212769
243,train,0.850389838218689
243,train,0.7995833158493042
243,train,0.6443686485290527
243,train,0.8915923833847046
243,train,0.7349499464035034
243,train,0.8665273785591125
243,train,0.5852228999137878
243,train,0.7194364666938782
243,train,0.5673356652259827
243,train,0.6849950551986694
243,train,0.6012051701545715
243,train,0.5877992510795593
243,train,0.8500021696090698
243,train,0.5991084575653076
243,train,0.6054410934448242
243,train,0.8940795660018921
243,train,0.8074493408203125
243,train,0.7021065950393677
244,train,0.8761824369430542
244,train,0.7193187475204468
244,train,0.7853851318359375
244,train,0.7375829219818115
244,train,0.6165871620178223
244,train,0.8715180158615112
244,train,0.5758568644523621
244,train,0.7180976271629333
244,train,0.7245306372642517
244,train,0.721425473690033
244,train,0.6243249773979187
244,train,0.5917964577674866
244,train,0.6465376615524292
244,train,0.6982816457748413
244,train,0.8149735331535339
244,train,0.6581841707229614
244,train,0.59324049949646
244,train,0.642426609992981
244,train,0.7673447728157043
244,train,0.6643092036247253
245,train,0.6796950697898865
245,train,0.583565354347229
245,train,0.9335421919822693
245,train,0.825960099697113
245,train,0.9849293828010559
245,train,0.7593501806259155
245,train,0.6062899231910706
245,train,0.5957283973693848
245,train,0.8497874140739441
245,train,0.9229327440261841
245,train,0.5774350762367249
245,train,0.7407512068748474
245,train,0.6522064805030823
245,train,0.5975043773651123
245,train,0.6852655410766602
245,train,0.6177113652229309
245,train,0.8606323599815369
245,train,0.6160159111022949
245,train,0.8939959406852722
245,train,0.6051474809646606
246,train,0.7192894220352173
246,train,0.8323229551315308
246,train,0.5824399590492249
246,train,0.6743339896202087
246,train,1.0538012981414795
246,train,0.5751133561134338
246,train,0.6247527003288269
246,train,0.5963539481163025
246,train,0.6325893402099609
246,train,0.9220651984214783
246,train,0.6906207799911499
246,train,0.8531659841537476
246,train,0.832108736038208
246,train,0.7656909823417664
246,train,0.6666349768638611
246,train,0.7699184417724609
246,train,0.5672878623008728
246,train,0.5761443972587585
246,train,0.6438775658607483
246,train,0.9874170422554016
247,train,0.5887849926948547
247,train,0.8223654627799988
247,train,0.6081477999687195
247,train,0.7083415985107422
247,train,0.6995701789855957
247,train,0.8413960933685303
247,train,0.8255385160446167
247,train,0.5860012173652649
247,train,0.6421042680740356
247,train,0.8675835132598877
247,train,0.639367938041687
247,train,0.6872214078903198
247,train,0.59768146276474
247,train,0.583202064037323
247,train,0.812543511390686
247,train,0.7558197379112244
247,train,0.5884062051773071
247,train,0.7693126201629639
247,train,0.9937134981155396
247,train,0.8985467553138733
248,train,0.6291759610176086
248,train,0.6124882698059082
248,train,0.5780964493751526
248,train,0.648086667060852
248,train,0.8856706619262695
248,train,0.7418421506881714
248,train,0.6873952746391296
248,train,0.7850942015647888
248,train,0.5397123098373413
248,train,0.7843128442764282
248,train,0.7653902769088745
248,train,0.613969087600708
248,train,0.7727353572845459
248,train,0.9909359812736511
248,train,0.6402472257614136
248,train,0.5939221382141113
248,train,0.7671670317649841
248,train,0.7748593091964722
248,train,0.7729631662368774
248,train,0.6494482755661011
249,train,0.5765865445137024
249,train,0.9242409467697144
249,train,0.6191601157188416
249,train,0.921149730682373
249,train,0.7317913770675659
249,train,0.6231004595756531
249,train,0.6685335040092468
249,train,0.5656344294548035
249,train,0.5881690382957458
249,train,0.9278010725975037
249,train,0.8962016701698303
249,train,0.8275683522224426
249,train,0.6349133253097534
249,train,0.5646138191223145
249,train,0.6802487969398499
249,train,0.5877968668937683
249,train,0.9106746912002563
249,train,0.7689205408096313
249,train,0.6183314323425293
249,train,0.6280899047851562
250,train,0.6775469779968262
250,train,0.5704237818717957
250,train,0.6237583756446838
250,train,0.6006162166595459
250,train,1.1960198879241943
250,train,1.0113624334335327
250,train,0.8845653533935547
250,train,0.7734615802764893
250,train,0.7792044281959534
250,train,0.6434988379478455
250,train,0.7710418701171875
250,train,0.5827513337135315
250,train,0.704150378704071
250,train,0.6681410670280457
250,train,0.9921475052833557
250,train,0.7285362482070923
250,train,0.6177229881286621
250,train,0.584113597869873
250,train,0.5870761275291443
250,train,0.6174816489219666
251,train,0.7319701910018921
251,train,0.8745496273040771
251,train,0.7530059218406677
251,train,0.7450979351997375
251,train,0.7004509568214417
251,train,0.8741113543510437
251,train,0.5527825951576233
251,train,0.8980444669723511
251,train,0.5685162544250488
251,train,0.7517157196998596
251,train,0.6718264222145081
251,train,0.6156986951828003
251,train,0.9093223214149475
251,train,0.7126585841178894
251,train,0.7377728223800659
251,train,0.7367261648178101
251,train,0.565782368183136
251,train,0.634027361869812
251,train,1.016787052154541
251,train,0.6734268665313721
252,train,0.6857460141181946
252,train,0.8038557767868042
252,train,0.6133783459663391
252,train,0.657169759273529
252,train,0.6636918187141418
252,train,0.897869348526001
252,train,0.866256594657898
252,train,0.7732134461402893
252,train,0.9158962965011597
252,train,0.9067702889442444
252,train,0.6092459559440613
252,train,0.7699788212776184
252,train,0.5529951453208923
252,train,0.5497525930404663
252,train,0.8904644250869751
252,train,0.5698241591453552
252,train,0.6331772208213806
252,train,0.569939374923706
252,train,0.622555673122406
252,train,0.6715261340141296
253,train,0.7524381279945374
253,train,0.7403451800346375
253,train,0.5417575836181641
253,train,0.6195353269577026
253,train,0.7758865356445312
253,train,0.7903093695640564
253,train,0.5739760398864746
253,train,0.8550547361373901
253,train,0.702785074710846
253,train,0.7120733857154846
253,train,0.6254234313964844
253,train,0.7897875905036926
253,train,0.5838984251022339
253,train,0.6048874258995056
253,train,1.0329163074493408
253,train,0.6949114203453064
253,train,0.7427666783332825
253,train,0.7718369960784912
253,train,0.855840265750885
253,train,0.5844678282737732
254,train,0.6205053925514221
254,train,0.639728307723999
254,train,0.6180235743522644
254,train,0.7550846934318542
254,train,0.6580293774604797
254,train,0.8221158981323242
254,train,0.5964366793632507
254,train,0.6096948981285095
254,train,0.649749219417572
254,train,1.0387989282608032
254,train,0.5680157542228699
254,train,0.7100781202316284
254,train,0.8766529560089111
254,train,0.5791524648666382
254,train,0.5866279006004333
254,train,1.0453370809555054
254,train,0.617645263671875
254,train,1.0610334873199463
254,train,0.8467984199523926
254,train,0.6320452094078064
255,train,0.7519047856330872
255,train,0.5721444487571716
255,train,0.6648213267326355
255,train,0.6577991843223572
255,train,0.8113285303115845
255,train,0.7882993221282959
255,train,0.7768328785896301
255,train,0.6910373568534851
255,train,0.733246922492981
255,train,0.8326442837715149
255,train,0.6508388519287109
255,train,0.638933002948761
255,train,0.8457939028739929
255,train,0.5878738760948181
255,train,0.7353460788726807
255,train,0.8506335020065308
255,train,0.9184139966964722
255,train,0.5591258406639099
255,train,0.6912267208099365
255,train,0.831061065196991
256,train,0.8093357086181641
256,train,0.6437976956367493
256,train,0.7213054895401001
256,train,0.8543806672096252
256,train,0.9354894161224365
256,train,0.7471283674240112
256,train,0.5892195105552673
256,train,0.5416308641433716
256,train,0.5480692386627197
256,train,0.599392831325531
256,train,0.7310912609100342
256,train,0.7354049682617188
256,train,0.9257386922836304
256,train,0.8054181337356567
256,train,0.7250005006790161
256,train,0.8277034163475037
256,train,0.8259599208831787
256,train,0.5412173271179199
256,train,0.5958168506622314
256,train,0.6742509007453918
257,train,0.7248578071594238
257,train,0.8756372332572937
257,train,0.78519606590271
257,train,0.7716382741928101
257,train,0.7692689895629883
257,train,0.5408205389976501
257,train,0.835824728012085
257,train,0.6710357666015625
257,train,0.5742296576499939
257,train,0.9268938302993774
257,train,0.6954213976860046
257,train,0.8183859586715698
257,train,0.7378060221672058
257,train,0.6103688478469849
257,train,0.6403775215148926
257,train,0.7127001881599426
257,train,0.6095085144042969
257,train,0.770200252532959
257,train,0.7069368958473206
257,train,0.63328617811203
258,train,0.6775364279747009
258,train,0.763164758682251
258,train,0.7029587030410767
258,train,0.9171069264411926
258,train,1.0037651062011719
258,train,0.6326584219932556
258,train,0.7908899784088135
258,train,0.719809889793396
258,train,0.601119339466095
258,train,0.8117097616195679
258,train,0.8169728517532349
258,train,0.676776647567749
258,train,0.7174237966537476
258,train,0.6532712578773499
258,train,0.6852006912231445
258,train,0.7477440237998962
258,train,0.6791559457778931
258,train,0.7929535508155823
258,train,0.6061636209487915
258,train,0.5953033566474915
259,train,0.7187594771385193
259,train,0.5964850783348083
259,train,0.7596994042396545
259,train,0.6096411347389221
259,train,0.8042560815811157
259,train,0.6410753130912781
259,train,0.8332852721214294
259,train,0.818875253200531
259,train,0.6496865749359131
259,train,0.9165180325508118
259,train,0.7879853844642639
259,train,0.633777379989624
259,train,0.725211501121521
259,train,0.6946204900741577
259,train,0.5852327346801758
259,train,0.5653790235519409
259,train,0.5780628323554993
259,train,0.7100493311882019
259,train,0.8611323237419128
259,train,0.89421546459198
260,train,0.6178106069564819
260,train,0.6590984463691711
260,train,0.9091777801513672
260,train,0.8321442008018494
260,train,0.6260565519332886
260,train,0.7642089128494263
260,train,0.7071181535720825
260,train,0.592742919921875
260,train,0.7647863626480103
260,train,0.6926610469818115
260,train,0.7006248831748962
260,train,0.7029488682746887
260,train,0.7051897048950195
260,train,0.6188749670982361
260,train,0.7087898850440979
260,train,0.7997367978096008
260,train,0.8371456861495972
260,train,0.8468726873397827
260,train,0.8798766732215881
260,train,0.5892619490623474
261,train,0.7071740031242371
261,train,0.6302971243858337
261,train,0.9666014313697815
261,train,0.7202615141868591
261,train,0.6479941606521606
261,train,0.7634379863739014
261,train,0.5781715512275696
261,train,0.7585211992263794
261,train,0.5996633768081665
261,train,0.792722225189209
261,train,0.6205629110336304
261,train,0.5751847624778748
261,train,0.5553038120269775
261,train,0.8760020136833191
261,train,0.6420091390609741
261,train,0.6043418645858765
261,train,0.5528296232223511
261,train,0.7460242509841919
261,train,0.797507107257843
261,train,0.6900421977043152
262,train,0.5944775342941284
262,train,0.6273446083068848
262,train,0.5830326080322266
262,train,0.7368952035903931
262,train,0.7482860684394836
262,train,0.933005690574646
262,train,0.6502199172973633
262,train,0.7606181502342224
262,train,0.8106377720832825
262,train,0.5967419743537903
262,train,0.5588468313217163
262,train,0.9995182752609253
262,train,0.7215380668640137
262,train,0.7500558495521545
262,train,0.5932282209396362
262,train,1.0415693521499634
262,train,0.7266392707824707
262,train,0.5530880689620972
262,train,0.703285276889801
262,train,0.5720675587654114
263,train,0.6438153982162476
263,train,0.6057776212692261
263,train,0.7681859135627747
263,train,0.7737831473350525
263,train,0.606805682182312
263,train,0.8651901483535767
263,train,0.6097343564033508
263,train,0.6778255105018616
263,train,0.8521465063095093
263,train,0.6636010408401489
263,train,0.5843185782432556
263,train,0.5820876955986023
263,train,0.8403089046478271
263,train,0.6005615592002869
263,train,0.7431106567382812
263,train,0.6480397582054138
263,train,0.5570237636566162
263,train,0.8397425413131714
263,train,0.6878938674926758
263,train,0.7937117218971252
264,train,0.9076859951019287
264,train,0.5237672328948975
264,train,0.6063178777694702
264,train,0.614037275314331
264,train,0.5613107085227966
264,train,0.8700708746910095
264,train,0.6390635371208191
264,train,0.9799415469169617
264,train,0.8263221383094788
264,train,0.8354763388633728
264,train,0.9215057492256165
264,train,0.6147637367248535
264,train,0.6099256873130798
264,train,0.6937788724899292
264,train,0.9272675514221191
264,train,0.9755770564079285
264,train,0.5736504197120667
264,train,0.6156662702560425
264,train,0.9382460117340088
264,train,0.8943911790847778
265,train,0.8330514430999756
265,train,0.7862665057182312
265,train,0.6195956468582153
265,train,0.9888813495635986
265,train,0.7747006416320801
265,train,0.6209901571273804
265,train,0.5649283528327942
265,train,0.7492097020149231
265,train,0.7923905849456787
265,train,0.8211016654968262
265,train,0.6483142971992493
265,train,0.6890760064125061
265,train,0.7464028596878052
265,train,0.6209279894828796
265,train,0.7300812602043152
265,train,0.8441993594169617
265,train,0.6898923516273499
265,train,0.8407452702522278
265,train,1.0512195825576782
265,train,0.7390555143356323
266,train,0.8515427112579346
266,train,0.7079552412033081
266,train,0.5721028447151184
266,train,0.5677456259727478
266,train,0.7537603974342346
266,train,0.8674893975257874
266,train,0.9971213340759277
266,train,0.8320940136909485
266,train,0.6075392961502075
266,train,0.7082899212837219
266,train,0.5652748942375183
266,train,0.9233632683753967
266,train,0.6936408877372742
266,train,0.5620165467262268
266,train,0.7817831635475159
266,train,0.6354655623435974
266,train,0.627699613571167
266,train,0.7885006666183472
266,train,0.5898308157920837
266,train,0.7828962206840515
267,train,0.7493497729301453
267,train,0.7964280247688293
267,train,0.8331766128540039
267,train,0.6031305193901062
267,train,0.754987895488739
267,train,0.8750234842300415
267,train,0.8501157760620117
267,train,0.9085466265678406
267,train,0.7076831459999084
267,train,0.7861404418945312
267,train,0.7941017150878906
267,train,0.6051725149154663
267,train,0.5677844882011414
267,train,0.6657111048698425
267,train,0.6029305458068848
267,train,0.8313480615615845
267,train,0.6036441326141357
267,train,0.5943196415901184
267,train,0.7129240036010742
267,train,0.6200491786003113
268,train,0.714181661605835
268,train,0.9656801819801331
268,train,1.0873892307281494
268,train,0.7001716494560242
268,train,0.7483568787574768
268,train,0.7173643708229065
268,train,0.5644004344940186
268,train,0.5716778635978699
268,train,0.5291278958320618
268,train,0.9839687943458557
268,train,0.7538291811943054
268,train,0.6028072834014893
268,train,0.6909711360931396
268,train,0.7105953097343445
268,train,0.6483851671218872
268,train,0.5675531625747681
268,train,0.7094787955284119
268,train,0.6483783721923828
268,train,0.8101388812065125
268,train,0.7772960066795349
269,train,0.6169523596763611
269,train,0.7618740797042847
269,train,0.8218749165534973
269,train,0.6676604151725769
269,train,0.8033208847045898
269,train,0.5709847211837769
269,train,0.6005110740661621
269,train,0.5734623074531555
269,train,0.7439970970153809
269,train,0.7343596816062927
269,train,0.6418902277946472
269,train,0.7739028334617615
269,train,0.7986631393432617
269,train,0.7092411518096924
269,train,0.8105648756027222
269,train,0.6123239994049072
269,train,0.9863945841789246
269,train,0.8993920087814331
269,train,0.7313305139541626
269,train,0.644338846206665
270,train,0.6190730333328247
270,train,0.6669370532035828
270,train,0.7873215079307556
270,train,0.6795212030410767
270,train,0.5589542388916016
270,train,0.6084756255149841
270,train,0.7631480693817139
270,train,0.9600262641906738
270,train,0.751388430595398
270,train,0.5859301090240479
270,train,0.7500370144844055
270,train,0.7876281142234802
270,train,0.800814688205719
270,train,0.7222567200660706
270,train,0.7732844352722168
270,train,0.6439422369003296
270,train,0.6036663055419922
270,train,0.6210968494415283
270,train,0.6523695588111877
270,train,0.798607587814331
271,train,0.9965505003929138
271,train,0.7011399269104004
271,train,0.5763978362083435
271,train,0.9038767218589783
271,train,0.7194032073020935
271,train,0.6687076687812805
271,train,0.6102060675621033
271,train,0.900568962097168
271,train,0.6670681834220886
271,train,0.5745078325271606
271,train,0.9636550545692444
271,train,0.6280955076217651
271,train,1.1085799932479858
271,train,0.8417041301727295
271,train,0.7791775465011597
271,train,0.5744116902351379
271,train,0.8282889127731323
271,train,0.7844645380973816
271,train,0.6905039548873901
271,train,0.7717900276184082
272,train,0.7514145374298096
272,train,0.7295926213264465
272,train,0.7703090310096741
272,train,0.6448612213134766
272,train,0.8121147155761719
272,train,0.6730758547782898
272,train,0.6384050250053406
272,train,0.5750647187232971
272,train,0.9224928617477417
272,train,0.611490786075592
272,train,0.6300860047340393
272,train,0.6868959069252014
272,train,0.7580488324165344
272,train,0.7211241126060486
272,train,0.7043235301971436
272,train,0.6553967595100403
272,train,0.9269447326660156
272,train,0.5566367506980896
272,train,0.7177258133888245
272,train,0.7256766557693481
273,train,0.9771321415901184
273,train,0.7732130289077759
273,train,0.5886308550834656
273,train,0.6690874695777893
273,train,0.7114746570587158
273,train,0.6106571555137634
273,train,0.9573171138763428
273,train,0.8510053157806396
273,train,0.7282957434654236
273,train,1.09071683883667
273,train,0.760352373123169
273,train,0.7618772387504578
273,train,0.8532537221908569
273,train,0.6086176633834839
273,train,0.5992863774299622
273,train,0.550226628780365
273,train,0.5477979183197021
273,train,0.8108791708946228
273,train,0.7246501445770264
273,train,0.8875985145568848
274,train,0.6740804314613342
274,train,0.8563783764839172
274,train,0.8264549374580383
274,train,0.7764339447021484
274,train,0.5983527898788452
274,train,0.7807862758636475
274,train,0.8199862837791443
274,train,0.7292957901954651
274,train,0.5443434119224548
274,train,0.5963111519813538
274,train,0.6032535433769226
274,train,0.6612259745597839
274,train,1.0342233180999756
274,train,0.5656700134277344
274,train,0.5205262303352356
274,train,0.9677124619483948
274,train,0.7919124960899353
274,train,0.597821056842804
274,train,0.7520939111709595
274,train,0.5993338823318481
275,train,0.7063432931900024
275,train,0.8642441630363464
275,train,0.6006049513816833
275,train,0.7642093896865845
275,train,0.6314509510993958
275,train,0.751815676689148
275,train,0.9604533314704895
275,train,0.6943491101264954
275,train,0.6400452852249146
275,train,0.7238778471946716
275,train,0.8845183849334717
275,train,0.5305873155593872
275,train,0.547373354434967
275,train,0.5442125797271729
275,train,0.867690920829773
275,train,0.7640131711959839
275,train,0.8009077310562134
275,train,0.7223718762397766
275,train,0.6576815843582153
275,train,0.9303833246231079
276,train,0.6993821859359741
276,train,1.1971850395202637
276,train,0.5661584138870239
276,train,0.6905386447906494
276,train,0.678193986415863
276,train,0.6909133791923523
276,train,0.7890424132347107
276,train,0.8868346810340881
276,train,1.0263922214508057
276,train,0.6340989470481873
276,train,0.5304715633392334
276,train,0.684766411781311
276,train,0.5818190574645996
276,train,0.5630915760993958
276,train,0.7104194164276123
276,train,0.772009551525116
276,train,0.5264833569526672
276,train,0.5704150199890137
276,train,0.8504120707511902
276,train,0.866062343120575
277,train,0.5561841130256653
277,train,0.6502200365066528
277,train,0.8118292093276978
277,train,0.8684840202331543
277,train,0.6577706336975098
277,train,0.7383240461349487
277,train,0.6886557936668396
277,train,1.0477662086486816
277,train,0.6762453317642212
277,train,0.596289873123169
277,train,0.6812045574188232
277,train,0.6614977121353149
277,train,0.6159985065460205
277,train,0.5968374013900757
277,train,0.7306414842605591
277,train,0.7594909071922302
277,train,0.9896886348724365
277,train,0.6314437389373779
277,train,0.6437154412269592
277,train,0.6780707240104675
278,train,0.9394141435623169
278,train,0.5527981519699097
278,train,0.7840152382850647
278,train,0.738621711730957
278,train,0.566227376461029
278,train,0.7288433909416199
278,train,0.6046643257141113
278,train,0.909538209438324
278,train,0.8423764705657959
278,train,0.6904940009117126
278,train,0.769648015499115
278,train,0.8421246409416199
278,train,0.7899280786514282
278,train,0.6631987690925598
278,train,0.8085767030715942
278,train,0.902836799621582
278,train,0.9113824963569641
278,train,0.8979220390319824
278,train,1.0006375312805176
278,train,0.7180887460708618
279,train,0.6935147643089294
279,train,0.8008430004119873
279,train,0.8670023083686829
279,train,0.70352703332901
279,train,0.9238057732582092
279,train,0.6094859838485718
279,train,0.8822697401046753
279,train,0.5643314719200134
279,train,0.7301676869392395
279,train,0.9022241830825806
279,train,0.7998243570327759
279,train,0.7203275561332703
279,train,0.5931494832038879
279,train,0.6595203876495361
279,train,0.8846750855445862
279,train,0.7012558579444885
279,train,0.6644513010978699
279,train,0.7000305652618408
279,train,0.9465668797492981
279,train,0.9992339611053467
280,train,0.7835774421691895
280,train,0.7314321994781494
280,train,0.6257697343826294
280,train,0.662861704826355
280,train,0.7660697102546692
280,train,0.6309506893157959
280,train,0.7639148831367493
280,train,0.7547584176063538
280,train,0.6787914633750916
280,train,0.5297359228134155
280,train,0.7159715294837952
280,train,0.6367637515068054
280,train,0.812181293964386
280,train,0.5456469655036926
280,train,0.7635172605514526
280,train,0.704104483127594
280,train,0.8025734424591064
280,train,0.5809808373451233
280,train,0.9160007834434509
280,train,0.8332058787345886
281,train,0.5948601365089417
281,train,0.6479900479316711
281,train,0.8267046213150024
281,train,0.6808739900588989
281,train,0.7456387281417847
281,train,0.627358615398407
281,train,0.7807748913764954
281,train,0.705590009689331
281,train,0.7056230306625366
281,train,0.5883072018623352
281,train,0.5904694199562073
281,train,0.783096969127655
281,train,0.7740501165390015
281,train,0.5852807760238647
281,train,0.5783218741416931
281,train,0.614286482334137
281,train,0.6873359084129333
281,train,0.6995171904563904
281,train,0.597432017326355
281,train,0.6331378221511841
282,train,0.8337306976318359
282,train,0.8409370183944702
282,train,0.637808620929718
282,train,0.9852166771888733
282,train,0.5865703225135803
282,train,0.7498568892478943
282,train,0.6965724229812622
282,train,0.8501284122467041
282,train,0.6683819890022278
282,train,0.8821569681167603
282,train,0.6297346949577332
282,train,0.8461019992828369
282,train,0.9320187568664551
282,train,0.9288070201873779
282,train,0.7253551483154297
282,train,0.5359266400337219
282,train,0.6291413903236389
282,train,0.9119799137115479
282,train,0.6677855253219604
282,train,0.6025052666664124
283,train,0.6540443897247314
283,train,0.6161247491836548
283,train,0.6578277945518494
283,train,0.6994633078575134
283,train,0.7273707389831543
283,train,0.7418504357337952
283,train,0.6027752757072449
283,train,0.5752040147781372
283,train,0.583288311958313
283,train,0.5396975874900818
283,train,0.6456096172332764
283,train,0.5822737216949463
283,train,0.7484673857688904
283,train,0.7989353537559509
283,train,0.5411751866340637
283,train,0.806994616985321
283,train,0.5338194370269775
283,train,0.7377554178237915
283,train,0.7978830337524414
283,train,0.5455778241157532
284,train,0.6918254494667053
284,train,0.7540207505226135
284,train,0.6274355053901672
284,train,0.7013523578643799
284,train,0.9614880681037903
284,train,0.7712942361831665
284,train,0.7398654818534851
284,train,0.6013810038566589
284,train,0.6760535836219788
284,train,0.6227555274963379
284,train,0.6885803937911987
284,train,0.7192583680152893
284,train,0.7484235763549805
284,train,0.7727576494216919
284,train,0.6911436915397644
284,train,0.5700148344039917
284,train,0.7993849515914917
284,train,1.0179585218429565
284,train,0.7543584704399109
284,train,0.8624427318572998
285,train,0.7997445464134216
285,train,0.7425283789634705
285,train,0.7786340117454529
285,train,0.5635735988616943
285,train,0.7792817950248718
285,train,0.8334689140319824
285,train,0.7856773138046265
285,train,0.5896993279457092
285,train,0.6364361047744751
285,train,0.7390455603599548
285,train,0.6050658822059631
285,train,0.6405030488967896
285,train,0.8939019441604614
285,train,0.5531554222106934
285,train,0.7392748594284058
285,train,0.5894205570220947
285,train,0.5978830456733704
285,train,0.8098703622817993
285,train,0.5966541171073914
285,train,0.5917476415634155
286,train,0.8097975850105286
286,train,0.5390265583992004
286,train,0.7857445478439331
286,train,0.6245979070663452
286,train,0.6308121681213379
286,train,0.7194084525108337
286,train,0.781436026096344
286,train,0.6127949953079224
286,train,1.0465787649154663
286,train,0.6496602892875671
286,train,0.5408309102058411
286,train,0.6757736802101135
286,train,0.7486802935600281
286,train,0.9195539951324463
286,train,0.6037294864654541
286,train,0.6071807146072388
286,train,0.6197662353515625
286,train,0.9127169847488403
286,train,0.7455937266349792
286,train,0.7128055691719055
287,train,0.587979257106781
287,train,0.5944180488586426
287,train,0.7260898947715759
287,train,0.6281200647354126
287,train,1.0824222564697266
287,train,0.8994662761688232
287,train,0.6139888167381287
287,train,0.7587979435920715
287,train,0.7872560024261475
287,train,0.920189380645752
287,train,0.8430708646774292
287,train,0.8739528059959412
287,train,0.8725813627243042
287,train,0.5326772928237915
287,train,0.8541183471679688
287,train,0.7251157164573669
287,train,0.6173571348190308
287,train,0.6824150085449219
287,train,0.6334945559501648
287,train,0.853589653968811
288,train,0.6632753014564514
288,train,0.7120622992515564
288,train,0.7150595784187317
288,train,0.6530731320381165
288,train,0.6032285690307617
288,train,0.6242020726203918
288,train,0.8239870667457581
288,train,0.7433565855026245
288,train,0.8826748132705688
288,train,0.6663900017738342
288,train,0.840661883354187
288,train,0.829595685005188
288,train,0.7200912237167358
288,train,0.5847790837287903
288,train,0.7045301795005798
288,train,0.782025158405304
288,train,0.5375943183898926
288,train,0.9414441585540771
288,train,0.862540066242218
288,train,0.673155665397644
289,train,0.6451258063316345
289,train,0.588830292224884
289,train,0.5524239540100098
289,train,0.6042459607124329
289,train,0.5409948825836182
289,train,0.6618362069129944
289,train,0.6337171792984009
289,train,1.0125576257705688
289,train,0.9222353100776672
289,train,0.6343711614608765
289,train,0.6824344396591187
289,train,0.7466320991516113
289,train,0.6019570827484131
289,train,0.7409543991088867
289,train,0.8538655638694763
289,train,0.7239874005317688
289,train,0.6044878959655762
289,train,0.7228838801383972
289,train,0.6988087892532349
289,train,0.7542504072189331
290,train,0.6806440949440002
290,train,0.6432222723960876
290,train,0.5456752181053162
290,train,0.640961766242981
290,train,0.7596302032470703
290,train,0.6897826194763184
290,train,0.6481562852859497
290,train,0.6958914399147034
290,train,0.7873443961143494
290,train,0.6262763738632202
290,train,0.7395994067192078
290,train,0.6222580671310425
290,train,0.7966793179512024
290,train,0.6771369576454163
290,train,0.7977725267410278
290,train,0.7378045916557312
290,train,0.8080986738204956
290,train,0.671987771987915
290,train,0.6960652470588684
290,train,0.6782959699630737
291,train,0.7616876363754272
291,train,0.9573976993560791
291,train,0.6203813552856445
291,train,0.6703775525093079
291,train,0.852522611618042
291,train,0.6200374960899353
291,train,0.6516352891921997
291,train,0.6071548461914062
291,train,0.9759271740913391
291,train,0.7890923023223877
291,train,0.7791616916656494
291,train,0.5821694731712341
291,train,0.7391692996025085
291,train,0.7407280802726746
291,train,0.7017924785614014
291,train,0.7688143253326416
291,train,0.7842114567756653
291,train,0.4994499087333679
291,train,0.615733802318573
291,train,0.8818699717521667
292,train,0.7251758575439453
292,train,0.8688241839408875
292,train,0.7153705358505249
292,train,0.8439517021179199
292,train,0.6201531291007996
292,train,0.7380483746528625
292,train,0.7235307097434998
292,train,0.8984901309013367
292,train,0.7463130950927734
292,train,0.843586266040802
292,train,0.5453622341156006
292,train,0.694145679473877
292,train,0.6113187670707703
292,train,0.6952962279319763
292,train,0.7689422369003296
292,train,0.681004524230957
292,train,0.9158661961555481
292,train,0.7603009939193726
292,train,0.6760855317115784
292,train,0.6214024424552917
293,train,0.6073545217514038
293,train,0.7699494957923889
293,train,0.5844225883483887
293,train,0.9295303821563721
293,train,0.7760993242263794
293,train,0.6141734719276428
293,train,0.7028427720069885
293,train,0.7232470512390137
293,train,0.6060288548469543
293,train,0.7985918521881104
293,train,0.643761396408081
293,train,0.7346419095993042
293,train,0.7906038165092468
293,train,0.588066816329956
293,train,0.7880811095237732
293,train,0.9569940567016602
293,train,0.7170946002006531
293,train,0.7207468748092651
293,train,0.6495083570480347
293,train,0.6875912547111511
294,train,0.6529845595359802
294,train,0.8005445003509521
294,train,0.8646166920661926
294,train,0.573680579662323
294,train,0.9374024271965027
294,train,0.8473174571990967
294,train,0.962163507938385
294,train,0.7289635539054871
294,train,0.5661619305610657
294,train,0.5595134496688843
294,train,0.9877499938011169
294,train,0.6327182054519653
294,train,0.9756831526756287
294,train,0.9195916056632996
294,train,0.7032897472381592
294,train,0.6083261370658875
294,train,0.7570925951004028
294,train,0.7547259330749512
294,train,0.6051529049873352
294,train,0.5534785985946655
295,train,0.7011480927467346
295,train,0.5296207666397095
295,train,0.7612985372543335
295,train,0.7913963198661804
295,train,0.9827184677124023
295,train,0.7732207775115967
295,train,0.7945564985275269
295,train,0.7387750148773193
295,train,0.6623853445053101
295,train,0.6841623783111572
295,train,0.5781347155570984
295,train,0.5565680861473083
295,train,0.5840679407119751
295,train,0.834661066532135
295,train,0.8050439357757568
295,train,0.6555208563804626
295,train,0.7276651859283447
295,train,0.6485360860824585
295,train,0.8500067591667175
295,train,0.6597368717193604
296,train,0.7150736451148987
296,train,0.5825072526931763
296,train,0.5670735239982605
296,train,0.5936546921730042
296,train,0.6099456548690796
296,train,0.7061969637870789
296,train,0.719068706035614
296,train,0.6730579137802124
296,train,0.6531327366828918
296,train,0.6483204960823059
296,train,0.5662409067153931
296,train,0.6219733953475952
296,train,0.5455334782600403
296,train,0.6489552855491638
296,train,0.5824227333068848
296,train,0.7417778968811035
296,train,0.9693019986152649
296,train,0.6139654517173767
296,train,0.8471307754516602
296,train,0.5602385997772217
297,train,0.7192701101303101
297,train,0.6094105243682861
297,train,0.5857496857643127
297,train,0.5733851790428162
297,train,0.6977694630622864
297,train,0.7966382503509521
297,train,0.6778129935264587
297,train,0.6130815744400024
297,train,0.6331049203872681
297,train,0.7017555236816406
297,train,0.5798510313034058
297,train,0.6503424644470215
297,train,0.5928722023963928
297,train,1.0021034479141235
297,train,0.5994230508804321
297,train,0.710096001625061
297,train,0.6140390634536743
297,train,0.7329591512680054
297,train,0.6910080909729004
297,train,0.7044330835342407
298,train,0.5128217339515686
298,train,0.649653971195221
298,train,0.7562767267227173
298,train,0.7986211180686951
298,train,0.5380166172981262
298,train,0.7561116814613342
298,train,0.7256754040718079
298,train,0.7911562323570251
298,train,0.7677368521690369
298,train,0.6417102217674255
298,train,0.8357384204864502
298,train,0.6084564924240112
298,train,0.5744803547859192
298,train,0.8834699392318726
298,train,0.7723691463470459
298,train,0.6502267122268677
298,train,0.6490185260772705
298,train,0.718483030796051
298,train,0.6019898056983948
298,train,0.6896488666534424
299,train,1.0543628931045532
299,train,0.7148018479347229
299,train,0.905000627040863
299,train,0.6295719146728516
299,train,0.7575284242630005
299,train,0.9317643046379089
299,train,0.7228277325630188
299,train,0.7800495028495789
299,train,0.799030601978302
299,train,0.6620866656303406
299,train,0.8347049355506897
299,train,0.7989374399185181
299,train,0.7071264386177063
299,train,0.8661407828330994
299,train,0.9862919449806213
299,train,0.7917832732200623
299,train,0.5672453045845032
299,train,0.7923977375030518
299,train,0.6252062916755676
299,train,0.9293854236602783
0,valid,2.7704477310180664
1,valid,2.2965657711029053
2,valid,1.6865724325180054
3,valid,1.4634207487106323
4,valid,1.4357383251190186
5,valid,1.2669776678085327
6,valid,1.2327861785888672
7,valid,1.2516283988952637
8,valid,1.161148190498352
9,valid,1.2096052169799805
10,valid,1.1508861780166626
11,valid,1.0987281799316406
12,valid,1.146227478981018
13,valid,1.0971416234970093
14,valid,1.16981840133667
15,valid,1.1459321975708008
16,valid,1.0916446447372437
17,valid,1.2159267663955688
18,valid,1.0797905921936035
19,valid,1.1191017627716064
20,valid,1.0595574378967285
21,valid,1.0322576761245728
22,valid,1.0985296964645386
23,valid,1.0723023414611816
24,valid,1.0606162548065186
25,valid,1.0507533550262451
26,valid,1.0281600952148438
27,valid,1.0177617073059082
28,valid,1.0600630044937134
29,valid,0.9966545104980469
30,valid,1.0577259063720703
31,valid,1.0033429861068726
32,valid,1.0472843647003174
33,valid,1.0485968589782715
34,valid,1.0278809070587158
35,valid,0.9980072975158691
36,valid,0.9883022308349609
37,valid,0.9771649837493896
38,valid,1.01785147190094
39,valid,0.9974811673164368
40,valid,0.997775137424469
41,valid,0.974896252155304
42,valid,0.9572271108627319
43,valid,0.994871973991394
44,valid,0.9704753160476685
45,valid,0.9506829977035522
46,valid,0.9609345197677612
47,valid,0.9916602969169617
48,valid,0.9963123798370361
49,valid,0.9205355048179626
50,valid,0.9844511151313782
51,valid,1.0012282133102417
52,valid,1.0203932523727417
53,valid,0.9185048937797546
54,valid,1.0146604776382446
55,valid,0.9723737835884094
56,valid,0.9459336996078491
57,valid,0.9196152687072754
58,valid,0.9914373755455017
59,valid,0.9250555634498596
60,valid,0.9612495303153992
61,valid,0.9963341355323792
62,valid,0.9629108905792236
63,valid,0.917768657207489
64,valid,0.9074901342391968
65,valid,0.9665533304214478
66,valid,0.9663755297660828
67,valid,0.9549619555473328
68,valid,0.9116235375404358
69,valid,0.9320706129074097
70,valid,0.9506717920303345
71,valid,0.9730064868927002
72,valid,0.9287212491035461
73,valid,0.9307928681373596
74,valid,0.9024227261543274
75,valid,0.9264006614685059
76,valid,0.9485429525375366
77,valid,0.900431215763092
78,valid,0.9603666067123413
79,valid,0.9231000542640686
80,valid,0.9544092416763306
81,valid,0.9195128679275513
82,valid,0.9010787010192871
83,valid,0.9394028186798096
84,valid,0.8965593576431274
85,valid,0.9796540141105652
86,valid,0.9070680141448975
87,valid,0.9334649443626404
88,valid,0.9305332899093628
89,valid,0.893808901309967
90,valid,0.8965046405792236
91,valid,0.9085804224014282
92,valid,0.9434368014335632
93,valid,0.9053042531013489
94,valid,0.9027360677719116
95,valid,0.8842253088951111
96,valid,0.9085891246795654
97,valid,0.9155712127685547
98,valid,0.8979249596595764
99,valid,0.8849098682403564
100,valid,0.885847270488739
101,valid,0.906477689743042
102,valid,0.9190630912780762
103,valid,0.9167404174804688
104,valid,0.8992859721183777
105,valid,0.9438111782073975
106,valid,0.9011043310165405
107,valid,0.8924598097801208
108,valid,0.90130215883255
109,valid,0.8969882726669312
110,valid,0.9248381853103638
111,valid,0.9040740132331848
112,valid,0.889771044254303
113,valid,0.8879978656768799
114,valid,0.9573536515235901
115,valid,0.9286901950836182
116,valid,0.9110040068626404
117,valid,0.8952609896659851
118,valid,0.886558473110199
119,valid,0.8835523724555969
120,valid,0.9507467746734619
121,valid,0.8847379088401794
122,valid,0.9129292368888855
123,valid,0.899721086025238
124,valid,0.9377616047859192
125,valid,0.8999831676483154
126,valid,0.9068930149078369
127,valid,0.8928541541099548
128,valid,0.8962288498878479
129,valid,0.9001347422599792
130,valid,0.8870603442192078
131,valid,0.8924094438552856
132,valid,0.8927690982818604
133,valid,0.9178600907325745
134,valid,0.8952020406723022
135,valid,0.9176599979400635
136,valid,0.884382963180542
137,valid,0.8833786249160767
138,valid,0.8861399292945862
139,valid,0.8768470287322998
140,valid,0.8887571692466736
141,valid,0.9965003728866577
142,valid,0.9232789874076843
143,valid,0.8718615174293518
144,valid,0.8744757175445557
145,valid,0.9073683023452759
146,valid,0.8708369731903076
147,valid,0.8756847381591797
148,valid,0.8893974423408508
149,valid,0.9141102433204651
150,valid,0.9084252715110779
151,valid,0.8830214142799377
152,valid,0.880034863948822
153,valid,0.8803885579109192
154,valid,0.906239926815033
155,valid,0.880932092666626
156,valid,0.8768358826637268
157,valid,0.886231541633606
158,valid,0.9237484931945801
159,valid,0.9078718423843384
160,valid,0.8712254166603088
161,valid,0.8949286937713623
162,valid,0.9043377041816711
163,valid,0.8837476372718811
164,valid,0.9031867384910583
165,valid,0.8812000751495361
166,valid,0.899323582649231
167,valid,0.9064249992370605
168,valid,0.8864806294441223
169,valid,0.8816896080970764
170,valid,0.8805868029594421
171,valid,0.9108036756515503
172,valid,0.8739023804664612
173,valid,0.9434710741043091
174,valid,0.8852773308753967
175,valid,0.8927045464515686
176,valid,0.87319016456604
177,valid,0.9165084958076477
178,valid,0.9088044166564941
179,valid,0.886060893535614
180,valid,0.9112991094589233
181,valid,0.8937243819236755
182,valid,0.9482883214950562
183,valid,0.8863347768783569
184,valid,0.9034793376922607
185,valid,0.8682829141616821
186,valid,0.9101342558860779
187,valid,0.8894235491752625
188,valid,0.8855449557304382
189,valid,0.8819504380226135
190,valid,0.9052758812904358
191,valid,0.8837022185325623
192,valid,0.8827846646308899
193,valid,0.8760026693344116
194,valid,0.9021060466766357
195,valid,0.8810035586357117
196,valid,0.8938749432563782
197,valid,0.9438235759735107
198,valid,0.8817890286445618
199,valid,0.8951663374900818
200,valid,0.8792831897735596
201,valid,0.8983129262924194
202,valid,0.8765568733215332
203,valid,0.8718043565750122
204,valid,0.8905577659606934
205,valid,0.9040605425834656
206,valid,0.910423219203949
207,valid,0.8749286532402039
208,valid,0.8864083290100098
209,valid,0.8755347728729248
210,valid,0.904630720615387
211,valid,0.8826768398284912
212,valid,0.9293184876441956
213,valid,0.9043897390365601
214,valid,0.8644483685493469
215,valid,0.8785350322723389
216,valid,0.89736008644104
217,valid,0.8922054171562195
218,valid,0.8757991790771484
219,valid,0.8705164194107056
220,valid,0.9054815769195557
221,valid,0.8794808387756348
222,valid,0.8955865502357483
223,valid,0.8877949714660645
224,valid,0.9013972282409668
225,valid,0.8955774903297424
226,valid,0.8874436020851135
227,valid,0.8941298127174377
228,valid,0.8783776164054871
229,valid,0.8583139777183533
230,valid,0.8929086923599243
231,valid,0.8856940269470215
232,valid,0.8829271197319031
233,valid,0.8807726502418518
234,valid,0.8665407299995422
235,valid,0.868156909942627
236,valid,0.8929377794265747
237,valid,0.9067661166191101
238,valid,0.8852506279945374
239,valid,0.8656061291694641
240,valid,0.9228541851043701
241,valid,0.8788278698921204
242,valid,0.9046233892440796
243,valid,0.885455846786499
244,valid,0.8783128261566162
245,valid,0.8771458268165588
246,valid,0.8731294274330139
247,valid,0.873319149017334
248,valid,0.8906688094139099
249,valid,0.8966357707977295
250,valid,0.9012386202812195
251,valid,0.9045587778091431
252,valid,0.8700354695320129
253,valid,0.8740480542182922
254,valid,0.8896262645721436
255,valid,0.8893659114837646
256,valid,0.8739030957221985
257,valid,0.8945435881614685
258,valid,0.877631664276123
259,valid,0.901680588722229
260,valid,0.8652290105819702
261,valid,0.8860909342765808
262,valid,0.8749515414237976
263,valid,0.8788365721702576
264,valid,0.8793466687202454
265,valid,0.8766725659370422
266,valid,0.8951879739761353
267,valid,0.9002465009689331
268,valid,0.882809579372406
269,valid,0.8797733187675476
270,valid,0.8813886046409607
271,valid,0.8983328938484192
272,valid,0.8924000263214111
273,valid,0.8674744367599487
274,valid,0.9095491766929626
275,valid,0.890470027923584
276,valid,0.8738312721252441
277,valid,0.8548529744148254
278,valid,0.8903094530105591
279,valid,0.8502786755561829
280,valid,0.8830372095108032
281,valid,0.8648367524147034
282,valid,0.8792533874511719
283,valid,0.8742418885231018
284,valid,0.8774542212486267
285,valid,0.9081867933273315
286,valid,0.8937513828277588
287,valid,0.8527126312255859
288,valid,0.9180583357810974
289,valid,0.8479436635971069
290,valid,0.8942999243736267
291,valid,0.8766703009605408
292,valid,0.865192174911499
293,valid,0.8681092858314514
294,valid,0.8658820986747742
295,valid,0.8807724118232727
296,valid,0.8830195665359497
297,valid,0.865548849105835
298,valid,0.8917891979217529
299,valid,0.8743493556976318
